Hospital ID,Hospital,Year,Salaries,Employee Benefits,Salaries & Benefits,Supplies,Insurance,Professional Fees,Total Operating Expense,Total Operating Revenue,Net Patient Revenue,Other Operating Revenue,Operating Income,Net Income,Salaries & Benefits %,Insurance %,Supplies %,Professional Fees %,Salary YoY Growth,Insurance YoY Growth,Revenue YoY Growth
106010735,ALAMEDA HOSPITAL,2020,56600992,25201311,81802303,9759742,449540,5077484,135560400,242186847,242096990,89857,106626447,111363341,60.34,0.33,7.2,3.75,,,
106010735,ALAMEDA HOSPITAL,2021,58186061,17272555,75458616,9889497,642272,6990632,135628496,79235295,79167579,67716,-56393201,-56393201,55.64,0.47,7.29,5.15,-7.75,42.87,-67.28
106010735,ALAMEDA HOSPITAL,2022,59975668,16778471,76754139,12671026,695408,13315850,144625377,193571666,193528606,43060,48946289,54318642,53.07,0.48,8.76,9.21,1.72,8.27,144.3
106010735,ALAMEDA HOSPITAL,2023,62237904,18857024,81094928,13592926,600458,19447090,172964951,107570613,106446307,1124306,-65394338,-60105181,46.89,0.35,7.86,11.24,5.66,-13.65,-44.43
106010735,ALAMEDA HOSPITAL,2024,72023249,21606704,93629953,12980490,993430,9611772,170961094,116471598,116331804,139794,-54489496,-49049666,54.77,0.58,7.59,5.62,15.46,65.45,8.27
106010739,ALTA BATES SUMMIT MEDICAL CENTER - ALTA BATES CAMPUS,2020,189512502,102871907,292384409,77748952,4437634,6959947,648497305,646610087,591684670,54925417,-1887218,5883639,45.09,0.68,11.99,1.07,,,
106010739,ALTA BATES SUMMIT MEDICAL CENTER - ALTA BATES CAMPUS,2021,186834071,95405620,282239691,81958809,4454461,13455942,647879378,622365534,618777612,3587922,-25513844,18948458,43.56,0.69,12.65,2.08,-3.47,0.38,-3.75
106010739,ALTA BATES SUMMIT MEDICAL CENTER - ALTA BATES CAMPUS,2022,185002862,83739426,268742288,91091979,4352678,49726322,687711207,630122281,627799965,2322316,-57588926,-39617202,39.08,0.63,13.25,7.23,-4.78,-2.28,1.25
106010739,ALTA BATES SUMMIT MEDICAL CENTER - ALTA BATES CAMPUS,2023,210037836,93802173,303840009,102889200,4267867,25181274,740937036,721487458,717325350,4162108,-19449578,32274338,41.01,0.58,13.89,3.4,13.06,-1.95,14.5
106010739,ALTA BATES SUMMIT MEDICAL CENTER - ALTA BATES CAMPUS,2024,237125799,101625342,338751141,121186469,3915297,9494500,799988209,771524186,764442425,7081761,-28464023,5471817,42.34,0.49,15.15,1.19,11.49,-8.26,6.94
106010776,UCSF BENIOFF CHILDREN'S HOSPITAL OAKLAND,2020,267843323,114165209,382008532,68347978,3132848,19243996,669334831,638155332,570525179,67630153,-31179499,-8239158,57.07,0.47,10.21,2.88,,,
106010776,UCSF BENIOFF CHILDREN'S HOSPITAL OAKLAND,2021,265281700,104622212,369903912,59724292,2804870,13076095,618924066,622058911,559523955,62534956,3134845,18344266,59.77,0.45,9.65,2.11,-3.17,-10.47,-2.52
106010776,UCSF BENIOFF CHILDREN'S HOSPITAL OAKLAND,2022,280112703,120595430,400708133,66396822,3287220,18184788,674533437,687068136,641438671,45629465,12534699,28865058,59.41,0.49,9.84,2.7,8.33,17.2,10.45
106010776,UCSF BENIOFF CHILDREN'S HOSPITAL OAKLAND,2023,308703903,123535222,432239125,71288703,3077933,30090049,736788318,722890825,688155872,34734953,-13897493,7507297,58.67,0.42,9.68,4.08,7.87,-6.37,5.21
106010776,UCSF BENIOFF CHILDREN'S HOSPITAL OAKLAND,2024,321666164,123223502,444889666,83660532,4308737,42735890,805244135,863714094,820672959,43041135,58469959,96837082,55.25,0.54,10.39,5.31,2.93,39.99,19.48
106010846,HIGHLAND HOSPITAL,2020,373937900,168431916,542369816,71258157,3435669,28948497,932885896,603370321,402840368,200529953,-329515575,-328603225,58.14,0.37,7.64,3.1,,,
106010846,HIGHLAND HOSPITAL,2021,432167019,136171359,568338378,79914417,4574986,27986426,981368761,1362787341,1324996647,37790694,381418580,381418580,57.91,0.47,8.14,2.85,4.79,33.16,125.86
106010846,HIGHLAND HOSPITAL,2022,459617179,141533042,601150221,93155144,4921942,43164632,1022845626,746102333,701980348,44121985,-276743293,155387710,58.77,0.48,9.11,4.22,5.77,7.58,-45.25
106010846,HIGHLAND HOSPITAL,2023,510397163,162383391,672780554,109991844,4284405,60496284,1241328892,735520300,691516380,44003920,-505808592,83284279,54.2,0.35,8.86,4.87,11.92,-12.95,-1.42
106010846,HIGHLAND HOSPITAL,2024,535970507,173715818,709686325,118951681,7461894,40739234,1242596903,719938130,665839950,54098180,-522658773,10689141,57.11,0.6,9.57,3.28,5.49,74.16,-2.12
106010887,KINDRED HOSPITAL - SAN FRANCISCO BAY AREA,2020,24933219,6377040,31310259,5374266,633015,162252,62463922,54082840,53884503,198337,-8381082,-8330353,50.13,1.01,8.6,0.26,,,
106010887,KINDRED HOSPITAL - SAN FRANCISCO BAY AREA,2021,28946707,6912436,35859143,5605508,585410,3852723,72151743,66947851,66679136,268715,-5203892,-5117632,49.7,0.81,7.77,5.34,14.53,-7.52,23.79
106010887,KINDRED HOSPITAL - SAN FRANCISCO BAY AREA,2022,26601145,6237267,32838412,4670536,519543,3089615,66713469,53498186,53306742,191444,-13215283,-13131731,49.22,0.78,7.0,4.63,-8.42,-11.25,-20.09
106010887,KINDRED HOSPITAL - SAN FRANCISCO BAY AREA,2023,26708522,5853127,32561649,4334312,1097415,7499615,68354149,55563955,55398923,165032,-12790194,-12617711,47.64,1.61,6.34,10.97,-0.84,111.23,3.86
106010887,KINDRED HOSPITAL - SAN FRANCISCO BAY AREA,2024,32805227,6794426,39599653,4433703,746560,2681795,68278938,66556797,66185559,371238,-1722141,-1617471,58.0,1.09,6.49,3.93,21.61,-31.97,19.78
106010937,ALTA BATES SUMMIT MEDICAL CENTER - SUMMIT HAWTHORNE,2020,211075882,97416567,308492449,83102245,1885993,11369532,602169590,524679689,438660804,86018885,-77489901,4404794,51.23,0.31,13.8,1.89,,,
106010937,ALTA BATES SUMMIT MEDICAL CENTER - SUMMIT HAWTHORNE,2021,210495393,88092319,298587712,90459955,1877939,17298683,601085325,587694295,496694044,91000251,-13391030,50743688,49.67,0.31,15.05,2.88,-3.21,-0.43,12.01
106010937,ALTA BATES SUMMIT MEDICAL CENTER - SUMMIT HAWTHORNE,2022,169099047,71764624,240863671,93977418,1798816,39208236,535965669,528529083,513935667,14593416,-7436586,-13758162,44.94,0.34,17.53,7.32,-19.33,-4.21,-10.07
106010937,ALTA BATES SUMMIT MEDICAL CENTER - SUMMIT HAWTHORNE,2023,186182302,81242375,267424677,98048082,1847014,25495368,594199927,568661914,536223218,32438696,-25538013,7961596,45.01,0.31,16.5,4.29,11.03,2.68,7.59
106010937,ALTA BATES SUMMIT MEDICAL CENTER,2024,212308183,88778167,301086350,112886890,1656030,10107186,637946253,600405820,593502188,6903632,-37540433,-18510943,47.2,0.26,17.7,1.58,12.59,-10.34,5.58
106010967,ST. ROSE HOSPITAL,2020,60971502,14289328,75260830,10968326,500000,1812178,126395960,121014493,100655824,20358669,-5381467,-3663353,59.54,0.4,8.68,1.43,,,
106010967,ST. ROSE HOSPITAL,2021,55352613,20422291,75774904,12301815,500000,1732793,124726117,116580296,102697874,13882422,-8145821,-6091598,60.75,0.4,9.86,1.39,0.68,0.0,-3.66
106010967,ST. ROSE HOSPITAL,2022,55847277,21386053,77233330,12109185,450000,2801110,126551085,118276234,105219764,13056470,-8274851,-6095248,61.03,0.36,9.57,2.21,1.92,-10.0,1.45
106010967,ST. ROSE HOSPITAL,2023,56725523,22400110,79125633,12258199,450000,4167094,129932685,117431338,96705913,20725425,-12501347,-10554157,60.9,0.35,9.43,3.21,2.45,0.0,-0.71
106010967,ST. ROSE HOSPITAL,2024,60151963,22124325,82276288,10521395,450000,4155400,141896039,133167937,111592015,21575922,-8728102,-5829963,57.98,0.32,7.41,2.93,3.98,0.0,13.4
106010987,WASHINGTON HOSPITAL - FREMONT,2020,179774759,102771458,282546217,57648095,1230241,9708649,489857058,485435503,448259782,37175721,-4421555,25023178,57.68,0.25,11.77,1.98,,,
106010987,WASHINGTON HOSPITAL - FREMONT,2021,189614219,98138723,287752942,63233526,1308510,7519123,502806325,473634768,465069876,8564892,-29171557,-7660432,57.23,0.26,12.58,1.5,1.84,6.36,-2.43
106010987,WASHINGTON HOSPITAL - FREMONT,2022,203442203,88059933,291502136,69932712,1697414,12363432,517728664,524663870,516119636,8544234,6935206,19797256,56.3,0.33,13.51,2.39,1.3,29.72,10.77
106010987,WASHINGTON HOSPITAL - FREMONT,2023,219728900,126893637,346622537,70493944,2251314,18879267,585069406,551850861,533049142,18801719,-33218545,-8772789,59.24,0.38,12.05,3.23,18.91,32.63,5.18
106010987,WASHINGTON HOSPITAL - FREMONT,2024,272437713,70056897,342494610,75275148,2469909,7191361,581792069,556173390,544625966,11547424,-25618679,19273960,58.87,0.42,12.94,1.24,-1.19,9.71,0.78
106013687,MERRITT PERALTA INSTITUTE CDRH,2020,2528606,923407,3452013,656842,18617,1554,5971773,9238562,9237598,964,3266789,3266789,57.81,0.31,11.0,0.03,,,
106013687,MERRITT PERALTA INSTITUTE CDRH,2021,2470552,780293,3250845,557263,14769,5477,5497131,11183855,11183797,58,5686724,5686724,59.14,0.27,10.14,0.1,-5.83,-20.67,21.06
106013687,MERRITT PERALTA INSTITUTE CDRH,2022,2631818,788261,3420079,583793,15060,198322,5730022,11174755,11174755,0,5444733,5444963,59.69,0.26,10.19,3.46,5.21,1.97,-0.08
106013687,MERRITT PERALTA INSTITUTE CDRH,2023,2610561,900953,3511514,499664,15463,791,5931548,9489634,9489634,0,3558086,3561794,59.2,0.26,8.42,0.01,2.67,2.68,-15.08
106013687,MERRITT PERALTA INSTITUTE CDRH,2024,2897148,1013352,3910500,440957,8830,599,5681037,5386252,5386252,0,-294785,-294575,68.83,0.16,7.76,0.01,11.36,-42.9,-43.24
106014034,FREMONT HOSPITAL,2020,23839726,3430830,27270556,2137405,379886,0,41718040,62002066,61189918,812148,20284026,21130530,65.37,0.91,5.12,0.0,,,
106014034,FREMONT HOSPITAL,2021,25441421,4301127,29742548,2058763,566717,0,44407263,63311508,63307559,3949,18904245,19399021,66.98,1.28,4.64,0.0,9.06,49.18,2.11
106014034,FREMONT HOSPITAL,2022,29127030,4317198,33444228,2454099,523880,0,50219273,69060515,69060148,367,18841242,19456014,66.6,1.04,4.89,0.0,12.45,-7.56,9.08
106014034,FREMONT HOSPITAL,2023,32046271,4936586,36982857,2558733,636352,0,55570142,79862755,79507484,355271,24292613,25627476,66.55,1.15,4.6,0.0,10.58,21.47,15.64
106014034,FREMONT HOSPITAL,2024,31631694,4566227,36197921,2934408,857059,0,56616083,84927226,84926730,496,28311143,29477968,63.94,1.51,5.18,0.0,-2.12,34.68,6.34
106014050,VALLEYCARE MEDICAL CENTER,2020,108245305,51766926,160012231,40045511,1835404,9023322,315301422,313165503,295099310,18066193,-2135919,-1972000,50.75,0.58,12.7,2.86,,,
106014050,VALLEYCARE MEDICAL CENTER,2021,117703238,59850588,177553826,49520478,2321527,15041900,348984063,355142877,347183774,7959103,6158814,5577251,50.88,0.67,14.19,4.31,10.96,26.49,13.4
106014050,STANFORD HEALTH CARE TRI-VALLEY,2022,144704662,67807499,212512161,56708547,3217765,36690495,406915327,420212404,413718357,6494047,13297077,13378709,52.23,0.79,13.94,9.02,19.69,38.61,18.32
106014050,STANFORD HEALTH CARE TRI-VALLEY,2023,176884293,79979647,256863940,68238936,3314985,25414719,462795157,473664727,467587272,6077455,10869570,14058563,55.5,0.72,14.74,5.49,20.87,3.02,12.72
106014050,STANFORD HEALTH CARE TRI-VALLEY,2024,205137638,92024613,297162251,80698999,3874130,12561413,522462161,533104519,530590249,2514270,10642358,14330188,56.88,0.74,15.45,2.4,15.69,16.87,12.55
106014132,KAISER FOUNDATION HOSPITAL - FREMONT,2020,0,0,0,0,185816,0,0,0,0,0,0,0,,,,,,,
106014132,KAISER FOUNDATION HOSPITAL - FREMONT,2021,82931288,36010117,118941405,21772200,132069,6485642,303775024,310939942,283617930,27322012,7164918,7164779,39.15,0.04,7.17,2.14,,-28.92,
106014132,KAISER FOUNDATION HOSPITAL - FREMONT,2022,86190561,35832206,122022767,22802632,137950,12209889,316341077,329081667,296227128,32854539,12740590,12731096,38.57,0.04,7.21,3.86,2.59,4.45,5.83
106014132,KAISER FOUNDATION HOSPITAL - FREMONT,2023,90032098,30775715,120807813,22004064,278845,7274079,325019075,341450459,311856952,29593507,16431384,15971858,37.17,0.09,6.77,2.24,-1.0,102.13,3.76
106014132,KAISER FOUNDATION HOSPITAL - FREMONT,2024,97040789,35741207,132781996,23856680,128270,5370592,358249467,388617332,350424742,38192590,30367865,30351791,37.06,0.04,6.66,1.5,9.91,-54.0,13.81
106014207,TELECARE HERITAGE - PHF,2020,4373021,1227221,5600242,371968,89784,595147,10960035,11080139,11075332,4807,120104,120104,51.1,0.82,3.39,5.43,,,
106014207,TELECARE HERITAGE - PHF,2021,4511583,1336047,5847630,469619,87946,270991,10652257,11077970,11076232,1738,425713,425713,54.9,0.83,4.41,2.54,4.42,-2.05,-0.02
106014207,TELECARE HERITAGE - PHF,2022,3973574,1063549,5037123,514121,90972,285979,11109830,9854921,9853353,1568,-1254909,-1254909,45.34,0.82,4.63,2.57,-13.86,3.44,-11.04
106014207,TELECARE HERITAGE - PHF,2023,5357363,1393702,6751065,627851,93096,28800,12483957,12009116,12005734,3382,-474841,-474841,54.08,0.75,5.03,0.23,34.03,2.33,21.86
106014207,TELECARE HERITAGE - PHF,2024,6640224,1512584,8152808,520917,101738,40000,12614438,12512115,12511108,1007,-102323,-102323,64.63,0.81,4.13,0.32,20.76,9.28,4.19
106014226,TELECARE WILLOW ROCK CENTER - PHF,2020,2969095,916374,3885469,183006,51810,585647,7483965,7906263,7905919,344,422298,418889,51.92,0.69,2.45,7.83,,,
106014226,TELECARE WILLOW ROCK CENTER - PHF,2021,3022398,840855,3863253,186508,55466,797140,7250952,7775559,7774246,1313,524607,524607,53.28,0.76,2.57,10.99,-0.57,7.06,-1.65
106014226,TELECARE WILLOW ROCK CENTER - PHF,2022,2896409,806682,3703091,191562,55593,839570,7572821,7939873,7939527,346,367052,367052,48.9,0.73,2.53,11.09,-4.15,0.23,2.11
106014226,TELECARE WILLOW ROCK CENTER - PHF,2023,3255318,880873,4136191,214456,55175,835386,8004547,8591496,8591210,286,586949,586949,51.67,0.69,2.68,10.44,11.7,-0.75,8.21
106014226,TELECARE WILLOW ROCK CENTER - PHF,2024,3576639,1054184,4630823,227837,60838,840040,7634604,8152864,8152837,27,518260,518260,60.66,0.8,2.98,11.0,11.96,10.26,-5.11
106014233,EDEN MEDICAL CENTER,2020,118328043,59352709,177680752,32436242,1773179,4785588,337887461,348143806,330246238,17897568,10256345,12536648,52.59,0.52,9.6,1.42,,,
106014233,EDEN MEDICAL CENTER,2021,119661830,56067225,175729055,35401611,1996589,9025583,342786255,364731387,358846975,5884412,21945132,39753498,51.26,0.58,10.33,2.63,-1.1,12.6,4.76
106014233,EDEN MEDICAL CENTER,2022,121182133,51857518,173039651,37804727,1946992,24625713,373914499,401135101,389793634,11341467,27220602,23625574,46.28,0.52,10.11,6.59,-1.53,-2.48,9.98
106014233,EDEN MEDICAL CENTER,2023,132256302,56134023,188390325,39326357,1927127,21789238,407364051,416583278,406536980,10046298,9219227,31659340,46.25,0.47,9.65,5.35,8.87,-1.02,3.85
106014233,EDEN MEDICAL CENTER,2024,146703043,61092883,207795926,40222509,1743017,18533178,435600377,477795799,466938504,10857295,42195422,54164629,47.7,0.4,9.23,4.25,10.3,-9.55,14.69
106014326,KAISER FOUNDATION HOSPITAL - OAKLAND/RICHMOND,2020,0,0,0,0,1550121,0,0,0,0,0,0,0,,,,,,,
106014326,KAISER FOUNDATION HOSPITAL - OAKLAND/RICHMOND,2021,354992555,157520315,512512870,121559755,1828155,37329547,1276545958,1119187267,1005588127,113599140,-157358691,-157238629,40.15,0.14,9.52,2.92,,17.94,
106014326,KAISER FOUNDATION HOSPITAL - OAKLAND/RICHMOND,2022,366105458,157715208,523820666,117938013,2675704,51189239,1260651974,1229737465,1118718338,111019127,-30914509,-30947168,41.55,0.21,9.36,4.06,2.21,46.36,9.88
106014326,KAISER FOUNDATION HOSPITAL - OAKLAND/RICHMOND,2023,381571857,135050696,516622553,123291565,3578388,41630870,1296605960,1326504496,1209372675,117131821,29898536,29985650,39.84,0.28,9.51,3.21,-1.37,33.74,7.87
106014326,KAISER FOUNDATION HOSPITAL - OAKLAND/RICHMOND,2024,402244650,152132365,554377015,121328628,3040422,27289058,1399057866,1488491967,1323674153,164817814,89434101,89080005,39.63,0.22,8.67,1.95,7.31,-15.03,12.21
106014337,KAISER FOUNDATION HOSPITAL - SAN LEANDRO,2020,0,0,0,0,43444,0,0,0,0,0,0,0,,,,,,,
106014337,KAISER FOUNDATION HOSPITAL - SAN LEANDRO,2021,176298730,76784326,253083056,47541588,87009,11321501,646443204,715479295,643895815,71583480,69036091,91150586,39.15,0.01,7.35,1.75,,100.28,
106014337,KAISER FOUNDATION HOSPITAL - SAN LEANDRO,2022,180168572,76459952,256628524,51557923,24624,27625480,644495724,713533194,652463200,61069994,69037470,68284881,39.82,0.0,8.0,4.29,1.4,-71.7,-0.27
106014337,KAISER FOUNDATION HOSPITAL - SAN LEANDRO,2023,188108784,66008768,254117552,53884219,16714,23370817,673015628,663447145,596903701,66543444,-9568483,-9826275,37.76,0.0,8.01,3.47,-0.98,-32.12,-7.02
106014337,KAISER FOUNDATION HOSPITAL - SAN LEANDRO,2024,199043040,74763125,273806165,53926259,15331,15857061,727537028,766029289,681438142,84591147,38492261,34846368,37.63,0.0,7.41,2.18,7.75,-8.27,15.46
106015000,KAISER FOUNDATION NORTHERN REGION,2020,0,0,0,0,0,0,10823929032,11259813405,10502461995,757351410,435884373,609745301,0.0,0.0,0.0,0.0,,,
106015000,KAISER FOUNDATION NORTHERN REGION,2021,0,0,0,0,0,0,12318959611,12427511863,11486475286,941036577,108552252,263262092,0.0,0.0,0.0,0.0,,,10.37
106015000,KAISER FOUNDATION NORTHERN REGION,2022,0,0,0,0,0,0,12531752187,13196814406,12110619334,1086195072,665062219,925657732,0.0,0.0,0.0,0.0,,,6.19
106015000,KAISER FOUNDATION NORTHERN REGION,2023,0,0,0,0,0,0,13227417916,13670116989,12473492003,1196624986,442699073,1409193418,0.0,0.0,0.0,0.0,,,3.59
106015000,KAISER FOUNDATION NORTHERN REGION,2024,0,0,0,0,0,0,14465420610,15587657742,14087743886,1499913856,1122237132,2123717585,0.0,0.0,0.0,0.0,,,14.03
106034002,SUTTER AMADOR HOSPITAL,2020,34361116,16555687,50916803,10728172,533875,1437692,92678301,108780086,95033077,13747009,16101785,16074468,54.94,0.58,11.58,1.55,,,
106034002,SUTTER AMADOR HOSPITAL,2021,35144514,16236433,51380947,12818948,542535,2110573,94914336,109357127,108679405,677722,14442791,18918076,54.13,0.57,13.51,2.22,0.91,1.62,0.53
106034002,SUTTER AMADOR HOSPITAL,2022,35115761,15112203,50227964,12708116,520018,6118794,97801211,109274536,108854172,420364,11473325,9724479,51.36,0.53,12.99,6.26,-2.24,-4.15,-0.08
106034002,SUTTER AMADOR HOSPITAL,2023,38634959,17069620,55704579,9702788,548805,4607877,101383846,106545021,106095449,449572,5161175,10371813,54.94,0.54,9.57,4.54,10.9,5.54,-2.5
106034002,SUTTER AMADOR HOSPITAL,2024,43008633,18514787,61523420,7444809,456668,2235415,104924331,111169581,110618253,551328,6245250,8780467,58.64,0.44,7.1,2.13,10.45,-16.79,4.34
106040802,ORCHARD HOSPITAL,2020,13414930,3178866,16593796,2465734,174273,148547,30550009,29895877,28667907,1227970,-654132,1132401,54.32,0.57,8.07,0.49,,,
106040802,ORCHARD HOSPITAL,2021,14247285,4029240,18276525,2435810,178159,40100,32338441,38634487,31363188,7271299,6296046,7269892,56.52,0.55,7.53,0.12,10.14,2.23,29.23
106040802,ORCHARD HOSPITAL,2022,12428394,2791226,15219620,2015684,131909,82085,26760659,23526196,21946516,1579680,-3234463,-2177552,56.87,0.49,7.53,0.31,-16.73,-25.96,-39.11
106040802,ORCHARD HOSPITAL,2023,13930077,3575016,17505093,1900273,164781,90622,29847887,26836160,26192821,643339,-3011727,-2262154,58.65,0.55,6.37,0.3,15.02,24.92,14.07
106040802,ORCHARD HOSPITAL,2024,14205816,2930431,17136247,1793475,156124,0,30111118,30071962,29644572,427390,-39156,732877,56.91,0.52,5.96,0.0,-2.11,-5.25,12.06
106040937,OROVILLE HOSPITAL,2020,113133074,44153319,157286393,45608365,1948387,10996148,327179795,334527418,314504192,20023226,7347623,14384343,48.07,0.6,13.94,3.36,,,
106040937,OROVILLE HOSPITAL,2021,121287915,53287587,174575502,53336147,2083514,9923529,359162287,369966742,354023537,15943205,10804455,14921287,48.61,0.58,14.85,2.76,10.99,6.94,10.59
106040937,OROVILLE HOSPITAL,2022,128900915,51242739,180143654,55359120,2117598,20278890,388902684,383753868,355440825,28313043,-5148816,-3771412,46.32,0.54,14.23,5.21,3.19,1.64,3.73
106040937,OROVILLE HOSPITAL,2023,125900272,54905793,180806065,52881726,2185571,9591464,384752614,393497183,388200627,5296556,8744569,11975818,46.99,0.57,13.74,2.49,0.37,3.21,2.54
106040937,OROVILLE HOSPITAL,2024,130081336,57791115,187872451,58927988,2447908,8700693,406279336,424637493,413034971,11602522,18358157,32077055,46.24,0.6,14.5,2.14,3.91,12.0,7.91
106040962,ENLOE MEDICAL CENTER - ESPLANADE CAMPUS,2020,228892236,114090349,342982585,89876187,2389090,17424674,680505413,671751370,653939888,17811482,-8754043,-3341233,50.4,0.35,13.21,2.56,,,
106040962,ENLOE MEDICAL CENTER - ESPLANADE CAMPUS,2021,246696198,123390732,370086930,101793436,2702308,9059156,733368901,799030930,774165961,24864969,65662029,98073188,50.46,0.37,13.88,1.24,7.9,13.11,18.95
106040962,ENLOE MEDICAL CENTER - ESPLANADE CAMPUS,2022,258240461,126101299,384341760,103903769,2872863,24384692,780744773,787055248,770900060,16155188,6310475,-29008514,49.23,0.37,13.31,3.12,3.85,6.31,-1.5
106040962,ENLOE MEDICAL CENTER - ESPLANADE CAMPUS,2023,268857540,136325936,405183476,124486002,4227323,23032325,837673460,851177296,847171640,4005656,13503836,21537535,48.37,0.5,14.86,2.75,5.42,47.15,8.15
106040962,ENLOE HEALTH,2024,288982570,143626851,432609421,153029973,3952846,17478791,937747093,993055858,984752566,8303292,55308765,74242810,46.13,0.42,16.32,1.86,6.77,-6.49,16.67
106044006,BUTTE COUNTY MENTAL HEALTH - PHF,2020,0,0,0,0,0,0,5331387,1887866,1887866,0,-3443521,-3443521,0.0,0.0,0.0,0.0,,,
106044006,BUTTE COUNTY MENTAL HEALTH - PHF,2021,0,0,0,0,0,0,5740941,2359893,2359893,0,-3381048,-3381048,0.0,0.0,0.0,0.0,,,25.0
106044006,BUTTE COUNTY MENTAL HEALTH - PHF,2022,0,0,0,0,0,0,4372754,1816535,1816535,0,-2556219,-2556219,0.0,0.0,0.0,0.0,,,-23.02
106044006,BUTTE COUNTY MENTAL HEALTH - PHF,2023,0,0,0,0,0,0,4013819,1906084,1906084,0,-2107735,-2107735,0.0,0.0,0.0,0.0,,,4.93
106044006,BUTTE COUNTY MENTAL HEALTH - PHF,2024,0,0,0,0,0,0,5650688,5111033,5111033,0,-539655,-539655,0.0,0.0,0.0,0.0,,,168.14
106050932,MARK TWAIN MEDICAL CENTER,2020,24465139,13304140,37769279,8115222,593190,1320443,72523011,69061639,63674286,5387353,-3461372,9638748,52.08,0.82,11.19,1.82,,,
106050932,MARK TWAIN MEDICAL CENTER,2021,27204121,14927905,42132026,8166499,777839,1616614,76060468,72766935,70418159,2348776,-3293533,-2747830,55.39,1.02,10.74,2.13,11.55,31.13,5.37
106050932,MARK TWAIN MEDICAL CENTER,2022,26847979,15135380,41983359,10028513,218389,4027132,77793764,71355303,69065852,2289451,-6438461,-4978099,53.97,0.28,12.89,5.18,-0.35,-71.92,-1.94
106050932,MARK TWAIN MEDICAL CENTER,2023,28626625,17086450,45713075,9458026,416941,3621709,81144460,78746027,76460076,2285951,-2398433,-1677070,56.34,0.51,11.66,4.46,8.88,90.92,10.36
106050932,MARK TWAIN MEDICAL CENTER,2024,31728443,16538457,48266900,10952087,376400,2411770,84727354,85131696,84347241,784455,404342,997202,56.97,0.44,12.93,2.85,5.59,-9.72,8.11
106060870,COLUSA MEDICAL CENTER,2020,8976866,2485555,11462421,1668734,301272,1276268,20272380,20398050,20337450,60600,125670,4656855,56.54,1.49,8.23,6.3,,,
106060870,COLUSA MEDICAL CENTER,2021,10863546,3304547,14168093,1530564,273363,3614551,29778024,26094874,25968186,126688,-3683150,-951675,47.58,0.92,5.14,12.14,23.6,-9.26,27.93
106060870,COLUSA MEDICAL CENTER,2022,13501675,2564199,16065874,2239019,674599,4737951,33664666,26656230,26569061,87169,-7008436,-2713715,47.72,2.0,6.65,14.07,13.39,146.78,2.15
106060870,COLUSA MEDICAL CENTER,2023,13076955,2518272,15595227,1961798,137506,3547521,30126433,32921186,32717530,203656,2794753,3473235,51.77,0.46,6.51,11.78,-2.93,-79.62,23.5
106060870,COLUSA MEDICAL CENTER,2024,14635868,2661151,17297019,2610226,334830,5023092,36518081,41424147,41192236,231911,4906066,5305022,47.37,0.92,7.15,13.76,10.91,143.5,25.83
106070924,CONTRA COSTA REGIONAL MEDICAL CENTER,2020,222313723,190340393,412654116,58784944,3043725,21706512,640520410,620864948,507677329,113187619,-19655462,48996509,64.42,0.48,9.18,3.39,,,
106070924,CONTRA COSTA REGIONAL MEDICAL CENTER,2021,238472992,202949629,441422621,72723187,3370912,29554221,687849781,655980027,552403008,103577019,-31869754,24843062,64.17,0.49,10.57,4.3,6.97,10.75,5.66
106070924,CONTRA COSTA REGIONAL MEDICAL CENTER,2022,255239454,205617668,460857122,63194526,10770494,34658553,711318894,650674974,489934722,160740252,-60643920,99154692,64.79,1.51,8.88,4.87,4.4,219.51,-0.81
106070924,CONTRA COSTA REGIONAL MEDICAL CENTER,2023,261310667,216250458,477561125,70462148,27922271,40891740,768650008,724903532,716817029,8086503,-43746476,119189369,62.13,3.63,9.17,5.32,3.62,159.25,11.41
106070924,CONTRA COSTA REGIONAL MEDICAL CENTER,2024,304910547,224354595,529265142,77561521,943560,28632944,796580938,732433662,717157336,15276326,-64147276,70961844,66.44,0.12,9.74,3.59,10.83,-96.62,1.04
106070934,SUTTER DELTA MEDICAL CENTER,2020,73677915,40872805,114550720,17600323,1316650,5980807,211636874,211442113,192431008,19011105,-194761,-24379,54.13,0.62,8.32,2.83,,,
106070934,SUTTER DELTA MEDICAL CENTER,2021,72558430,38018085,110576515,19155201,1302995,9827052,219095945,222229540,221657612,571928,3133595,14031722,50.47,0.59,8.74,4.49,-3.47,-1.04,5.1
106070934,SUTTER DELTA MEDICAL CENTER,2022,71126088,35699162,106825250,17579609,1241936,14763707,210396611,211123001,209466631,1656370,726390,-3126027,50.77,0.59,8.36,7.02,-3.39,-4.69,-5.0
106070934,SUTTER DELTA MEDICAL CENTER,2023,80175338,40473213,120648551,17600698,1274812,7917699,228474145,216762739,216225940,536799,-11711406,299355,52.81,0.56,7.7,3.47,12.94,2.65,2.67
106070934,SUTTER DELTA MEDICAL CENTER,2024,90973191,43510669,134483860,19311135,1124026,11406368,252477420,258696017,257714410,981607,6218597,11969293,53.27,0.45,7.65,4.52,11.47,-11.83,19.35
106070988,JOHN MUIR MEDICAL CENTER - WALNUT CREEK,2020,261042703,125646280,386688983,99691216,1776290,49377857,939491426,1037503687,963611816,73891871,98012261,103286646,41.16,0.19,10.61,5.26,,,
106070988,JOHN MUIR MEDICAL CENTER - WALNUT CREEK,2021,285588772,135371931,420960703,105623365,564938,63560017,955029040,1095931286,1082908590,13022696,140902246,148518696,44.08,0.06,11.06,6.66,8.86,-68.2,5.63
106070988,JOHN MUIR MEDICAL CENTER - WALNUT CREEK,2022,316616372,149896011,466512383,106811127,287175,65674616,1044685415,1103499660,1091934913,11564747,58814247,70491314,44.66,0.03,10.22,6.29,10.82,-49.17,0.69
106070988,JOHN MUIR MEDICAL CENTER - WALNUT CREEK,2023,335444619,170458852,505903471,112697874,225158,63715646,1085989741,1131585139,1120141680,11443459,45595398,63508791,46.58,0.02,10.38,5.87,8.44,-21.6,2.55
106070988,JOHN MUIR MEDICAL CENTER - WALNUT CREEK,2024,361356007,158615740,519971747,120104962,134590,54276328,1161143505,1201582185,1159264756,42317429,40438680,87254963,44.78,0.01,10.34,4.67,2.78,-40.22,6.19
106070990,KAISER FOUNDATION HOSPITAL - WALNUT CREEK,2020,0,0,0,0,1859842,0,0,0,0,0,0,0,,,,,,,
106070990,KAISER FOUNDATION HOSPITAL - WALNUT CREEK,2021,205903631,92686904,298590535,56753840,1921269,13523738,760479061,632758195,541905334,90852861,-127720866,-127662616,39.26,0.25,7.46,1.78,,3.3,
106070990,KAISER FOUNDATION HOSPITAL - WALNUT CREEK,2022,210800796,91828996,302629792,54859418,1251368,24609613,738825174,752445848,667949665,84496183,13620674,13452093,40.96,0.17,7.43,3.33,1.35,-34.87,18.92
106070990,KAISER FOUNDATION HOSPITAL - WALNUT CREEK,2023,224052965,79956263,304009228,60760757,2033093,22459467,794671622,754434134,661564770,92869364,-40237488,-40446571,38.26,0.26,7.65,2.83,0.46,62.47,0.26
106070990,KAISER FOUNDATION HOSPITAL - WALNUT CREEK,2024,238336389,90827854,329164243,60954444,848536,15226313,864621175,886481763,767173857,119307906,21860588,21697823,38.07,0.1,7.05,1.76,8.27,-58.26,17.5
106071018,JOHN MUIR MEDICAL CENTER - CONCORD CAMPUS,2020,180937038,52523697,233460735,68546018,0,35803050,521374564,506078983,479768971,26310012,-15295581,-10126801,44.78,0.0,13.15,6.87,,,
106071018,JOHN MUIR MEDICAL CENTER - CONCORD CAMPUS,2021,196442344,57785317,254227661,74362891,242005,43308379,551517278,538052950,533993479,4059471,-13464328,-9898630,46.1,0.04,13.48,7.85,8.9,,6.32
106071018,JOHN MUIR MEDICAL CENTER - CONCORD CAMPUS,2022,212325856,63437432,275763288,84887814,242005,45855611,579791712,538140066,536422581,1717485,-41651646,-38486343,47.56,0.04,14.64,7.91,8.47,0.0,0.02
106071018,JOHN MUIR MEDICAL CENTER - CONCORD CAMPUS,2023,215176164,56173003,271349167,91265746,94143,40520367,610515161,568732102,564192757,4539345,-41783059,-31865198,44.45,0.02,14.95,6.64,-1.6,-61.1,5.68
106071018,JOHN MUIR MEDICAL CENTER - CONCORD CAMPUS,2024,206818544,94643927,301462471,139263593,64505,27673923,688245109,700744540,691743332,9001208,12499431,14755122,43.8,0.01,20.23,4.02,11.1,-31.48,23.21
106074017,SAN RAMON REGIONAL MEDICAL CENTER,2020,56783699,22332325,79116024,21072065,689462,3043220,157214403,181623780,166317930,15305850,24409377,17944282,50.32,0.44,13.4,1.94,,,
106074017,SAN RAMON REGIONAL MEDICAL CENTER,2021,58567074,21989853,80556927,21970994,851966,5565356,162010254,181676507,183227832,-1551325,19666253,8746054,49.72,0.53,13.56,3.44,1.82,23.57,0.03
106074017,SAN RAMON REGIONAL MEDICAL CENTER,2022,58239491,21859052,80098543,23406306,1009720,9536781,172973526,188754721,187743017,1011704,15781195,8021382,46.31,0.58,13.53,5.51,-0.57,18.52,3.9
106074017,SAN RAMON REGIONAL MEDICAL CENTER,2023,58929177,21759220,80688397,22291764,1179827,6845936,171494172,181965998,181190655,775343,10471826,5288903,47.05,0.69,13.0,3.99,0.74,16.85,-3.6
106074017,SAN RAMON REGIONAL MEDICAL CENTER,2024,62559564,23264883,85824447,23633134,1235337,4576699,183888615,186528460,185384935,1143525,2639845,-1356263,46.67,0.67,12.85,2.49,6.37,4.7,2.51
106074039,JOHN MUIR BEHAVIORAL HEALTH CENTER,2020,18906545,8288964,27195509,961309,80157,3305343,45324207,42628345,39578853,3049492,-2695862,-2695862,60.0,0.18,2.12,7.29,,,
106074039,JOHN MUIR BEHAVIORAL HEALTH CENTER,2021,19740933,8948421,28689354,949263,21175,3084877,45945433,40565015,40153365,411650,-5380418,-5380418,62.44,0.05,2.07,6.71,5.49,-73.58,-4.84
106074039,JOHN MUIR BEHAVIORAL HEALTH CENTER,2022,19795150,8293410,28088560,1125793,9229,2853982,46783696,38115383,37476338,639045,-8668313,-8668313,60.04,0.02,2.41,6.1,-2.09,-56.42,-6.04
106074039,JOHN MUIR BEHAVIORAL HEALTH CENTER,2023,25883503,5563244,31446747,1190565,7621,1949638,48247167,45579383,44534175,1045208,-2667784,-2667784,65.18,0.02,2.47,4.04,11.96,-17.42,19.58
106074039,JOHN MUIR BEHAVIORAL HEALTH CENTER,2024,25701630,5876357,31577987,1167072,4257,805438,48632837,41107224,40843520,263704,-7525613,-6611109,64.93,0.01,2.4,1.66,0.42,-44.14,-9.81
106074097,KAISER FOUNDATION HOSPITAL - ANTIOCH,2020,0,0,0,0,65167,0,0,0,0,0,0,0,,,,,,,
106074097,KAISER FOUNDATION HOSPITAL - ANTIOCH,2021,126614821,55493679,182108500,43030571,89660,7934292,449854830,441971068,392783665,49187403,-7883762,-7870890,40.48,0.02,9.57,1.76,,37.58,
106074097,KAISER FOUNDATION HOSPITAL - ANTIOCH,2022,131001325,56133033,187134358,46583916,200190,11468488,451675875,493417347,445449442,47967905,41741472,41741201,41.43,0.04,10.31,2.54,2.76,123.28,11.64
106074097,KAISER FOUNDATION HOSPITAL - ANTIOCH,2023,138729044,48053231,186782275,48961123,778953,9827412,479613047,522997443,470410619,52586824,43384396,42994535,38.94,0.16,10.21,2.05,-0.19,289.11,5.99
106074097,KAISER FOUNDATION HOSPITAL - ANTIOCH,2024,146208724,53878301,200087025,49522774,435630,6375754,531967154,607570172,542084480,65485692,75603018,75565964,37.61,0.08,9.31,1.2,7.12,-44.07,16.17
106084001,SUTTER COAST HOSPITAL,2020,29402971,16768273,46171244,13173735,590800,3672757,92738491,100599155,88159860,12439295,7860664,8052439,49.79,0.64,14.21,3.96,,,
106084001,SUTTER COAST HOSPITAL,2021,28114679,17512072,45626751,14527296,601502,5192091,94195478,101933393,101466201,467192,7737915,12447795,48.44,0.64,15.42,5.51,-1.18,1.81,1.33
106084001,SUTTER COAST HOSPITAL,2022,28545604,13880578,42426182,15921380,589773,19295441,103251354,108340881,108067330,273551,5089527,3217821,41.09,0.57,15.42,18.69,-7.01,-1.95,6.29
106084001,SUTTER COAST HOSPITAL,2023,32101439,15878630,47980069,16166324,640903,9392419,106090586,108308135,107954424,353711,2217549,8230056,45.23,0.6,15.24,8.85,13.09,8.67,-0.03
106084001,SUTTER COAST HOSPITAL,2024,37162065,18596993,55759058,16139361,522709,8288294,111379333,121780523,121413905,366618,10401190,13004718,50.06,0.47,14.49,7.44,16.21,-18.44,12.44
106090793,BARTON MEMORIAL HOSPITAL,2020,51114234,14766888,65881122,20938471,932385,5151593,135699259,144480764,132008465,12472299,8781505,12120858,48.55,0.69,15.43,3.8,,,
106090793,BARTON MEMORIAL HOSPITAL,2021,52618379,17002579,69620958,24049556,454455,10039477,157667839,161521517,155994631,5526886,3853678,2774249,44.16,0.29,15.25,6.37,5.68,-51.26,11.79
106090793,BARTON MEMORIAL HOSPITAL,2022,61570275,17055423,78625698,28005649,602153,14663131,179228525,170387253,168793643,1593610,-8841272,-4894484,43.87,0.34,15.63,8.18,12.93,32.5,5.49
106090793,BARTON MEMORIAL HOSPITAL,2023,66858709,18396251,85254960,26752421,788603,5202315,178708855,174228538,172688826,1539712,-4480317,56494,47.71,0.44,14.97,2.91,8.43,30.96,2.25
106090793,BARTON MEMORIAL HOSPITAL,2024,65141158,9734013,74875171,28255186,853941,3823503,173285679,215573903,214143810,1430093,42288224,15859770,43.21,0.49,16.31,2.21,-12.17,8.29,23.73
106090933,MARSHALL MEDICAL CENTER,2020,99389849,49307651,148697500,35276374,816739,1530493,280413751,312398381,290460670,21937711,31984630,13891867,53.03,0.29,12.58,0.55,,,
106090933,MARSHALL MEDICAL CENTER,2021,96725147,48406908,145132055,37968185,966281,2140264,284526373,289353818,287856980,1496838,4827445,80746109,51.01,0.34,13.34,0.75,-2.4,18.31,-7.38
106090933,MARSHALL MEDICAL CENTER,2022,100147172,43752274,143899446,42287637,895986,9222723,300226630,295182986,284965557,10217429,-5043644,-4221919,47.93,0.3,14.09,3.07,-0.85,-7.27,2.01
106090933,MARSHALL MEDICAL CENTER,2023,103893300,52182138,156075438,45377355,876528,4842630,313903943,318294388,314810633,3483755,4390445,18889812,49.72,0.28,14.46,1.54,8.46,-2.17,7.83
106090933,MARSHALL MEDICAL CENTER,2024,111783970,53015422,164799392,50622907,838000,2796970,332993554,335011556,332660026,2351530,2018002,8800982,49.49,0.25,15.2,0.84,5.59,-4.4,5.25
106094002,TELECARE EL DORADO COUNTY P.H.F.,2020,2023270,504683,2527953,163021,47888,865135,4273525,4636727,4636727,0,363202,363202,59.15,1.12,3.81,20.24,,,
106094002,TELECARE EL DORADO COUNTY P.H.F.,2021,2088440,511345,2599785,173115,51239,748689,4342745,4798282,4798282,0,455537,455537,59.87,1.18,3.99,17.24,2.84,7.0,3.48
106094002,TELECARE EL DORADO COUNTY P.H.F.,2022,2281220,511918,2793138,193726,48450,643817,4864015,4983747,4983747,0,119732,119732,57.42,1.0,3.98,13.24,7.44,-5.44,3.87
106094002,TELECARE EL DORADO COUNTY P.H.F.,2023,2491609,679333,3170942,202174,49743,393766,5267981,5058393,5058378,15,-209588,-210204,60.19,0.94,3.84,7.47,13.53,2.67,1.5
106094002,TELECARE EL DORADO COUNTY P.H.F.,2024,2861726,711115,3572841,229112,58305,545448,5752210,5888071,5888071,0,135861,135410,62.11,1.01,3.98,9.48,12.67,17.21,16.4
106100005,CLOVIS COMMUNITY MEDICAL CENTER,2020,132866917,31310566,164177483,76931534,2309451,4924060,411378863,442720580,429206435,13514145,31341717,32205321,39.91,0.56,18.7,1.2,,,
106100005,CLOVIS COMMUNITY MEDICAL CENTER,2021,138247596,33829965,172077561,98811109,2408382,22008506,462874266,485873321,474276737,11596584,22999055,23685247,37.18,0.52,21.35,4.75,4.81,4.28,9.75
106100005,CLOVIS COMMUNITY MEDICAL CENTER,2022,166921577,37201584,204123161,99565700,2668788,66835381,570797612,565595999,539238658,26357341,-5201613,-4315063,35.76,0.47,17.44,11.71,18.62,10.81,16.41
106100005,CLOVIS COMMUNITY MEDICAL CENTER,2023,202071964,45880316,247952280,148903462,3121923,43600664,729527950,728997329,653377769,75619560,-530621,2272683,33.99,0.43,20.41,5.98,21.47,16.98,28.89
106100005,CLOVIS COMMUNITY MEDICAL CENTER,2024,226612371,44934477,271546848,174918943,3162544,16142786,775584434,807853954,735751167,72102787,32269520,34153125,35.01,0.41,22.55,2.08,9.52,1.3,10.82
106100697,COALINGA REGIONAL MEDICAL CENTER,2022,9736759,2820595,12557354,1881837,76786,3562972,33148872,25214537,25193025,21512,-7934335,-5967581,37.88,0.23,5.68,10.75,,,
106100697,COALINGA REGIONAL MEDICAL CENTER,2023,14055005,3242489,17297494,4122785,116266,1718831,49352028,25794580,20479945,5314635,-23557448,-23470019,35.05,0.24,8.35,3.48,37.75,51.42,2.3
106100697,COALINGA REGIONAL MEDICAL CENTER,2024,14910827,3619335,18530162,3602099,76611,5062539,57054844,26512200,26209104,303096,-30542644,-30462855,32.48,0.13,6.31,8.87,7.13,-34.11,2.78
106100717,COMMUNITY REGIONAL MEDICAL CENTER - FRESNO,2020,401772146,94992560,496764706,226102691,5836327,9866071,1264056152,1289166384,1232220465,56945919,25110232,68861947,39.3,0.46,17.89,0.78,,,
106100717,COMMUNITY REGIONAL MEDICAL CENTER - FRESNO,2021,415066603,101592017,516658620,259013776,6121671,48557848,1371186821,1373841644,1321704199,52137445,2654823,79822602,37.68,0.45,18.89,3.54,4.0,4.89,6.57
106100717,COMMUNITY REGIONAL MEDICAL CENTER - FRESNO,2022,456788167,102838469,559626636,272859598,6188032,158258862,1547253655,1541207965,1451839102,89368863,-6045690,-63471051,36.17,0.4,17.64,10.23,8.32,1.08,12.18
106100717,COMMUNITY REGIONAL MEDICAL CENTER - FRESNO,2023,423704287,167591698,591295985,276853949,7130147,68709910,1619054914,1730362334,1544446758,185915576,111307420,148003303,36.52,0.44,17.1,4.24,5.66,15.22,12.27
106100717,COMMUNITY REGIONAL MEDICAL CENTER - FRESNO,2024,445209414,157581835,602791249,294962583,7508908,22512703,1620424829,1822885361,1643868936,179016425,202460532,279776907,37.2,0.46,18.2,1.39,1.94,5.31,5.35
106100797,ADVENTIST HEALTH REEDLEY,2020,45278730,21115050,66393780,14321460,559350,1294664,169660672,195550104,181438764,14111340,25889432,28157860,39.13,0.33,8.44,0.76,,,
106100797,ADVENTIST HEALTH REEDLEY,2021,48381889,21343639,69725528,13163857,542315,806381,202169610,205341931,184652483,20689448,3172321,7642011,34.49,0.27,6.51,0.4,5.02,-3.05,5.01
106100797,ADVENTIST HEALTH REEDLEY,2022,57319711,17187929,74507640,14279669,726175,1261090,210350060,231227714,191672414,39555300,20877654,17160196,35.42,0.35,6.79,0.6,6.86,33.9,12.61
106100797,ADVENTIST HEALTH REEDLEY,2023,66006794,29110440,95117234,13545720,623494,1085098,227510139,194286080,190023893,4262187,-33224059,-19503042,41.81,0.27,5.95,0.48,27.66,-14.14,-15.98
106100797,ADVENTIST HEALTH REEDLEY,2024,73448978,32565306,106014284,14983790,1029962,914692,238874890,226930004,223863588,3066416,-11944886,110974,44.38,0.43,6.27,0.38,11.46,65.19,16.8
106100899,ST. AGNES MEDICAL CENTER,2020,194816006,35727262,230543268,91521630,1140907,30640150,521930076,502612359,482265737,20346622,-19317717,-8748458,44.17,0.22,17.54,5.87,,,
106100899,ST. AGNES MEDICAL CENTER,2021,196869861,33701941,230571802,96729772,1781257,44819928,532564790,552137687,542503591,9634096,19572897,93904031,43.29,0.33,18.16,8.42,0.01,56.13,9.85
106100899,ST. AGNES MEDICAL CENTER,2022,210833978,39320753,250154731,101575284,2790090,68346509,630026112,581027519,561239547,19787972,-48998593,-64870135,39.71,0.44,16.12,10.85,8.49,56.64,5.23
106100899,ST. AGNES MEDICAL CENTER,2023,258592024,41645070,300237094,104111315,3513310,27661809,666390120,581095955,566215855,14880100,-85294165,-77361993,45.05,0.53,15.62,4.15,20.02,25.92,0.01
106100899,ST. AGNES MEDICAL CENTER,2024,266121104,45699426,311820530,105259062,3577460,24922091,694358484,616363963,605102511,11261452,-77994521,-75819803,44.91,0.52,15.16,3.59,3.86,1.83,6.07
106104023,SAN JOAQUIN VALLEY REHABILITATION HOSPITAL,2020,18081144,3508466,21589610,1436743,223836,0,37421112,37608701,37280429,328272,187589,187589,57.69,0.6,3.84,0.0,,,
106104023,SAN JOAQUIN VALLEY REHABILITATION HOSPITAL,2021,18538032,3624032,22162064,1469452,234891,0,39032303,39949705,38422447,1527258,917402,917402,56.78,0.6,3.76,0.0,2.65,4.94,6.22
106104023,SAN JOAQUIN VALLEY REHABILITATION HOSPITAL,2022,18386727,3628680,22015407,1394926,264999,0,41580504,44112024,39331311,4780713,2531520,2531520,52.95,0.64,3.35,0.0,-0.66,12.82,10.42
106104023,SAN JOAQUIN VALLEY REHABILITATION HOSPITAL,2023,21363518,3821515,25185033,1451449,289298,0,43892499,44009490,43564176,445314,116991,113237,57.38,0.66,3.31,0.0,14.4,9.17,-0.23
106104023,SAN JOAQUIN VALLEY REHABILITATION HOSPITAL,2024,24045119,4061057,28106176,1718013,223192,0,46159032,49131773,48891151,240622,2972741,2972741,60.89,0.48,3.72,0.0,11.6,-22.85,11.64
106104047,FRESNO SURGICAL HOSPITAL,2020,21386971,6295402,27682373,33011551,192843,2020251,82311410,89263827,89120604,143223,6952417,8842219,33.63,0.23,40.11,2.45,,,
106104047,FRESNO SURGICAL HOSPITAL,2021,23258275,6455581,29713856,35131400,158147,2692407,87945567,92241810,92075040,166770,4296243,5284102,33.79,0.18,39.95,3.06,7.34,-17.99,3.34
106104047,FRESNO SURGICAL HOSPITAL,2022,22616028,7052912,29668940,33711903,177159,2492202,87035434,91887703,91815760,71943,4852269,4871318,34.09,0.2,38.73,2.86,-0.15,12.02,-0.38
106104047,FRESNO SURGICAL HOSPITAL,2023,23933029,7395433,31328462,37471962,155698,4376741,95620880,102383454,102383454,0,6762574,7027107,32.76,0.16,39.19,4.58,5.59,-12.11,11.42
106104047,FRESNO SURGICAL HOSPITAL,2024,25442331,6659219,32101550,40816685,209764,2490218,99425625,120714898,120714898,0,21289273,21673701,32.29,0.21,41.05,2.5,2.47,34.72,17.9
106104062,KAISER FOUNDATION HOSPITAL - FRESNO,2020,0,0,0,0,445825,0,0,0,0,0,0,0,,,,,,,
106104062,KAISER FOUNDATION HOSPITAL - FRESNO,2021,128812382,56127989,184940371,35816058,313043,6641124,469428077,529710287,450584768,79125519,60282210,60302014,39.4,0.07,7.63,1.41,,-29.78,
106104062,KAISER FOUNDATION HOSPITAL - FRESNO,2022,133611662,56368936,189980598,35812137,538794,6404646,492644763,557384712,456974188,100410524,64739949,64112287,38.56,0.11,7.27,1.3,2.73,72.12,5.22
106104062,KAISER FOUNDATION HOSPITAL - FRESNO,2023,135513390,46847308,182360698,37201488,1083910,3362704,503890386,562727847,456105525,106622322,58837461,58393025,36.19,0.22,7.38,0.67,-4.01,101.17,0.96
106104062,KAISER FOUNDATION HOSPITAL - FRESNO,2024,142812073,52653255,195465328,38613608,1005580,1861644,543384309,613340964,501092199,112248765,69956655,70033604,35.97,0.19,7.11,0.34,7.19,-7.23,8.99
106105051,COALINGA STATE HOSPITAL,2020,0,0,0,0,0,0,326030499,0,0,0,-326030499,0,0.0,0.0,0.0,0.0,,,
106105051,COALINGA STATE HOSPITAL,2021,0,0,0,0,0,0,317869905,0,0,0,-317869905,0,0.0,0.0,0.0,0.0,,,
106105051,COALINGA STATE HOSPITAL,2022,0,0,0,0,0,0,335713981,0,0,0,-335713981,0,0.0,0.0,0.0,0.0,,,
106105051,COALINGA STATE HOSPITAL,2023,0,0,0,0,0,0,364859427,0,0,0,-364859427,0,0.0,0.0,0.0,0.0,,,
106105051,COALINGA STATE HOSPITAL,2024,0,0,0,0,0,0,390780531,0,0,0,-390780531,0,0.0,0.0,0.0,0.0,,,
106105125,CENTRAL STAR PSYCHIATRIC HEALTH FACILITY,2020,2258628,504656,2763284,164880,19783,1734954,4898779,5361591,5361591,0,462812,498364,56.41,0.4,3.37,35.42,,,
106105125,CENTRAL STAR PSYCHIATRIC HEALTH FACILITY,2021,2335079,575964,2911043,136840,25868,1898908,5211788,5384289,5384289,0,172501,687568,55.85,0.5,2.63,36.43,5.35,30.76,0.42
106105125,CENTRAL STAR PSYCHIATRIC HEALTH FACILITY,2022,2397703,564837,2962540,134706,29386,1854552,5246360,5425497,5425497,0,179137,135907,56.47,0.56,2.57,35.35,1.77,13.6,0.77
106105125,CENTRAL STAR PSYCHIATRIC HEALTH FACILITY,2023,2685949,547850,3233799,112394,31541,1878841,5487376,5723957,5723957,0,236581,659841,58.93,0.57,2.05,34.24,9.16,7.33,5.5
106105125,CENTRAL STAR PSYCHIATRIC HEALTH FACILITY,2024,3062616,671181,3733797,132080,41202,1949681,6047535,5922154,5922154,0,-125381,1983509,61.74,0.68,2.18,32.24,15.46,30.63,3.46
106110889,GLENN MEDICAL CENTER,2020,9866226,2237886,12104112,1421253,212543,2686112,24352037,27747820,21307300,6440520,3395783,3853109,49.7,0.87,5.84,11.03,,,
106110889,GLENN MEDICAL CENTER,2021,11163212,2630205,13793417,1091079,164566,7624873,34852103,26236825,25832827,403998,-8615278,-8615278,39.58,0.47,3.13,21.88,13.96,-22.57,-5.45
106110889,GLENN MEDICAL CENTER,2022,11990814,2127124,14117938,1049523,276112,4466876,28976597,29137783,27185312,1952471,161186,161186,48.72,0.95,3.62,15.42,2.35,67.78,11.06
106110889,GLENN MEDICAL CENTER,2023,12105432,2413203,14518635,2246279,515199,2030657,36327784,29233951,28674864,559087,-7093833,-7093833,39.97,1.42,6.18,5.59,2.84,86.59,0.33
106110889,GLENN MEDICAL CENTER,2024,13030786,2549882,15580668,1388742,164181,3883511,36151411,29160572,28801996,358576,-6990839,-4977474,43.1,0.45,3.84,10.74,7.31,-68.13,-0.25
106121002,MAD RIVER COMMUNITY HOSPITAL,2020,22508257,10190871,32699128,6990040,833223,5484748,62645594,55137709,48706699,6431010,-7507885,-7207841,52.2,1.33,11.16,8.76,,,
106121002,MAD RIVER COMMUNITY HOSPITAL,2021,22444565,8739840,31184405,5332020,918619,5021466,56885597,70139705,51830368,18309337,13254108,11178875,54.82,1.61,9.37,8.83,-4.63,10.25,27.21
106121002,MAD RIVER COMMUNITY HOSPITAL,2022,23999961,9104921,33104882,5697358,930101,7750632,62901697,53027694,47037474,5990220,-9874003,-9746720,52.63,1.48,9.06,12.32,6.16,1.25,-24.4
106121002,MAD RIVER COMMUNITY HOSPITAL,2023,24364396,9442819,33807215,5616755,1112875,8690658,66926451,54053654,53498487,555167,-12872797,-12850659,50.51,1.66,8.39,12.99,2.12,19.65,1.93
106121002,MAD RIVER COMMUNITY HOSPITAL,2024,22563687,9265616,31829303,5088538,1159249,6484723,60492593,50201714,49506203,695511,-10290879,-10278879,52.62,1.92,8.41,10.72,-5.85,4.17,-7.13
106121031,JEROLD PHELPS COMMUNITY HOSPITAL,2020,6080846,1600735,7681581,983566,80000,1299049,14475737,11435479,11406106,29373,-3040258,7524517,53.07,0.55,6.79,8.97,,,
106121031,JEROLD PHELPS COMMUNITY HOSPITAL,2021,7153433,2259460,9412893,1316741,115128,1071165,17118880,9964154,9941933,22221,-7154726,362357,54.99,0.67,7.69,6.26,22.54,43.91,-12.87
106121031,JEROLD PHELPS COMMUNITY HOSPITAL,2022,7665094,2097930,9763024,2438251,78244,1201588,19964100,13322566,11640620,1681946,-6641534,1253199,48.9,0.39,12.21,6.02,3.72,-32.04,33.7
106121031,JEROLD PHELPS COMMUNITY HOSPITAL,2023,10135116,1804030,11939146,1466375,137237,5092786,25746874,15922764,12543443,3379321,-9824110,1809506,46.37,0.53,5.7,19.78,22.29,75.4,19.52
106121031,JEROLD PHELPS COMMUNITY HOSPITAL,2024,10158471,2850691,13009162,2214106,124927,4924536,27160147,22306818,17881735,4425083,-4853329,8058800,47.9,0.46,8.15,18.13,8.96,-8.97,40.09
106121051,REDWOOD MEMORIAL HOSPITAL,2020,15961323,7036174,22997497,3634238,230883,1989863,47505450,60359666,50552828,9806838,12854216,14628524,48.41,0.49,7.65,4.19,,,
106121051,PROVIDENCE REDWOOD MEMORIAL HOSPITAL,2021,17351319,7409328,24760647,3866592,337824,1691437,46057230,53337094,52607243,729851,7279864,30895568,53.76,0.73,8.4,3.67,7.67,46.32,-11.63
106121051,PROVIDENCE REDWOOD MEMORIAL HOSPITAL,2022,17520681,7986353,25507034,4150615,378662,2691972,48319486,50523036,50500714,22322,2203550,-5512387,52.79,0.78,8.59,5.57,3.01,12.09,-5.28
106121051,PROVIDENCE REDWOOD MEMORIAL HOSPITAL,2023,18929795,8119776,27049571,3625353,158401,3925260,56314190,50534979,50139527,395452,-5779211,-569810,48.03,0.28,6.44,6.97,6.05,-58.17,0.02
106121051,PROVIDENCE REDWOOD MEMORIAL HOSPITAL,2024,19132587,8391603,27524190,4709289,537226,2306391,53097380,51762633,51117601,645032,-1334747,1073627,51.84,1.01,8.87,4.34,1.75,239.16,2.43
106121080,ST. JOSEPH HOSPITAL - EUREKA,2020,77302278,35167016,112469294,50550304,1341122,9876010,278784408,315265616,298307286,16958330,36481208,36494398,40.34,0.48,18.13,3.54,,,
106121080,PROVIDENCE ST. JOSEPH HOSPITAL - EUREKA,2021,85181470,38102444,123283914,57665406,1261844,8440827,297506868,328427057,320112342,8314715,30920189,37317088,41.44,0.42,19.38,2.84,9.62,-5.91,4.17
106121080,PROVIDENCE ST. JOSEPH HOSPITAL - EUREKA,2022,92627336,45947615,138574951,61897208,2808994,31771140,355908711,310758084,306621637,4136447,-45150627,-47018682,38.94,0.79,17.39,8.93,12.4,122.61,-5.38
106121080,PROVIDENCE ST. JOSEPH HOSPITAL - EUREKA,2023,106312789,46609819,152922608,60990819,1420756,24565149,387942520,336509437,333137267,3372170,-51433083,-50181453,39.42,0.37,15.72,6.33,10.35,-49.42,8.29
106121080,PROVIDENCE ST. JOSEPH HOSPITAL - EUREKA,2024,114485613,47849384,162334997,72463037,2902642,16034616,392496328,387237010,383561926,3675084,-5259318,-3863798,41.36,0.74,18.46,4.09,6.16,104.3,15.07
106124004,SEMPERVIRENS P.H.F.,2020,0,0,0,0,0,0,8487680,8487680,8487680,0,0,0,0.0,0.0,0.0,0.0,,,
106124004,SEMPERVIRENS P.H.F.,2021,0,0,0,0,0,0,7648997,7648997,7648997,0,0,0,0.0,0.0,0.0,0.0,,,-9.88
106124004,SEMPERVIRENS P.H.F.,2022,0,0,0,0,0,0,9388829,9388829,9388829,0,0,0,0.0,0.0,0.0,0.0,,,22.75
106124004,SEMPERVIRENS P.H.F.,2023,0,0,0,0,0,0,10865409,10431581,10431581,0,-433828,-433828,0.0,0.0,0.0,0.0,,,11.11
106124004,SEMPERVIRENS P.H.F.,2024,0,0,0,0,0,0,11200723,11200723,11200723,0,0,0,0.0,0.0,0.0,0.0,,,7.37
106130699,EL CENTRO REGIONAL MEDICAL CENTER,2020,60392688,15584724,75977412,27950398,1557434,16040200,171511992,148425596,145575993,2849603,-23086396,-1533197,44.3,0.91,16.3,9.35,,,
106130699,EL CENTRO REGIONAL MEDICAL CENTER,2021,59689266,15551408,75240674,34225495,1538088,25916585,191749117,165726856,159072975,6653881,-26022261,2056844,39.24,0.8,17.85,13.52,-0.97,-1.24,11.66
106130699,EL CENTRO REGIONAL MEDICAL CENTER,2022,63221817,15721900,78943717,31330503,1758564,21790864,191547349,174304792,168771020,5533772,-17242557,-16468933,41.21,0.92,16.36,11.38,4.92,14.33,5.18
106130699,EL CENTRO REGIONAL MEDICAL CENTER,2023,63019104,21074103,84093207,29325951,1550909,13663645,182347104,149843421,146442682,3400739,-32503683,-30229923,46.12,0.85,16.08,7.49,6.52,-11.81,-14.03
106130699,EL CENTRO REGIONAL MEDICAL CENTER,2024,59638320,19871499,79509819,28752109,1175919,4600993,164158989,165538103,151052650,14485453,1379114,2978786,48.43,0.72,17.51,2.8,-5.45,-24.18,10.47
106130760,PIONEERS MEMORIAL HEALTHCARE DISTRICT,2020,46580153,22021356,68601509,20377346,1268567,1478136,131283533,116302612,114146193,2156419,-14980921,2226293,52.25,0.97,15.52,1.13,,,
106130760,PIONEERS MEMORIAL HEALTHCARE DISTRICT,2021,44036989,19543635,63580624,22951966,1352862,3474459,137450972,126386283,124346227,2040056,-11064689,3121156,46.26,0.98,16.7,2.53,-7.32,6.64,8.67
106130760,PIONEERS MEMORIAL HEALTHCARE DISTRICT,2022,44742928,21717384,66460312,22651289,1610283,9766657,144863698,128538084,126141068,2397016,-16325614,-9060192,45.88,1.11,15.64,6.74,4.53,19.03,1.7
106130760,PIONEERS MEMORIAL HEALTHCARE DISTRICT,2023,48430490,23009166,71439656,17833206,1469331,6862703,141858837,134096104,130284133,3811971,-7762733,592874,50.36,1.04,12.57,4.84,7.49,-8.75,4.32
106130760,PIONEERS MEMORIAL HEALTHCARE DISTRICT,2024,61044342,24970983,86015325,18141717,1769136,3257892,157751653,164412018,157855735,6556283,6660365,9738379,54.53,1.12,11.5,2.07,20.4,20.4,22.61
106141273,NORTHERN INYO HOSPITAL,2020,29600015,19515751,49115766,9559766,360924,3391126,88820289,82002013,81201284,800729,-6818276,-4881598,55.3,0.41,10.76,3.82,,,
106141273,NORTHERN INYO HOSPITAL,2021,30926164,22876239,53802403,9021660,441906,8952774,101236557,108373167,100713130,7660037,7136610,8473738,53.15,0.44,8.91,8.84,9.54,22.44,32.16
106141273,NORTHERN INYO HOSPITAL,2022,31001297,26004158,57005455,10093151,447208,14880109,113231553,98819655,92008470,6811185,-14411898,-842476,50.34,0.39,8.91,13.14,5.95,1.2,-8.82
106141273,NORTHERN INYO HOSPITAL,2023,35491505,22729261,58220766,8626238,268023,12112539,112971508,90494720,89005416,1489304,-22476788,-10314925,51.54,0.24,7.64,10.72,2.13,-40.07,-8.42
106141273,NORTHERN INYO HOSPITAL,2024,38712854,22363364,61076218,11833678,832175,11725994,115925347,119333375,117882805,1450570,3408028,3003388,52.69,0.72,10.21,10.12,4.9,210.49,31.87
106141338,SOUTHERN INYO HOSPITAL,2020,3003543,606710,3610253,627083,73010,757679,8488829,12113758,8134333,3979425,3624929,5305002,42.53,0.86,7.39,8.93,,,
106141338,SOUTHERN INYO HOSPITAL,2021,5394292,1223475,6617767,805900,96883,943429,12730284,9102152,8869515,232637,-3628132,-303121,51.98,0.76,6.33,7.41,83.3,32.7,-24.86
106141338,SOUTHERN INYO HOSPITAL,2022,6983298,1413817,8397115,1044261,147268,1256719,15287977,12805682,10847636,1958046,-2482295,-1645923,54.93,0.96,6.83,8.22,26.89,52.01,40.69
106141338,SOUTHERN INYO HOSPITAL,2023,7667770,1533556,9201326,2307059,59940,1378377,17688733,16530442,16162010,368432,-1158291,626933,52.02,0.34,13.04,7.79,9.58,-59.3,29.09
106141338,SOUTHERN INYO HOSPITAL,2024,10740672,2165512,12906184,935153,558659,679121,19551477,15954995,15728832,226163,-3596482,-2040958,66.01,2.86,4.78,3.47,40.26,832.03,-3.48
106150706,ADVENTIST HEALTH DELANO,2020,29661958,12145568,41807526,10329248,1319099,2371087,86186057,85232038,82633610,2598428,-954019,1037686,48.51,1.53,11.98,2.75,,,
106150706,ADVENTIST HEALTH DELANO,2021,26365867,11838043,38203910,13273087,365631,8315741,102627401,103709405,98896954,4812451,1082004,5803880,37.23,0.36,12.93,8.1,-8.62,-72.28,21.68
106150706,ADVENTIST HEALTH DELANO,2022,33717668,13279102,46996770,10153668,430377,8766111,114313045,80605057,79101524,1503533,-33707988,-35718362,41.11,0.38,8.88,7.67,23.02,17.71,-22.28
106150706,ADVENTIST HEALTH DELANO,2023,31122019,13083364,44205383,8574785,342099,4034889,102030757,96867135,96148674,718461,-5163622,9225357,43.33,0.34,8.4,3.95,-5.94,-20.51,20.18
106150706,ADVENTIST HEALTH DELANO,2024,34239848,13475064,47714912,8754308,508444,1857824,111157919,101354114,100703448,650666,-9803805,220351,42.93,0.46,7.88,1.67,7.94,48.62,4.63
106150722,BAKERSFIELD MEMORIAL HOSPITAL,2020,138997788,72738722,211736510,84574332,2581497,23492528,502666760,517323793,505568854,11754939,14657033,66115108,42.12,0.51,16.83,4.67,,,
106150722,BAKERSFIELD MEMORIAL HOSPITAL,2021,146837345,83340234,230177579,89220488,3584411,25145328,520891510,554478566,540054000,14424566,33587056,129160486,44.19,0.69,17.13,4.83,8.71,38.85,7.18
106150722,BAKERSFIELD MEMORIAL HOSPITAL,2022,152742133,83969674,236711807,94180738,1972223,46800322,543088097,538886260,532011087,6875173,-4201837,-10322702,43.59,0.36,17.34,8.62,2.84,-44.98,-2.81
106150722,BAKERSFIELD MEMORIAL HOSPITAL,2023,154510069,84529788,239039857,97408187,3620108,45734452,573592018,611822091,589777656,22044435,38230073,61980107,41.67,0.63,16.98,7.97,0.98,83.55,13.53
106150722,BAKERSFIELD MEMORIAL HOSPITAL,2024,166637110,83644532,250281642,100538167,3390870,38370115,627118767,715655417,711505086,4150331,88536650,147082200,39.91,0.54,16.03,6.12,4.7,-6.33,16.97
106150736,KERN MEDICAL CENTER,2020,172510717,80955958,253466675,61469942,97297,37070496,424855749,443716909,343870070,99846839,18861160,56205349,59.66,0.02,14.47,8.73,,,
106150736,KERN MEDICAL CENTER,2021,175551425,99713211,275264636,69037940,2145264,37728595,459803275,476595428,384170643,92424785,16792153,51323117,59.87,0.47,15.01,8.21,8.6,2104.86,7.41
106150736,KERN MEDICAL CENTER,2022,181129540,75843366,256972906,68162146,470530,76638383,479167804,534108217,460789619,73318598,54940413,89642779,53.63,0.1,14.23,15.99,-6.65,-78.07,12.07
106150736,KERN MEDICAL CENTER,2023,195224264,99708754,294933018,60927226,803857,61030890,507320566,474355501,426487599,47867902,-32965065,1634504,58.14,0.16,12.01,12.03,14.77,70.84,-11.19
106150736,KERN MEDICAL CENTER,2024,242015203,90743699,332758902,61128196,716729,48773459,540196390,508344525,481524652,26819873,-31851865,5882051,61.6,0.13,11.32,9.03,12.83,-10.84,7.17
106150737,KERN VALLEY HOSPITAL DISTRICT,2020,12164123,2966136,15130259,2165382,299755,1130706,26432100,25376590,25056813,319777,-1055510,-575806,57.24,1.13,8.19,4.28,,,
106150737,KERN VALLEY HOSPITAL DISTRICT,2021,12851865,3109689,15961554,2277697,333935,1370277,28040001,27928150,27379419,548731,-111851,2106259,56.92,1.19,8.12,4.89,5.49,11.4,10.05
106150737,KERN VALLEY HOSPITAL DISTRICT,2022,13475413,2872564,16347977,2552593,455349,1116075,28708386,31159930,30631747,528183,2451544,4524678,56.94,1.59,8.89,3.89,2.42,36.36,11.57
106150737,KERN VALLEY HOSPITAL DISTRICT,2023,15085668,3089197,18174865,2455131,442838,1051560,31460447,29886681,26591579,3295102,-1573766,2468536,57.77,1.41,7.8,3.34,11.18,-2.75,-4.09
106150737,KERN VALLEY HOSPITAL DISTRICT,2024,16970126,3985362,20955488,2464035,474714,906945,34361593,31795676,31614221,181455,-2565917,-146487,60.99,1.38,7.17,2.64,15.3,7.2,6.39
106150761,MERCY HOSPITAL - BAKERSFIELD,2020,102876528,54842001,157718529,38957140,3596826,8620516,343217908,363753551,348248329,15505222,20535643,90099377,45.95,1.05,11.35,2.51,,,
106150761,MERCY HOSPITAL - BAKERSFIELD,2021,106860304,59402693,166262997,44632860,5290043,17002400,374468247,394824887,390537766,4287121,20356640,55228036,44.4,1.41,11.92,4.54,5.42,47.08,8.54
106150761,MERCY HOSPITAL - BAKERSFIELD,2022,108347780,58743641,167091421,42822213,2471401,35843238,379507323,367800015,363673256,4126759,-11707308,-11352907,44.03,0.65,11.28,9.44,0.5,-53.28,-6.84
106150761,MERCY HOSPITAL - BAKERSFIELD,2023,104623043,58141096,162764139,41340005,3457442,25377002,373652620,378603942,371217719,7386223,4951322,13297255,43.56,0.93,11.06,6.79,-2.59,39.9,2.94
106150761,MERCY HOSPITAL - BAKERSFIELD,2024,113540419,56181381,169721800,42004478,3559891,28863763,407231662,442518597,439128405,3390192,35286935,56277896,41.68,0.87,10.31,7.09,4.27,2.96,16.88
106150775,GOOD SAMARITAN HOSPITAL - BAKERSFIELD,2020,12751677,2678489,15430166,2825124,244651,1468019,39088522,33671855,29043658,4628197,-5416667,-5481885,39.47,0.63,7.23,3.76,,,
106150775,GOOD SAMARITAN HOSPITAL - BAKERSFIELD,2021,13145125,3036241,16181366,2331921,262198,2301107,36960047,31206614,23828705,7377909,-5753433,-2597030,43.78,0.71,6.31,6.23,4.87,7.17,-7.32
106150775,GOOD SAMARITAN HOSPITAL - BAKERSFIELD,2022,16368181,3587297,19955478,3024036,251179,1300515,40468194,37925947,35088925,2837022,-2542247,286621,49.31,0.62,7.47,3.21,23.32,-4.2,21.53
106150775,GOOD SAMARITAN HOSPITAL - BAKERSFIELD,2023,15727868,3816181,19544049,3940844,347357,2667909,42009250,40311635,38064612,2247023,-1697615,-178453,46.52,0.83,9.38,6.35,-2.06,38.29,6.29
106150775,GOOD SAMARITAN HOSPITAL - BAKERSFIELD,2024,17086898,4314697,21401595,4076074,395997,3534135,54967330,54900160,52475496,2424664,-67170,954539,38.94,0.72,7.42,6.43,9.5,14.0,36.19
106150782,RIDGECREST REGIONAL HOSPITAL,2020,41926756,16360473,58287229,16557245,846346,12332063,139014861,131358227,130239894,1118333,-7656634,5320842,41.93,0.61,11.91,8.87,,,
106150782,RIDGECREST REGIONAL HOSPITAL,2021,53229816,18817311,72047127,17482012,744253,15107232,159915166,156604399,155859704,744695,-3310767,1552384,45.05,0.47,10.93,9.45,23.61,-12.06,19.22
106150782,RIDGECREST REGIONAL HOSPITAL,2022,55987093,20738964,76726057,15217962,673940,19875018,167905399,150675379,149653636,1021743,-17230020,-17661504,45.7,0.4,9.06,11.84,6.49,-9.45,-3.79
106150782,RIDGECREST REGIONAL HOSPITAL,2023,59266325,23578469,82844794,12871300,1475028,11369831,166842109,150834805,149297736,1537069,-16007304,-13098526,49.65,0.88,7.71,6.81,7.97,118.87,0.11
106150782,RIDGECREST REGIONAL HOSPITAL,2024,54268658,21318729,75587387,11220408,1197710,11131885,154227623,146310627,145154202,1156425,-7916996,-3434963,49.01,0.78,7.28,7.22,-8.76,-18.8,-3.0
106150788,ADVENTIST HEALTH BAKERSFIELD,2020,107666950,48117247,155784197,78115368,1396904,4181891,413114428,437944905,427007958,10936947,24830477,16713246,37.71,0.34,18.91,1.01,,,
106150788,ADVENTIST HEALTH BAKERSFIELD,2021,113214842,53963155,167177997,90316883,1494459,28561143,486040726,495640353,478276664,17363689,9599627,4281252,34.4,0.31,18.58,5.88,7.31,6.98,13.17
106150788,ADVENTIST HEALTH BAKERSFIELD,2022,129879338,55555698,185435036,94025939,1871000,29416932,496878185,479243991,472410690,6833301,-17634194,-20720606,37.32,0.38,18.92,5.92,10.92,25.2,-3.31
106150788,ADVENTIST HEALTH BAKERSFIELD,2023,169154028,45454628,214608656,111303855,1546587,11660718,537900094,549734041,542541563,7192478,11833947,24996935,39.9,0.29,20.69,2.17,15.73,-17.34,14.71
106150788,ADVENTIST HEALTH BAKERSFIELD,2024,195814427,87300313,283114740,147930204,2778853,13504436,704834525,704592254,698464738,6127516,-242271,-5197092,40.17,0.39,20.99,1.92,31.92,79.68,28.17
106150820,BAKERSFIELD REHABILITATION HOSPITAL,2023,9284400,2163474,11447874,841889,137253,3733929,25735302,18624105,18602211,21894,-7111197,-7207136,44.48,0.53,3.27,14.51,,,
106150820,"CENTRAL CALIFORNIA REHABILITATION HOSPITAL, LLC",2024,10892013,2530583,13422596,828679,165606,3354791,26904387,25491847,25480629,11218,-1412540,-1417392,49.89,0.62,3.08,12.47,17.25,20.66,36.88
106154022,ENCOMPASS HEALTH REHABILITATION HOSPITAL OF BAKERSFIELD,2020,17805715,3566873,21372588,2290870,368997,2324507,35882509,40128853,40024501,104352,4246344,2830152,59.56,1.03,6.38,6.48,,,
106154022,ENCOMPASS HEALTH REHABILITATION HOSPITAL OF BAKERSFIELD,2021,18911553,3703186,22614739,2162655,364212,2186526,37928026,39690205,39650266,39939,1762179,1266579,59.63,0.96,5.7,5.76,5.81,-1.3,-1.09
106154022,ENCOMPASS HEALTH REHABILITATION HOSPITAL OF BAKERSFIELD,2022,21342619,3767720,25110339,2310562,418938,4015132,42031563,42163989,42117176,46813,132426,138813,59.74,1.0,5.5,9.55,11.04,15.03,6.23
106154022,ENCOMPASS HEALTH REHABILITATION HOSPITAL OF BAKERSFIELD,2023,23514444,4093076,27607520,2401944,524727,3431958,44700360,44418319,44357761,60558,-282041,-268577,61.76,1.17,5.37,7.68,9.94,25.25,5.35
106154022,ENCOMPASS HEALTH REHABILITATION HOSPITAL OF BAKERSFIELD,2024,26094298,4760749,30855047,3367257,715487,2100857,49579841,49448863,49385349,63514,-130978,-83611,62.23,1.44,6.79,4.24,11.76,36.35,11.33
106154044,BAKERSFIELD BEHAVIORAL HEALTHCARE HOSPITAL,2020,10773935,2048870,12822805,1257619,116061,325022,22917447,19426114,19040951,385163,-3491333,-3491333,55.95,0.51,5.49,1.42,,,
106154044,BAKERSFIELD BEHAVIORAL HEALTHCARE HOSPITAL,2021,10818723,3018323,13837046,1141105,194324,1005697,24635477,18929012,18716042,212970,-5706465,-5705383,56.17,0.79,4.63,4.08,7.91,67.43,-2.56
106154044,BAKERSFIELD BEHAVIORAL HEALTHCARE HOSPITAL,2022,11873466,2245842,14119308,549100,178646,2774448,26066906,19210689,19184050,26639,-6856217,-6856219,54.17,0.69,2.11,10.64,2.04,-8.07,1.49
106154044,BAKERSFIELD BEHAVIORAL HEALTHCARE HOSPITAL,2023,12887970,2737995,15625965,911059,177750,4267757,29942420,30032138,26084716,3947422,89718,89718,52.19,0.59,3.04,14.25,10.67,-0.5,56.33
106154044,BAKERSFIELD BEHAVIORAL HEALTHCARE HOSPITAL,2024,16730236,3251755,19981991,1023618,205636,807548,35017543,35342969,32891053,2451916,325426,325423,57.06,0.59,2.92,2.31,27.88,15.69,17.68
106154101,BAKERSFIELD HEART HOSPITAL,2020,27308614,6529444,33838058,15891507,359935,4180590,83403138,79498604,79003249,495355,-3904534,-1000345,40.57,0.43,19.05,5.01,,,
106154101,BAKERSFIELD HEART HOSPITAL,2021,27531867,6501039,34032906,14634196,89368,4907128,84131482,77487103,71359021,6128082,-6644379,-6648237,40.45,0.11,17.39,5.83,0.58,-75.17,-2.53
106154101,BAKERSFIELD HEART HOSPITAL,2022,24208849,6925523,31134372,13437254,198607,7696979,82905934,60515700,60332078,183622,-22390234,-22419332,37.55,0.24,16.21,9.28,-8.52,122.24,-21.9
106154160,CRESTWOOD PSYCHIATRIC HEALTH FACILITY - BAKERSFIELD,2020,1957039,747646,2704685,184856,45329,1125,4064335,4699919,4683865,16054,635584,635584,66.55,1.12,4.55,0.03,,,
106154160,CRESTWOOD PSYCHIATRIC HEALTH FACILITY - BAKERSFIELD,2021,1949419,781975,2731394,167471,41634,989,4137828,4687313,4581051,106262,549485,549485,66.01,1.01,4.05,0.02,0.99,-8.15,-0.27
106154160,CRESTWOOD PSYCHIATRIC HEALTH FACILITY - BAKERSFIELD,2022,2029878,765690,2795568,161401,12732,1202,4422833,5041338,5024174,17164,618505,618505,63.21,0.29,3.65,0.03,2.35,-69.42,7.55
106154160,CRESTWOOD PSYCHIATRIC HEALTH FACILITY - BAKERSFIELD,2023,2125521,757406,2882927,179525,14997,1251,4631116,5431448,4791667,639781,800332,800332,62.25,0.32,3.88,0.03,3.12,17.79,7.74
106154160,CRESTWOOD PSYCHIATRIC HEALTH FACILITY - BAKERSFIELD,2024,2406557,853735,3260292,171830,15287,975,5071287,5362656,4586363,776293,291369,291369,64.29,0.3,3.39,0.02,13.09,1.93,-1.27
106154168,ADVENTIST HEALTH TEHACHAPI VALLEY,2020,13496647,4567166,18063813,3453050,68376,560714,43175745,47888083,42860827,5027256,4712338,5020366,41.84,0.16,8.0,1.3,,,
106154168,ADVENTIST HEALTH TEHACHAPI VALLEY,2021,16044656,6232456,22277112,7115859,153639,2583577,54614269,58413255,52619436,5793819,3798986,4010172,40.79,0.28,13.03,4.73,23.32,124.7,21.98
106154168,ADVENTIST HEALTH TEHACHAPI VALLEY,2022,16862983,7551569,24414552,4619431,154197,2851649,56146044,56394050,54290881,2103169,248006,-11828,43.48,0.27,8.23,5.08,9.59,0.36,-3.46
106154168,ADVENTIST HEALTH TEHACHAPI VALLEY,2023,20018543,7914172,27932715,5228493,168138,1396472,59550631,63063652,59404438,3659214,3513021,5285161,46.91,0.28,8.78,2.35,14.41,9.04,11.83
106154168,ADVENTIST HEALTH TEHACHAPI VALLEY,2024,24134106,10206666,34340772,6647265,266802,1789797,72362058,69989669,68123311,1866358,-2372389,1767270,47.46,0.37,9.19,2.47,22.94,58.68,10.98
106164029,ADVENTIST HEALTH HANFORD,2020,84038344,37378256,121416600,45035257,1061252,7003914,316507937,345217292,333964512,11252780,28709355,25857958,38.36,0.34,14.23,2.21,,,
106164029,ADVENTIST HEALTH HANFORD,2021,89425324,37138403,126563727,50519260,3506245,15735698,341520930,414549329,396673932,17875397,73028399,79512653,37.06,1.03,14.79,4.61,4.24,230.39,20.08
106164029,ADVENTIST HEALTH HANFORD,2022,93884779,40713166,134597945,46228060,3445567,13975013,348171320,373488639,364255798,9232841,25317319,10447073,38.66,0.99,13.28,4.01,6.35,-1.73,-9.9
106164029,ADVENTIST HEALTH HANFORD,2023,123045015,29998497,153043512,48769392,2904728,7423024,363480377,404464361,388912672,15551689,40983984,57044380,42.11,0.8,13.42,2.04,13.7,-15.7,8.29
106164029,ADVENTIST HEALTH HANFORD,2024,137089756,41041470,178131226,53829473,4778443,5598052,412703646,457798572,445593212,12205360,45094926,59282362,43.16,1.16,13.04,1.36,16.39,64.51,13.19
106171049,ADVENTIST HEALTH CLEARLAKE,2020,39428546,19136774,58565320,10212403,251706,2611215,142970561,141150950,131043189,10107761,-1819611,-872593,40.96,0.18,7.14,1.83,,,
106171049,ADVENTIST HEALTH CLEARLAKE,2021,46147087,22678367,68825454,13305639,483783,3842412,177554846,160325787,153326934,6998853,-17229059,-14473732,38.76,0.27,7.49,2.16,17.52,92.2,13.58
106171049,ADVENTIST HEALTH CLEARLAKE,2022,49537359,22148982,71686341,12328167,586954,5404194,191698122,188219929,169542969,18676960,-3478193,-5146309,37.4,0.31,6.43,2.82,4.16,21.33,17.4
106171049,ADVENTIST HEALTH CLEARLAKE,2023,53625850,27812916,81438766,14104562,447568,5967124,195797580,191654049,177286207,14367842,-4143531,-865505,41.59,0.23,7.2,3.05,13.6,-23.75,1.82
106171049,ADVENTIST HEALTH CLEARLAKE,2024,59368619,32815623,92184242,13076555,728340,3930722,209729803,190106044,185069817,5036227,-19623759,-17011138,43.95,0.35,6.23,1.87,13.19,62.73,-0.81
106171395,SUTTER LAKESIDE HOSPITAL,2020,27628567,15205235,42833802,7054859,749549,3272223,86958325,93550055,80177485,13372570,6591730,6415634,49.26,0.86,8.11,3.76,,,
106171395,SUTTER LAKESIDE HOSPITAL,2021,28549707,14927732,43477439,8375465,799094,3244063,84897775,90863931,90252291,611640,5966156,10831363,51.21,0.94,9.87,3.82,1.5,6.61,-2.87
106171395,SUTTER LAKESIDE HOSPITAL,2022,27145503,13501361,40646864,7923236,764773,12902099,92430293,93299156,92787205,511951,868863,-388082,43.98,0.83,8.57,13.96,-6.51,-4.29,2.68
106171395,SUTTER LAKESIDE HOSPITAL,2023,29888855,15457408,45346263,9114925,782991,7217893,103898594,105641715,105177139,464576,1743121,7273838,43.64,0.75,8.77,6.95,11.56,2.38,13.23
106171395,SUTTER LAKESIDE HOSPITAL,2024,36024091,16784649,52808740,8715487,616729,1651621,104189418,117418924,116796681,622243,13229506,15995778,50.69,0.59,8.37,1.59,16.46,-21.23,11.15
106184008,BANNER LASSEN MEDICAL CENTER,2020,13954672,2638590,16593262,2911950,45688,2487381,40514565,43372426,40618600,2753826,2857861,2859061,40.96,0.11,7.19,6.14,,,
106184008,BANNER LASSEN MEDICAL CENTER,2021,14893826,2656832,17550658,3063625,52708,4513187,45032150,43728532,42849406,879126,-1303618,-1272618,38.97,0.12,6.8,10.02,5.77,15.37,0.82
106184008,BANNER LASSEN MEDICAL CENTER,2022,15110382,2626437,17736819,3457032,63519,5767834,48058483,43826617,43050007,776610,-4231866,-1281573,36.91,0.13,7.19,12.0,1.06,20.51,0.22
106184008,BANNER LASSEN MEDICAL CENTER,2023,15429151,2803101,18232252,3331794,70977,3994639,47883623,42930824,42853681,77143,-4952799,-4952549,38.08,0.15,6.96,8.34,2.79,11.74,-2.04
106184008,BANNER LASSEN MEDICAL CENTER,2024,17362888,3282453,20645341,4308615,495744,2120438,50014075,43146909,43108231,38678,-6867166,-6867166,41.28,0.99,8.61,4.24,13.24,598.46,0.5
106190017,ALHAMBRA HOSPITAL MEDICAL CENTER,2020,40642372,14171448,54813820,10579720,337114,1159914,199916105,204660189,204128483,531706,4744084,7339749,27.42,0.17,5.29,0.58,,,
106190017,ALHAMBRA HOSPITAL MEDICAL CENTER,2021,39541055,13388498,52929553,11928220,337346,2998406,226392003,236666355,228629975,8036380,10274352,10788061,23.38,0.15,5.27,1.32,-3.44,0.07,15.64
106190017,ALHAMBRA HOSPITAL MEDICAL CENTER,2022,40123449,14100823,54224272,12424292,337061,6075279,227629369,237994074,237325270,668804,10364705,11276631,23.82,0.15,5.46,2.67,2.45,-0.08,0.56
106190017,ALHAMBRA HOSPITAL MEDICAL CENTER,2023,44397887,15366168,59764055,13857054,376637,6592504,259899442,268681184,267348715,1332469,8781742,10073811,23.0,0.14,5.33,2.54,10.22,11.74,12.89
106190017,ALHAMBRA HOSPITAL MEDICAL CENTER,2024,45943297,15682013,61625310,12009619,485670,4719898,278161273,282401383,281742308,659075,4240110,9964096,22.15,0.17,4.32,1.7,3.11,28.95,5.11
106190020,BHC ALHAMBRA HOSPITAL,2020,13184029,1796914,14980943,1258850,244487,0,22603982,37605411,36615722,989689,15001429,14648612,66.28,1.08,5.57,0.0,,,
106190020,BHC ALHAMBRA HOSPITAL,2021,13609868,1775491,15385359,1202905,356711,0,23476263,39059912,39051168,8744,15583649,15213099,65.54,1.52,5.12,0.0,2.7,45.9,3.87
106190020,BHC ALHAMBRA HOSPITAL,2022,14720495,1905787,16626282,1334877,336413,0,25192557,40987416,40978671,8745,15794859,15395194,66.0,1.34,5.3,0.0,8.07,-5.69,4.93
106190020,BHC ALHAMBRA HOSPITAL,2023,15652096,2116446,17768542,1365781,380092,0,26644737,44011806,43769021,242785,17367069,17087924,66.69,1.43,5.13,0.0,6.87,12.98,7.38
106190020,BHC ALHAMBRA HOSPITAL,2024,17114965,2556253,19671218,1400880,499231,0,28679314,45919511,45911376,8135,17240197,16992664,68.59,1.74,4.88,0.0,10.71,31.34,4.33
106190034,ANTELOPE VALLEY HOSPITAL,2020,194088406,63688105,257776511,69126228,2951681,33787148,444867820,445011323,430463798,14547525,143503,10698420,57.94,0.66,15.54,7.59,,,
106190034,ANTELOPE VALLEY HOSPITAL,2021,200119159,63587646,263706805,74958684,1778831,49094358,479934691,495666900,481358656,14308244,15732209,17983152,54.95,0.37,15.62,10.23,2.3,-39.73,11.38
106190034,ANTELOPE VALLEY HOSPITAL,2022,183300557,97329902,280630459,71361490,5680930,16782190,486496176,481117153,461501849,19615304,-5379023,-11181247,57.68,1.17,14.67,3.45,6.42,219.36,-2.94
106190034,ANTELOPE VALLEY HOSPITAL,2023,185329109,98216242,283545351,73241180,6286424,30621691,505263199,509688405,496855609,12832796,4425206,5051885,56.12,1.24,14.5,6.06,1.04,10.66,5.94
106190034,ANTELOPE VALLEY MEDICAL CENTER,2024,193921580,90713929,284635509,75852884,5472537,29992738,519052166,527417972,514016380,13401592,8365806,13834459,54.84,1.05,14.61,5.78,0.38,-12.95,3.48
106190045,CATALINA ISLAND MEDICAL CENTER,2020,4883374,1298330,6181704,741689,163740,747595,12318589,9039227,8980859,58368,-3279362,1298325,50.18,1.33,6.02,6.07,,,
106190045,CATALINA ISLAND MEDICAL CENTER,2021,5047332,1566384,6613716,864704,187248,1494988,13544005,11053812,10920869,132943,-2490193,-114043,48.83,1.38,6.38,11.04,6.99,14.36,22.29
106190045,CATALINA ISLAND MEDICAL CENTER,2022,5256386,1889302,7145688,746304,265870,1949146,14999087,14359285,14263254,96031,-639802,2306308,47.64,1.77,4.98,13.0,8.04,41.99,29.9
106190045,CATALINA ISLAND MEDICAL CENTER,2023,6661625,2270717,8932342,752745,317852,1676468,18068140,15536784,15440780,96004,-2531356,2847906,49.44,1.76,4.17,9.28,25.0,19.55,8.2
106190045,CATALINA ISLAND MEDICAL CENTER,2024,7327416,2750830,10078246,714538,370254,731907,18689918,13409150,13332805,76345,-5280768,285583,53.92,1.98,3.82,3.92,12.83,16.49,-13.69
106190049,KINDRED HOSPITAL - BALDWIN PARK,2020,19421119,5460014,24881133,4759379,463247,1774266,49478664,55937235,55730403,206832,6458571,6516031,50.29,0.94,9.62,3.59,,,
106190049,KINDRED HOSPITAL - BALDWIN PARK,2021,20700374,5875166,26575540,4920144,622107,1701092,54253390,58253803,57961335,292468,4000413,4142321,48.98,1.15,9.07,3.14,6.81,34.29,4.14
106190049,KINDRED HOSPITAL - BALDWIN PARK,2022,21241568,5246543,26488111,4807658,436999,3345650,50584004,56129026,55908745,220281,5545022,5586548,52.36,0.86,9.5,6.61,-0.33,-29.76,-3.65
106190049,KINDRED HOSPITAL - BALDWIN PARK,2023,21236576,5361035,26597611,4288260,992396,1839561,48824233,55380226,55163150,217076,6555993,6586041,54.48,2.03,8.78,3.77,0.41,127.09,-1.33
106190049,KINDRED HOSPITAL - BALDWIN PARK,2024,23729082,5759149,29488231,5222917,1112235,2622758,52536309,66606798,66197886,408912,14070489,14149627,56.13,2.12,9.94,4.99,10.87,12.08,20.27
106190052,BARLOW RESPIRATORY HOSPITAL,2020,28335005,11412223,39747228,6197081,436312,2487015,64769841,61053878,60754689,299189,-3715963,-3399243,61.37,0.67,9.57,3.84,,,
106190052,BARLOW RESPIRATORY HOSPITAL,2021,27163958,10233755,37397713,5479491,851558,2151096,63736219,59710617,56428846,3281771,-4025602,2934907,58.68,1.34,8.6,3.37,-5.91,95.17,-2.2
106190052,BARLOW RESPIRATORY HOSPITAL,2022,27717336,11140351,38857687,5092247,1068282,2579856,63888687,55444298,52534088,2910210,-8444389,-6725324,60.82,1.67,7.97,4.04,3.9,25.45,-7.14
106190052,BARLOW RESPIRATORY HOSPITAL,2023,29850630,11733860,41584490,5410880,718460,3595063,68654497,64393589,61364300,3029289,-4260908,-4497680,60.57,1.05,7.88,5.24,7.02,-32.75,16.14
106190052,BARLOW RESPIRATORY HOSPITAL,2024,34566811,13186096,47752907,5830894,509560,2061371,75596381,72803531,72251266,552265,-2792850,-809643,63.17,0.67,7.71,2.73,14.83,-29.08,13.06
106190053,ST. MARY MEDICAL CENTER - LONG BEACH,2020,109123409,56794587,165917996,38877172,2738357,17018830,380861590,398163034,380224862,17938172,17301444,128985713,43.56,0.72,10.21,4.47,,,
106190053,ST. MARY MEDICAL CENTER - LONG BEACH,2021,113151870,61380362,174532232,45576671,5092040,25481163,413747078,389586452,375559117,14027335,-24160626,-21417242,42.18,1.23,11.02,6.16,5.19,85.95,-2.15
106190053,ST. MARY MEDICAL CENTER - LONG BEACH,2022,114319545,60453509,174773054,40997938,2774355,25443883,405651373,369545187,355703208,13841979,-36106186,-29282310,43.08,0.68,10.11,6.27,0.14,-45.52,-5.14
106190053,ST. MARY MEDICAL CENTER - LONG BEACH,2023,122234704,66041278,188275982,40426804,5475601,27662345,444822173,427782391,404971086,22811305,-17039782,-14537666,42.33,1.23,9.09,6.22,7.73,97.36,15.76
106190053,ST. MARY MEDICAL CENTER - LONG BEACH,2024,126104296,63903106,190007402,37426345,5989553,28403232,477335251,453168189,437605533,15562656,-24167062,-22459620,39.81,1.25,7.84,5.95,0.92,9.39,5.93
106190081,BEVERLY HOSPITAL,2020,49578701,21667815,71246516,21831636,154000,5204058,183379269,166368617,165991296,377321,-17010652,-3357091,38.85,0.08,11.91,2.84,,,
106190081,BEVERLY HOSPITAL,2021,52995945,20104594,73100539,22459093,154999,7493837,179072377,169900687,169719086,181601,-9171690,-3839967,40.82,0.09,12.54,4.18,2.6,0.65,2.12
106190081,BEVERLY HOSPITAL,2022,55290949,20206822,75497771,22304597,164596,17335226,202563685,155024230,154960714,63516,-47539455,-46728444,37.27,0.08,11.01,8.56,3.28,6.19,-8.76
106190125,CALIFORNIA HOSPITAL MEDICAL CENTER,2020,135290606,65336823,200627429,37848823,5880207,12648098,476592094,554405933,519399179,35006754,77813839,287960525,42.1,1.23,7.94,2.65,,,
106190125,CALIFORNIA HOSPITAL MEDICAL CENTER,2021,141769154,76281508,218050662,44473671,6657205,21524539,528134915,574424298,534180198,40244100,46289383,48071178,41.29,1.26,8.42,4.08,8.68,13.21,3.61
106190125,CALIFORNIA HOSPITAL MEDICAL CENTER,2022,147869267,75515920,223385187,43182642,3910591,32663938,531064633,544379191,515133727,29245464,13314558,21917938,42.06,0.74,8.13,6.15,2.45,-41.26,-5.23
106190125,CALIFORNIA HOSPITAL MEDICAL CENTER,2023,152854411,78606077,231460488,44364378,6675758,33020895,588120423,622775133,579932316,42842817,34654710,33817784,39.36,1.14,7.54,5.61,3.61,70.71,14.4
106190125,CALIFORNIA HOSPITAL MEDICAL CENTER,2024,168499656,79464464,247964120,44293875,5686910,32218139,632788999,697609176,661535454,36073722,64820177,64877176,39.19,0.9,7.0,5.09,7.13,-14.81,12.02
106190137,CASA COLINA HOSPITAL AND CENTER FOR HEALTH CARE,2020,36293495,12064932,48358427,12736760,348563,2059180,89438135,84410376,82610250,1800126,-5027759,-1876958,54.07,0.39,14.24,2.3,,,
106190137,CASA COLINA HOSPITAL AND CENTER FOR HEALTH CARE,2021,34998261,11719706,46717967,12935140,320025,1886289,91960509,85067287,81351022,3716265,-6893222,-3569069,50.8,0.35,14.07,2.05,-3.39,-8.19,0.78
106190137,CASA COLINA HOSPITAL AND CENTER FOR HEALTH CARE,2022,39021149,13024463,52045612,14600833,376411,4116608,98368276,98754433,96685051,2069382,386157,4420786,52.91,0.38,14.84,4.18,11.4,17.62,16.09
106190137,CASA COLINA HOSPITAL AND CENTER FOR HEALTH CARE,2023,41708546,13369317,55077863,16523417,415465,2927015,101670879,88667018,86638903,2028115,-13003861,-9138247,54.17,0.41,16.25,2.88,5.83,10.38,-10.21
106190137,CASA COLINA HOSPITAL AND CENTER FOR HEALTH CARE,2024,44555719,14083181,58638900,18293227,524434,4357681,106657906,91988787,88299208,3689579,-14669119,-10258625,54.98,0.49,17.15,4.09,6.47,26.23,3.75
106190148,CENTINELA HOSPITAL MEDICAL CENTER,2020,84083908,25659574,109743482,21954032,2915562,16484339,247266910,271850745,259621680,12229065,24583835,20959628,44.38,1.18,8.88,6.67,,,
106190148,CENTINELA HOSPITAL MEDICAL CENTER,2021,86202493,27383769,113586262,20768151,3041133,25047426,248926178,275179415,262743746,12435669,26253237,24169440,45.63,1.22,8.34,10.06,3.5,4.31,1.22
106190148,CENTINELA HOSPITAL MEDICAL CENTER,2022,80209091,26276451,106485542,18473560,2624699,33310918,247064053,245070830,242155097,2915733,-1993223,-3872255,43.1,1.06,7.48,13.48,-6.25,-13.69,-10.94
106190148,CENTINELA HOSPITAL MEDICAL CENTER,2023,87759264,18176796,105936060,16539701,3145800,19132561,241130314,252993052,249786596,3206456,11862738,10953743,43.93,1.3,6.86,7.93,-0.52,19.85,3.23
106190148,CENTINELA HOSPITAL MEDICAL CENTER,2024,109463865,18548175,128012040,21185712,3137606,18085002,277211414,320632339,318396186,2236153,43420925,42573981,46.18,1.13,7.64,6.52,20.84,-0.26,26.74
106190150,KEDREN COMMUNITY MENTAL HEALTH CENTER,2020,18941496,3968966,22910462,1161107,188597,6636862,37004622,37168325,37004625,163700,163703,231514,61.91,0.51,3.14,17.94,,,
106190150,KEDREN COMMUNITY MENTAL HEALTH CENTER,2021,19930880,6106033,26036913,1073299,242191,6490840,40619378,38131788,37876383,255405,-2487590,-2487590,64.1,0.6,2.64,15.98,13.65,28.42,2.59
106190150,KEDREN COMMUNITY MENTAL HEALTH CENTER,2022,21166736,4635050,25801786,1234474,336617,7484099,40956030,41228765,41025219,203546,272735,272735,63.0,0.82,3.01,18.27,-0.9,38.99,8.12
106190150,KEDREN COMMUNITY MENTAL HEALTH CENTER,2023,22845404,3886222,26731626,1782001,350229,6156154,42848236,43209202,42887464,321738,360966,360966,62.39,0.82,4.16,14.37,3.6,4.04,4.8
106190150,KEDREN COMMUNITY MENTAL HEALTH CENTER,2024,25969216,4259019,30228235,1663420,375963,11188121,52878211,49392770,49193013,199757,-3485441,-3283750,57.17,0.71,3.15,21.16,13.08,7.35,14.31
106190155,CALIFORNIA REHABILITATION INSTITUTE,2020,48958272,12879383,61837655,4567284,580782,2465267,108094129,133334662,131763056,1571606,25240533,24847915,57.21,0.54,4.23,2.28,,,
106190155,CALIFORNIA REHABILITATION INSTITUTE,2021,50232665,12636853,62869518,4531520,499130,6724979,116011495,142430938,141032514,1398424,26419443,26367118,54.19,0.43,3.91,5.8,1.67,-14.06,6.82
106190155,CALIFORNIA REHABILITATION INSTITUTE,2022,52728202,13747638,66475840,4123761,585293,11398273,121988974,137778537,137498026,280511,15789563,16318312,54.49,0.48,3.38,9.34,5.74,17.26,-3.27
106190155,CALIFORNIA REHABILITATION INSTITUTE,2023,58490697,14012872,72503569,4373597,362173,5209969,127171189,146416434,146218881,197553,19245245,20503618,57.01,0.28,3.44,4.1,9.07,-38.12,6.27
106190155,CALIFORNIA REHABILITATION INSTITUTE,2024,62703990,17031527,79735517,4502925,564444,2208141,133986514,151625323,151411057,214266,17638809,19392796,59.51,0.42,3.36,1.65,9.97,55.85,3.56
106190163,AURORA CHARTER OAK,2020,19633330,4190821,23824151,1792638,253852,413606,42796705,46132206,45211107,921099,3335501,3335501,55.67,0.59,4.19,0.97,,,
106190163,AURORA CHARTER OAK,2021,21753244,4031587,25784831,1559313,364686,696745,45782030,48274989,48248509,26480,2492959,2492777,56.32,0.8,3.41,1.52,8.23,43.66,4.64
106190163,AURORA CHARTER OAK,2022,23906742,4387709,28294451,1485568,309479,224006,49409520,48138564,48043259,95305,-1270956,-1270958,57.27,0.63,3.01,0.45,9.73,-15.14,-0.28
106190163,AURORA CHARTER OAK,2023,24263778,4542347,28806125,1559634,400200,1431239,52775225,51339192,51016038,323154,-1436033,-1436033,54.58,0.76,2.96,2.71,1.81,29.31,6.65
106190163,AURORA CHARTER OAK,2024,26227727,4907546,31135273,1682424,443692,4908318,58598588,56367625,56338201,29424,-2230963,-2230966,53.13,0.76,2.87,8.38,8.09,10.87,9.79
106190170,CHILDREN'S HOSPITAL LOS ANGELES,2020,483667689,176986404,660654093,173422947,1900730,169257905,1324254615,1278324058,1110289641,168034417,-45930557,-968978,49.89,0.14,13.1,12.78,,,
106190170,CHILDREN'S HOSPITAL LOS ANGELES,2021,496144060,169606558,665750618,187949690,2877498,167296552,1331784295,1269613412,1006700915,262912497,-62170883,73444323,49.99,0.22,14.11,12.56,0.77,51.39,-0.68
106190170,CHILDREN'S HOSPITAL LOS ANGELES,2022,528259928,207472835,735732763,187464865,1182877,180043294,1443220259,1320096726,1096252308,223844418,-123123533,-116892350,50.98,0.08,12.99,12.48,10.51,-58.89,3.98
106190170,CHILDREN'S HOSPITAL LOS ANGELES,2023,598534606,219380748,817915354,223533644,1182877,229571685,1648286467,1383668079,1258852667,124815412,-264618388,-29007345,49.62,0.07,13.56,13.93,11.17,0.0,4.82
106190170,CHILDREN'S HOSPITAL LOS ANGELES,2024,661700385,243612298,905312683,265729232,1286449,237000710,1807753594,1556991522,1395809744,161181778,-250762072,-42214365,50.08,0.07,14.7,13.11,10.69,8.76,12.53
106190176,CITY OF HOPE HELFORD CLINICAL RESEARCH HOSPITAL,2020,423500555,172825859,596326414,387060815,1530425,11956429,1440279023,1429599847,1346955524,82644323,-10679176,33822187,41.4,0.11,26.87,0.83,,,
106190176,CITY OF HOPE HELFORD CLINICAL RESEARCH HOSPITAL,2021,454133962,192211167,646345129,454315225,1910209,12357685,1590312297,1557661123,1448505237,109155886,-32651174,81995705,40.64,0.12,28.57,0.78,8.39,24.82,8.96
106190176,CITY OF HOPE HELFORD CLINICAL RESEARCH HOSPITAL,2022,519089311,210964415,730053726,635475877,1411771,24875730,1976369324,1944717716,1830678570,114039146,-31651608,-147441637,36.94,0.07,32.15,1.26,12.95,-26.09,24.85
106190176,CITY OF HOPE HELFORD CLINICAL RESEARCH HOSPITAL,2023,587625012,232022875,819647887,854051004,2715825,14253500,2371303839,2464679763,2279670517,185009246,93375924,181926278,34.57,0.11,36.02,0.6,12.27,92.37,26.74
106190176,CITY OF HOPE HELFORD CLINICAL RESEARCH HOSPITAL,2024,670643807,265401830,936045637,1095816848,563673,12299598,2718712090,2865294271,2592629960,272664311,146582181,210494046,34.43,0.02,40.31,0.45,14.2,-79.24,16.25
106190184,COLLEGE HOSPITAL,2020,32845275,9939923,42785198,1111289,562220,735759,72055724,72168066,72131078,36988,112342,1636841,59.38,0.78,1.54,1.02,,,
106190184,COLLEGE HOSPITAL,2021,33670811,9601140,43271951,1138278,712657,623421,71264160,72405792,72325791,80001,1141632,1147019,60.72,1.0,1.6,0.87,1.14,26.76,0.33
106190184,COLLEGE HOSPITAL,2022,34684744,9727205,44411949,1153801,685438,945017,73022588,73141379,73082604,58775,118791,157481,60.82,0.94,1.58,1.29,2.63,-3.82,1.02
106190184,COLLEGE HOSPITAL,2023,36848597,10507146,47355743,1103429,914845,1136107,77935172,75042479,74944265,98214,-2892693,-2719508,60.76,1.17,1.42,1.46,6.63,33.47,2.6
106190184,COLLEGE HOSPITAL,2024,39641376,11270319,50911695,1749330,1049148,1011440,81501308,83041382,82913346,128036,1540074,1711618,62.47,1.29,2.15,1.24,7.51,14.68,10.66
106190196,KINDRED HOSPITAL - SOUTH BAY,2020,13745213,3763249,17508462,3155996,1047539,2152542,35356399,35150043,35032020,118023,-206356,-188099,49.52,2.96,8.93,6.09,,,
106190196,KINDRED HOSPITAL - SOUTH BAY,2021,13566274,3395129,16961403,2722678,1461551,2078766,35287729,32159444,32079010,80434,-3128285,-3051043,48.07,4.14,7.72,5.89,-3.12,39.52,-8.51
106190196,KINDRED HOSPITAL - SOUTH BAY,2022,14551671,3530972,18082643,2818593,689287,4222096,37567030,35093911,34948576,145335,-2473119,-2451521,48.13,1.83,7.5,11.24,6.61,-52.84,9.12
106190196,KINDRED HOSPITAL - SOUTH BAY,2023,16860005,3941591,20801596,2858913,1162218,2428937,40175014,36375732,36238140,137592,-3799282,-3801240,51.78,2.89,7.12,6.05,15.04,68.61,3.65
106190196,KINDRED HOSPITAL - SOUTH BAY,2024,15711353,3796556,19507909,2863916,1209411,1605339,37734088,33742449,33432719,309730,-3991639,-3973462,51.7,3.21,7.59,4.25,-6.22,4.06,-7.24
106190197,COMMUNITY HOSPITAL OF HUNTINGTON PARK,2020,23891091,6661807,30552898,6046423,301689,4350105,62956627,82865805,75966329,6899476,19909178,19909178,48.53,0.48,9.6,6.91,,,
106190197,COMMUNITY HOSPITAL OF HUNTINGTON PARK,2021,21857383,6705510,28562893,6936045,195013,7453246,66404656,70202625,64514016,5688609,3797969,3829353,43.01,0.29,10.45,11.22,-6.51,-35.36,-15.28
106190197,COMMUNITY HOSPITAL OF HUNTINGTON PARK,2022,23535545,6211669,29747214,5523082,244426,11166112,69622900,63498709,62338878,1159831,-6124191,-6268894,42.73,0.35,7.93,16.04,4.15,25.34,-9.55
106190197,COMMUNITY HOSPITAL OF HUNTINGTON PARK,2023,22014159,6362838,28376997,5417262,300398,8571743,67481211,72270400,71667454,602946,4789189,12638022,42.05,0.45,8.03,12.7,-4.61,22.9,13.81
106190197,COMMUNITY HOSPITAL OF HUNTINGTON PARK,2024,25196954,6695891,31892845,5244627,351108,4078296,68212954,74920484,74720825,199659,6707530,6804801,46.75,0.51,7.69,5.98,12.39,16.88,3.67
106190198,LOS ANGELES COMMUNITY HOSPITAL,2020,50943752,11323333,62267085,8730581,2859297,4265560,174227214,179961467,171336488,8624979,5734253,5734650,35.74,1.64,5.01,2.45,,,
106190198,LOS ANGELES COMMUNITY HOSPITAL,2021,50797172,9346899,60144071,11053753,482585,7300772,168306024,197991251,197395061,596190,29685227,25167075,35.73,0.29,6.57,4.34,-3.41,-83.12,10.02
106190198,LOS ANGELES COMMUNITY HOSPITAL,2022,50088899,12384127,62473026,11639802,352422,18484676,178212766,189685584,188909051,776533,11472818,11472818,35.06,0.2,6.53,10.37,3.87,-26.97,-4.19
106190198,LOS ANGELES COMMUNITY HOSPITAL,2023,54621311,12177721,66799032,11689393,240504,20275007,197902785,180536417,179980512,555905,-17366368,-17366368,33.75,0.12,5.91,10.24,6.92,-31.76,-4.82
106190198,LOS ANGELES COMMUNITY HOSPITAL,2024,63035723,13815200,76850923,10407983,929072,16279879,316901202,314667862,314068028,599834,-2233340,-2370754,24.25,0.29,3.28,5.14,15.05,286.3,74.3
106190200,SAN GABRIEL VALLEY MEDICAL CENTER,2020,64193156,21858908,86052064,21540251,1703991,1886514,193181192,189478816,188967722,511094,-3702376,717281,44.54,0.88,11.15,0.98,,,
106190200,SAN GABRIEL VALLEY MEDICAL CENTER,2021,61405703,22105943,83511646,21421536,1990450,858567,191116876,189149483,188683491,465992,-1967393,5017820,43.7,1.04,11.21,0.45,-2.95,16.81,-0.17
106190200,SAN GABRIEL VALLEY MEDICAL CENTER,2022,65481880,23970396,89452276,22918249,2288039,1465504,204399660,197913418,197576105,337313,-6486242,-5937653,43.76,1.12,11.21,0.72,7.11,14.95,4.63
106190200,SAN GABRIEL VALLEY MEDICAL CENTER,2023,67916410,24982202,92898612,22589955,2221352,1807630,202716641,190550020,189433816,1116204,-12166621,-11087863,45.83,1.1,11.14,0.89,3.85,-2.91,-3.72
106190200,SAN GABRIEL VALLEY MEDICAL CENTER,2024,65688159,24652666,90340825,20993212,2351336,2587267,222058871,204245024,203845581,399443,-17813847,-15552903,40.68,1.06,9.45,1.17,-2.75,5.85,7.19
106190232,DEL AMO HOSPITAL,2020,19392808,5268585,24661393,2239755,296825,0,34254568,46132943,45008871,1124072,11878375,11496062,71.99,0.87,6.54,0.0,,,
106190232,DEL AMO HOSPITAL,2021,21877914,5602282,27480196,2175272,432977,0,37593560,49627312,49576924,50388,12033752,11606104,73.1,1.15,5.79,0.0,11.43,45.87,7.57
106190232,DEL AMO HOSPITAL,2022,23932914,4837590,28770504,2389898,306543,0,39548866,52933488,52896781,36707,13384622,12923159,72.75,0.78,6.04,0.0,4.7,-29.2,6.66
106190232,DEL AMO HOSPITAL,2023,25186553,5647930,30834483,2165940,357484,0,42795621,56454257,56141273,312984,13658636,13368408,72.05,0.84,5.06,0.0,7.17,16.62,6.65
106190232,DEL AMO HOSPITAL,2024,25360906,6153290,31514196,2558033,633390,0,45470817,58677144,58647892,29252,13206327,12913918,69.31,1.39,5.63,0.0,2.2,77.18,3.94
106190240,LAKEWOOD REGIONAL MEDICAL CENTER,2020,68947392,29692640,98640032,33356828,2991162,8993739,214387033,231948838,230031342,1917496,17561805,17839156,46.01,1.4,15.56,4.2,,,
106190240,LAKEWOOD REGIONAL MEDICAL CENTER,2021,72442811,30280381,102723192,37116798,2197433,15335792,230754002,271590006,262800970,8789036,40836004,40921568,44.52,0.95,16.09,6.65,4.14,-26.54,17.09
106190240,LAKEWOOD REGIONAL MEDICAL CENTER,2022,76487381,30445122,106932503,37302648,2575262,19337051,238053496,265885316,263754499,2130817,27831820,28221202,44.92,1.08,15.67,8.12,4.1,17.19,-2.1
106190240,LAKEWOOD REGIONAL MEDICAL CENTER,2023,84662533,30054786,114717319,37970414,3635232,9156683,237652265,256172273,254805253,1367020,18520008,18915071,48.27,1.53,15.98,3.85,7.28,41.16,-3.65
106190243,PIH HOSPITAL - DOWNEY,2020,77748650,26950405,104699055,22323779,1707730,1598601,180342170,183151792,167980368,15171424,2809622,2970430,58.06,0.95,12.38,0.89,,,
106190243,PIH HOSPITAL - DOWNEY,2021,81190782,27881641,109072423,26347350,1534121,5605166,194384567,185714248,177609379,8104869,-8670319,-8336222,56.11,0.79,13.55,2.88,4.18,-10.17,1.4
106190243,PIH HOSPITAL - DOWNEY,2022,78692024,29787398,108479422,25943714,2106305,1003559,192709949,198307778,195178838,3128940,5597829,5935575,56.29,1.09,13.46,0.52,-0.54,37.3,6.78
106190243,PIH HEALTH DOWNEY HOSPITAL,2023,81847555,27613125,109460680,26055978,2130563,1877615,200713302,191832918,189121818,2711100,-8880384,-7564644,54.54,1.06,12.98,0.94,0.9,1.15,-3.27
106190243,PIH HEALTH DOWNEY HOSPITAL,2024,88384248,28351322,116735570,27689626,2299362,1323227,220227132,223738766,218200327,5538439,3511634,40827100,53.01,1.04,12.57,0.6,6.65,7.92,16.63
106190256,EAST LOS ANGELES DOCTOR'S HOSPITAL,2020,25490504,7433834,32924338,5368530,15464,2421194,72118555,91134818,83851865,7282953,19016263,19000600,45.65,0.02,7.44,3.36,,,
106190256,EAST LOS ANGELES DOCTOR'S HOSPITAL,2021,25113282,7437585,32550867,4950242,147363,5910162,74171157,77001905,70940846,6061059,2830748,2606671,43.89,0.2,6.67,7.97,-1.13,852.94,-15.51
106190256,EAST LOS ANGELES DOCTOR'S HOSPITAL,2022,26527150,7549955,34077105,5489794,491426,9426579,79749432,69996805,68513969,1482836,-9752627,-10558496,42.73,0.62,6.88,11.82,4.69,233.48,-9.1
106190256,EAST LOS ANGELES DOCTOR'S HOSPITAL,2023,22556134,6455908,29012042,4972323,0,8656772,77741109,70833455,70186777,646678,-6907654,316691,37.32,0.0,6.4,11.14,-14.86,-100.0,1.2
106190256,EAST LOS ANGELES DOCTOR'S HOSPITAL,2024,23608554,6887444,30495998,4904271,361108,6660376,76705572,73784772,73524661,260111,-2920800,-2497378,39.76,0.47,6.39,8.68,5.11,,4.17
106190280,ENCINO HOSPITAL MEDICAL CENTER,2020,21414605,7760316,29174921,3042306,411901,2867272,53351030,51774678,51449781,324897,-1576352,786133,54.68,0.77,5.7,5.37,,,
106190280,ENCINO HOSPITAL MEDICAL CENTER,2021,21373944,9307204,30681148,3382238,406933,2440467,55798993,53383563,53157176,226387,-2415430,-1627256,54.99,0.73,6.06,4.37,5.16,-1.21,3.11
106190280,ENCINO HOSPITAL MEDICAL CENTER,2022,21150609,8604705,29755314,3220118,382175,1742464,54350271,57107067,56848975,258092,2756796,3207851,54.75,0.7,5.92,3.21,-3.02,-6.08,6.98
106190280,ENCINO HOSPITAL MEDICAL CENTER,2023,24148218,6355731,30503949,3475009,512043,2778925,57168664,53036934,52604139,432795,-4131730,-4131730,53.36,0.9,6.08,4.86,2.52,33.98,-7.13
106190280,ENCINO HOSPITAL MEDICAL CENTER,2024,26161316,5873690,32035006,3420790,538824,1947201,60059924,57661002,56131334,1529668,-2398922,-2353744,53.34,0.9,5.7,3.24,5.02,5.23,8.72
106190298,EMANATE HEALTH FOOTHILL PRESBYTERIAN HOSPITAL,2020,39039064,14961785,54000849,16340701,1009533,2405759,108420436,109324377,106362395,2961982,903941,7671347,49.81,0.93,15.07,2.22,,,
106190298,EMANATE HEALTH FOOTHILL PRESBYTERIAN HOSPITAL,2021,39986669,14420793,54407462,16738883,1034289,3190706,109780171,121839657,119068699,2770958,12059486,20831521,49.56,0.94,15.25,2.91,0.75,2.45,11.45
106190298,EMANATE HEALTH FOOTHILL PRESBYTERIAN HOSPITAL,2022,42613017,14090156,56703173,18069029,920262,5256557,116261648,118095923,117580340,515583,1834275,-5058527,48.77,0.79,15.54,4.52,4.22,-11.02,-3.07
106190298,EMANATE HEALTH FOOTHILL PRESBYTERIAN HOSPITAL,2023,43814066,14839279,58653345,15647980,506528,4334582,118163591,122427992,115041559,7386433,4264401,7030454,49.64,0.43,13.24,3.67,3.44,-44.96,3.67
106190298,EMANATE HEALTH FOOTHILL PRESBYTERIAN HOSPITAL,2024,49171775,15473489,64645264,19704807,556113,4392766,134623455,142946218,140262050,2684168,8322763,11716710,48.02,0.41,14.64,3.26,10.22,9.79,16.76
106190305,KINDRED HOSPITAL - LOS ANGELES,2020,21792311,6247441,28039752,5459891,1224104,973343,47653646,53535823,53319280,216543,5882177,5954778,58.84,2.57,11.46,2.04,,,
106190305,KINDRED HOSPITAL - LOS ANGELES,2021,22061810,5920083,27981893,5456453,1194489,1432940,50057618,50829845,50542166,287679,772227,922707,55.9,2.39,10.9,2.86,-0.21,-2.42,-5.05
106190305,KINDRED HOSPITAL - LOS ANGELES,2022,21991307,5838426,27829733,4685418,537349,2038787,48046578,46779984,46544175,235809,-1266594,-1157412,57.92,1.12,9.75,4.24,-0.54,-55.01,-7.97
106190305,KINDRED HOSPITAL - LOS ANGELES,2023,23653701,6031870,29685571,4414676,1087418,1216804,50379426,51232622,51017624,214998,853196,880286,58.92,2.16,8.76,2.42,6.67,102.37,9.52
106190305,KINDRED HOSPITAL - LOS ANGELES,2024,19536737,5446859,24983596,3647861,1444781,305147,43143795,44508104,44313755,194349,1364309,1616486,57.91,3.35,8.46,0.71,-15.84,32.86,-13.13
106190315,GARFIELD MEDICAL CENTER,2020,72265486,28110704,100376190,31589961,1655925,1830415,286135318,294543840,289414220,5129620,8408522,10112426,35.08,0.58,11.04,0.64,,,
106190315,GARFIELD MEDICAL CENTER,2021,69877789,24334488,94212277,34355422,2324653,1042867,290982301,289334575,285647016,3687559,-1647726,-1054165,32.38,0.8,11.81,0.36,-6.14,40.38,-1.77
106190315,GARFIELD MEDICAL CENTER,2022,74341342,23301047,97642389,36263566,2612845,1354777,300232662,302625422,301674777,950645,2392760,3222322,32.52,0.87,12.08,0.45,3.64,12.4,4.59
106190315,GARFIELD MEDICAL CENTER,2023,74304655,28004387,102309042,34783486,2731162,1167322,313555539,309080448,306364602,2715846,-4475091,-2517855,32.63,0.87,11.09,0.37,4.78,4.53,2.13
106190315,GARFIELD MEDICAL CENTER,2024,78556317,27003579,105559896,38892782,2507468,6129422,330845801,311478046,310371864,1106182,-19367755,-14184555,31.91,0.76,11.76,1.85,3.18,-8.19,0.78
106190317,GATEWAYS HOSPITAL AND MENTAL HEALTH CENTER,2020,16111500,4482516,20594016,1751099,155416,1633897,31626132,30972511,30621203,351308,-653621,-291845,65.12,0.49,5.54,5.17,,,
106190317,GATEWAYS HOSPITAL AND MENTAL HEALTH CENTER,2021,18056262,4924014,22980276,1632232,161588,1692319,34726054,34853519,34224690,628829,127465,1288036,66.18,0.47,4.7,4.87,11.59,3.97,12.53
106190317,GATEWAYS HOSPITAL AND MENTAL HEALTH CENTER,2022,18873573,5046821,23920394,1772011,60472,1087260,35942306,34010106,33964211,45895,-1932200,106328,66.55,0.17,4.93,3.03,4.09,-62.58,-2.42
106190317,GATEWAYS HOSPITAL AND MENTAL HEALTH CENTER,2023,21429899,5562827,26992726,2095273,60472,1396993,41198782,38827802,38778681,49121,-2370980,1550980,65.52,0.15,5.09,3.39,12.84,0.0,14.17
106190317,GATEWAYS HOSPITAL AND MENTAL HEALTH CENTER,2024,25587265,5664044,31251309,2209023,60472,2131982,46832526,50232793,50189386,43407,3400267,8459144,66.73,0.13,4.72,4.55,15.78,0.0,29.37
106190323,ADVENTIST HEALTH GLENDALE,2020,145717357,60197799,205915156,73226702,2015028,12030985,508407915,521913259,437143459,84769800,13505344,8797056,40.5,0.4,14.4,2.37,,,
106190323,ADVENTIST HEALTH GLENDALE,2021,154376774,61841054,216217828,79983264,2390833,29926232,536212249,493867114,485170098,8697016,-42345135,-46121947,40.32,0.45,14.92,5.58,5.0,18.65,-5.37
106190323,ADVENTIST HEALTH GLENDALE,2022,151416526,63732412,215148938,71282874,2920135,16878120,522740571,485961613,478517430,7444183,-36778958,-36831294,41.16,0.56,13.64,3.23,-0.49,22.14,-1.6
106190323,ADVENTIST HEALTH GLENDALE,2023,174684062,68979228,243663290,83389765,4020743,28031677,567758010,544518802,537871255,6647547,-23239208,-21897044,42.92,0.71,14.69,4.94,13.25,37.69,12.05
106190323,ADVENTIST HEALTH GLENDALE,2024,190712332,82187425,272899757,87586255,6591949,17020237,615072638,572818602,563092249,9726353,-42254036,-44826471,44.37,1.07,14.24,2.77,12.0,63.95,5.2
106190328,GLENDORA OAKS BEHAVIORAL HEALTH HOSPITAL,2020,4867499,1457124,6324623,595218,246313,1650,12189072,7317388,7286712,30676,-4871684,-35502282,51.89,2.02,4.88,0.01,,,
106190328,GLENDORA HOSPITAL,2022,8865831,2251177,11117008,745687,214787,162388,17142484,15855549,15833140,22409,-1286935,917298,64.85,1.25,4.35,0.95,75.77,-12.8,116.68
106190328,GLENDORA HOSPITAL,2023,11112773,3080179,14192952,899108,238572,90435,21219754,23385433,23350563,34870,2165679,1871351,66.89,1.12,4.24,0.43,27.67,11.07,47.49
106190328,GLENDORA HOSPITAL,2024,12391320,3464868,15856188,935179,283218,118119,23941490,25817460,25776605,40855,1875970,1934735,66.23,1.18,3.91,0.49,11.72,18.71,10.4
106190352,GREATER EL MONTE COMMUNITY HOSPITAL,2020,21825624,9918016,31743640,4739630,523400,671620,67811723,74313233,74240390,72843,6501510,8598510,46.81,0.77,6.99,0.99,,,
106190352,GREATER EL MONTE COMMUNITY HOSPITAL,2021,22831731,7378375,30210106,3749245,554106,460115,65038806,67261563,67150376,111187,2222757,3293527,46.45,0.85,5.76,0.71,-4.83,5.87,-9.49
106190352,GREATER EL MONTE COMMUNITY HOSPITAL,2022,19864605,8785339,28649944,3314060,589702,172746,61241321,69362488,69272354,90134,8121167,8797676,46.78,0.96,5.41,0.28,-5.16,6.42,3.12
106190352,GREATER EL MONTE COMMUNITY HOSPITAL,2023,23134157,8934101,32068258,3442551,592789,315097,64934495,62695096,62039889,655207,-2239399,-1912460,49.39,0.91,5.3,0.49,11.93,0.52,-9.61
106190352,GREATER EL MONTE COMMUNITY HOSPITAL,2024,24430513,7281229,31711742,3503208,565203,1339699,69171408,62650052,62563901,86151,-6521356,-5888191,45.85,0.82,5.06,1.94,-1.11,-4.65,-0.07
106190380,SOUTHERN CALIFORNIA HOSPITAL AT HOLLYWOOD,2020,101848825,26205907,128054732,21116750,2957423,11245373,358549009,335174327,318269638,16904689,-23374682,-23374682,35.71,0.82,5.89,3.14,,,
106190380,SOUTHERN CALIFORNIA HOSPITAL AT HOLLYWOOD,2021,109231913,25259320,134491233,27627532,2518053,15826359,383256550,340837280,339329976,1507304,-42419270,-42361803,35.09,0.66,7.21,4.13,5.03,-14.86,1.69
106190380,SOUTHERN CALIFORNIA HOSPITAL AT HOLLYWOOD,2022,112691670,31419668,144111338,29908910,3546721,38862933,455387800,425812298,424666473,1145825,-29575502,-29573850,31.65,0.78,6.57,8.53,7.15,40.85,24.93
106190380,SOUTHERN CALIFORNIA HOSPITAL AT HOLLYWOOD,2023,117679680,30501302,148180982,29125737,1852539,37814656,490928316,452053226,450703244,1349982,-38875090,-38875046,30.18,0.38,5.93,7.7,2.82,-47.77,6.16
106190380,SOUTHERN CALIFORNIA HOSPITAL AT HOLLYWOOD,2024,136270116,35573315,171843431,29574015,1012,25049075,509081384,506931174,505792848,1138326,-2150210,-2167402,33.76,0.0,5.81,4.92,15.97,-99.95,12.14
106190382,HOLLYWOOD PRESBYTERIAN MEDICAL CENTER,2020,126579172,23723406,150302578,41447194,2031707,29381836,398736581,411259678,392552888,18706790,12523097,9556415,37.69,0.51,10.39,7.37,,,
106190382,HOLLYWOOD PRESBYTERIAN MEDICAL CENTER,2021,131246641,20952235,152198876,41742089,1302644,44715140,427971393,450755238,431949794,18805444,22783845,18148088,35.56,0.3,9.75,10.45,1.26,-35.88,9.6
106190382,HOLLYWOOD PRESBYTERIAN MEDICAL CENTER,2022,135986183,25578487,161564670,40817225,2473879,38835251,461333991,453430231,446327908,7102323,-7903760,-4780912,35.02,0.54,8.85,8.42,6.15,89.91,0.59
106190382,HOLLYWOOD PRESBYTERIAN MEDICAL CENTER,2023,142545976,25255124,167801100,42814828,4961802,35684094,484870262,481770212,475305584,6464628,-3100050,-548812,34.61,1.02,8.83,7.36,3.86,100.57,6.25
106190382,HOLLYWOOD PRESBYTERIAN MEDICAL CENTER,2024,145508674,25221977,170730651,49827547,4378967,37914596,523236499,505929112,500472918,5456194,-17307387,-13624396,32.63,0.84,9.52,7.25,1.75,-11.75,5.01
106190385,PROVIDENCE HOLY CROSS MEDICAL CENTER,2020,154155087,68144106,222299193,66919225,7321278,10576474,490793772,615405073,548138953,67266120,124611301,131944137,45.29,1.49,13.63,2.15,,,
106190385,PROVIDENCE HOLY CROSS MEDICAL CENTER,2021,156751915,69013319,225765234,70816547,8641279,16328295,500536997,561599872,557556321,4043551,61062875,68292038,45.1,1.73,14.15,3.26,1.56,18.03,-8.74
106190385,PROVIDENCE HOLY CROSS MEDICAL CENTER,2022,162478964,69972428,232451392,80236170,2416046,20960558,628962063,560548332,555765692,4782640,-68413731,-69823647,36.96,0.38,12.76,3.33,2.96,-72.04,-0.19
106190385,PROVIDENCE HOLY CROSS MEDICAL CENTER,2023,177734344,79645298,257379642,84311497,3806907,17949993,651723808,623469056,612172715,11296341,-28254752,-23304587,39.49,0.58,12.94,2.75,10.72,57.57,11.22
106190385,PROVIDENCE HOLY CROSS MEDICAL CENTER,2024,188232141,86199584,274431725,87453891,2771130,8055546,614110555,647330007,631826328,15503679,33219452,48925257,44.69,0.45,14.24,1.31,6.63,-27.21,3.83
106190392,GOOD SAMARITAN HOSPITAL - LA,2021,153542517,32127077,185669594,83973414,1708022,43723891,450452173,417148278,396982349,20165929,-33303895,-21787312,41.22,0.38,18.64,9.71,,,
106190392,GOOD SAMARITAN HOSPITAL - LA,2022,149440803,31950967,181391770,77280329,292487,37428255,424682391,391137927,383898032,7239895,-33544464,-40083148,42.71,0.07,18.2,8.81,-2.3,-82.88,-6.24
106190392,PIH HEALTH GOOD SAMARITAN HOSPITAL,2023,140464123,31677267,172141390,60903271,1034210,29517367,394026603,351148481,341660828,9487653,-42878122,-27151803,43.69,0.26,15.46,7.49,-5.1,253.59,-10.22
106190392,PIH HEALTH GOOD SAMARITAN HOSPITAL,2024,138975672,37527908,176503580,58294024,2191162,25206676,405871102,374441861,359485334,14956527,-31429241,-7824110,43.49,0.54,14.36,6.21,2.53,111.87,6.63
106190400,HUNTINGTON MEMORIAL HOSPITAL,2020,260514018,116992219,377506237,128246484,2257163,32765063,731988111,683406517,604867588,78538929,-48581594,-17871868,51.57,0.31,17.52,4.48,,,
106190400,HUNTINGTON HOSPITAL,2021,278502119,117445664,395947783,138799188,7545531,34726355,774001784,704702741,682956357,21746384,-69299043,-39283827,51.16,0.97,17.93,4.49,4.89,234.29,3.12
106190400,HUNTINGTON HOSPITAL,2023,286699354,113235558,399934912,131602052,5094924,51719328,799115891,713826381,687662173,26164208,-85289510,-65867052,50.05,0.64,16.47,6.47,1.01,-32.48,1.29
106190400,HUNTINGTON HOSPITAL,2024,292142519,118701733,410844252,142236563,4590844,26028988,854388792,808548379,781585932,26962447,-45840413,-12147540,48.09,0.54,16.65,3.05,2.73,-9.89,13.27
106190413,EMANATE HEALTH INTER-COMMUNITY HOSPITAL,2023,182861017,63301451,246162468,77774902,1937225,24342184,545470691,549187741,519685062,29502679,3717050,14071921,45.13,0.36,14.26,4.46,,,
106190413,EMANATE HEALTH INTER-COMMUNITY HOSPITAL,2024,205630787,66579593,272210380,89608305,2250757,18854793,604879192,617120995,598429405,18691590,12241803,20059156,45.0,0.37,14.81,3.12,10.58,16.18,12.37
106190422,TORRANCE MEMORIAL MEDICAL CENTER,2020,260148778,100867486,361016264,127657963,1523579,13882361,680052508,698895300,640424888,58470412,18842792,23428857,53.09,0.22,18.77,2.04,,,
106190422,TORRANCE MEMORIAL MEDICAL CENTER,2021,271629298,113501768,385131066,134349157,1989353,13821248,711575136,724616204,684091315,40524889,13041068,76661713,54.12,0.28,18.88,1.94,6.68,30.57,3.68
106190422,TORRANCE MEMORIAL MEDICAL CENTER,2022,290385456,115329911,405715367,151742648,2903233,40642974,768685392,807661731,763705060,43956671,38976339,18527988,52.78,0.38,19.74,5.29,5.34,45.94,11.46
106190422,TORRANCE MEMORIAL MEDICAL CENTER,2023,315052877,124903878,439956755,149926521,3107069,33587441,789946478,826323251,790584351,35738900,36376773,60659760,55.69,0.39,18.98,4.25,8.44,7.02,2.31
106190422,TORRANCE MEMORIAL MEDICAL CENTER,2024,337885527,130931478,468817005,164293635,6114693,22259020,886471169,878812001,846486444,32325557,-7659168,50847104,52.89,0.69,18.53,2.51,6.56,96.8,6.35
106190429,KAISER FOUNDATION HOSPITAL - LOS ANGELES,2020,0,0,0,0,2157460,0,0,0,0,0,0,0,,,,,,,
106190429,KAISER FOUNDATION HOSPITAL - LOS ANGELES,2021,290293435,127785663,418079098,121750344,2330577,41046790,1215281570,1422984669,1356117653,66867016,207703099,208064597,34.4,0.19,10.02,3.38,,8.02,
106190429,KAISER FOUNDATION HOSPITAL - LOS ANGELES,2022,304963893,130137896,435101789,133081473,1902008,96580592,1244725813,1372080694,1294561661,77519033,127354881,121756109,34.96,0.15,10.69,7.76,4.07,-18.39,-3.58
106190429,KAISER FOUNDATION HOSPITAL - LOS ANGELES,2023,308128862,133904049,442032911,134292495,2922161,57980922,1188124921,1379468454,1293388620,86079834,191343533,191748191,37.2,0.25,11.3,4.88,1.59,53.64,0.54
106190429,KAISER FOUNDATION HOSPITAL - LOS ANGELES,2024,336710940,148743233,485454173,128720115,3434779,38819950,1275872199,1503656101,1386748659,116907442,227783902,228744721,38.05,0.27,10.09,3.04,9.82,17.54,9.0
106190431,KAISER FOUNDATION HOSPITAL - SOUTH BAY,2020,0,0,0,0,743773,0,0,0,0,0,0,0,,,,,,,
106190431,KAISER FOUNDATION HOSPITAL - SOUTH BAY,2021,122671902,54869110,177541012,58340633,998592,29218044,603651574,614199556,553948821,60250735,10547982,10625905,29.41,0.17,9.66,4.84,,34.26,
106190431,KAISER FOUNDATION HOSPITAL - SOUTH BAY,2022,123205770,55613087,178818857,58701424,943984,53208699,621147759,621624676,556518190,65106486,476917,530821,28.79,0.15,9.45,8.57,0.72,-5.47,1.21
106190431,KAISER FOUNDATION HOSPITAL - SOUTH BAY,2023,136433104,60466475,196899579,66068875,2614799,37855278,631333639,665557661,600729809,64827852,34224022,34278193,31.19,0.41,10.46,6.0,10.11,177.0,7.07
106190431,KAISER FOUNDATION HOSPITAL - SOUTH BAY,2024,153106875,68980510,222087385,64069251,1743465,15572365,681596811,724044601,650410398,73634203,42447790,42528940,32.58,0.26,9.4,2.28,12.79,-33.32,8.79
106190432,KAISER FOUNDATION HOSPITAL - PANORAMA CITY,2020,0,0,0,0,776309,0,0,0,0,0,0,0,,,,,,,
106190432,KAISER FOUNDATION HOSPITAL - PANORAMA CITY,2021,109275579,49158434,158434013,42796611,882622,29312991,536166686,548313835,483461735,64852100,12147149,12289413,29.55,0.16,7.98,5.47,,13.69,
106190432,KAISER FOUNDATION HOSPITAL - PANORAMA CITY,2022,111063615,50250448,161314063,45403311,1103687,30459509,531392347,513247171,448895118,64352053,-18145176,-18078382,30.36,0.21,8.54,5.73,1.82,25.05,-6.4
106190432,KAISER FOUNDATION HOSPITAL - PANORAMA CITY,2023,120820996,53798462,174619458,47062779,1794827,15936377,535036926,550259822,478393681,71866141,15222896,15390474,32.64,0.34,8.8,2.98,8.25,62.62,7.21
106190432,KAISER FOUNDATION HOSPITAL - PANORAMA CITY,2024,133394566,59919843,193314409,47070932,1748168,5854875,601614330,646550557,555514712,91035845,44936227,45105295,32.13,0.29,7.82,0.97,10.71,-2.6,17.5
106190434,KAISER FOUNDATION HOSPITAL - WEST LOS ANGELES,2020,0,0,0,0,949564,0,0,0,0,0,0,0,,,,,,,
106190434,KAISER FOUNDATION HOSPITAL - WEST LOS ANGELES,2021,106238764,47500316,153739080,45444913,1043215,20942814,549484860,551488434,486218968,65269466,2003574,1930194,27.98,0.19,8.27,3.81,,9.86,
106190434,KAISER FOUNDATION HOSPITAL - WEST LOS ANGELES,2022,101421942,45565480,146987422,45856381,914937,53639056,567510928,544628812,480026548,64602264,-22882116,-23362886,25.9,0.16,8.08,9.45,-4.39,-12.3,-1.24
106190434,KAISER FOUNDATION HOSPITAL - WEST LOS ANGELES,2023,110222089,48564704,158786793,48548475,1141391,46261895,584820701,579752115,510644236,69107879,-5068586,-5022375,27.15,0.2,8.3,7.91,8.03,24.75,6.45
106190434,KAISER FOUNDATION HOSPITAL - WEST LOS ANGELES,2024,124055445,55584599,179640044,52107526,1466864,25545421,644708708,647861298,560763982,87097316,3152590,3176571,27.86,0.23,8.08,3.96,13.13,28.52,11.75
106190449,KINDRED HOSPITAL - LA MIRADA,2020,40311632,12555004,52866636,9916985,2459538,670356,95327513,105717895,105353223,364672,10390382,10468214,55.46,2.58,10.4,0.7,,,
106190449,KINDRED HOSPITAL - LA MIRADA,2021,39342743,12555733,51898476,9998572,2024449,409340,96025143,99868063,99295443,572620,3842920,4078583,54.05,2.11,10.41,0.43,-1.83,-17.69,-5.53
106190449,KINDRED HOSPITAL - LA MIRADA,2022,42878334,11880485,54758819,10116611,1338820,5776423,101073501,99444159,99051584,392575,-1629342,-1448353,54.18,1.32,10.01,5.72,5.51,-33.87,-0.42
106190449,KINDRED HOSPITAL - LA MIRADA,2023,43491616,12151767,55643383,9034226,1724381,8666259,106545289,95221535,94780746,440789,-11323754,-11233256,52.23,1.62,8.48,8.13,1.62,28.8,-4.25
106190449,KINDRED HOSPITAL - LA MIRADA,2024,50182882,13859289,64042171,10316692,1075508,3806269,110819141,113796539,113326145,470394,2977398,3520044,57.79,0.97,9.31,3.43,15.09,-37.63,19.51
106190462,AURORA LAS ENCINAS HOSPITAL,2020,15904246,3145099,19049345,1330051,186148,320826,30728296,32159126,31463354,695772,1430830,1430830,61.99,0.61,4.33,1.04,,,
106190462,AURORA LAS ENCINAS HOSPITAL,2021,16216692,2941291,19157983,1147018,254834,993495,31661458,33959414,33946769,12645,2297956,2302090,60.51,0.8,3.62,3.14,0.57,36.9,5.6
106190462,AURORA LAS ENCINAS HOSPITAL,2022,16943053,3281837,20224890,1114475,242865,991247,32915988,34203221,34180440,22781,1287233,1287233,61.44,0.74,3.39,3.01,5.57,-4.7,0.72
106190462,AURORA LAS ENCINAS HOSPITAL,2023,18278944,2929996,21208940,1488760,320466,590481,34197873,39607025,39345778,261247,5409152,5409152,62.02,0.94,4.35,1.73,4.87,31.95,15.8
106190462,AURORA LAS ENCINAS HOSPITAL,2024,19080346,3459978,22540324,1501698,371243,3407837,39018811,43375014,43283585,91429,4356203,4356201,57.77,0.95,3.85,8.73,6.28,15.84,9.51
106190470,PROVIDENCE LITTLE COMPANY OF MARY MC - TORRANCE,2020,138428161,64394003,202822164,66282467,2128884,18123487,441367555,487683568,436379185,51304383,46316013,49042426,45.95,0.48,15.02,4.11,,,
106190470,PROVIDENCE LITTLE COMPANY OF MARY MC - TORRANCE,2021,138113077,62288564,200401641,72208758,4515268,25269190,450930863,453386611,448717699,4668912,2455748,-3921384,44.44,1.0,16.01,5.6,-1.19,112.1,-7.03
106190470,PROVIDENCE LITTLE COMPANY OF MARY MC - TORRANCE,2022,150909507,69215208,220124715,74171024,3326746,37352115,570223213,457691629,454320636,3370993,-112531584,-102362062,38.6,0.58,13.01,6.55,9.84,-26.32,0.95
106190470,PROVIDENCE LITTLE COMPANY OF MARY MC - TORRANCE,2023,163381548,70768765,234150313,85818334,5607894,42904503,607374965,517085982,500196137,16889845,-90288983,-81299647,38.55,0.92,14.13,7.06,6.37,68.57,12.98
106190470,PROVIDENCE LITTLE COMPANY OF MARY MC - TORRANCE,2024,179819716,78681428,258501144,89283182,1009447,18054904,577571256,542763550,536884338,5879212,-34807706,-26329955,44.76,0.17,15.46,3.13,10.4,-82.0,4.97
106190475,COMMUNITY HOSPITAL LONG BEACH,2021,15221416,3271132,18492548,2544621,1151105,5268002,34776164,8603040,8603040,0,-26173124,-25804944,53.18,3.31,7.32,15.15,,,
106190500,CEDARS-SINAI MARINA DEL REY HOSPITAL,2020,53925305,23417814,77343119,23699828,0,5265754,133980299,136116107,131327127,4788980,2135808,381846,57.73,0.0,17.69,3.93,,,
106190500,CEDARS-SINAI MARINA DEL REY HOSPITAL,2021,55652450,24991077,80643527,24195057,0,16412397,153207588,139933344,126687895,13245449,-13274244,-13274330,52.64,0.0,15.79,10.71,4.27,,2.8
106190500,CEDARS-SINAI MARINA DEL REY HOSPITAL,2022,64518855,22670007,87188862,27819397,185999,25386668,164431559,146896148,140941243,5954905,-17535411,-17488390,53.02,0.11,16.92,15.44,8.12,,4.98
106190500,CEDARS-SINAI MARINA DEL REY HOSPITAL,2023,66043863,24895486,90939349,29995755,276945,21987429,171398849,151468205,149547053,1921152,-19930644,-19294597,53.06,0.16,17.5,12.83,4.3,48.9,3.11
106190500,CEDARS-SINAI MARINA DEL REY HOSPITAL,2024,76763097,30525148,107288245,30901345,66507,6490781,186105823,167677382,166042138,1635244,-18428441,-14624308,57.65,0.04,16.6,3.49,17.98,-75.99,10.7
106190517,PROVIDENCE TARZANA MEDICAL CENTER,2021,100513477,41622382,142135859,47557168,2661327,10509141,301643448,292360588,291912007,448581,-9282860,297665,47.12,0.88,15.77,3.48,,,
106190517,PROVIDENCE TARZANA MEDICAL CENTER,2022,109803137,42728860,152531997,50560422,4471454,16372562,391007536,299660171,292748434,6911737,-91347365,-94100679,39.01,1.14,12.93,4.19,7.31,68.02,2.5
106190517,PROVIDENCE TARZANA MEDICAL CENTER,2023,120232525,45468883,165701408,52202539,5446760,11215875,370057591,321247174,318367836,2879338,-48810417,-42970016,44.78,1.47,14.11,3.03,8.63,21.81,7.2
106190517,PROVIDENCE TARZANA MEDICAL CENTER,2024,137791199,31975670,169766869,55138995,2907496,8359796,470139656,355558227,344958824,10599403,-114581429,-106435817,36.11,0.62,11.73,1.78,2.45,-46.62,10.68
106190521,MEMORIAL HOSPITAL OF GARDENA,2020,47339394,12901773,60241167,12302011,326197,4806723,140679273,184625799,175545914,9079885,43946526,43946526,42.82,0.23,8.74,3.42,,,
106190521,MEMORIAL HOSPITAL OF GARDENA,2021,49476578,14478253,63954831,14048366,571676,12353371,163960024,186512205,177623367,8888838,22552181,22218236,39.01,0.35,8.57,7.53,6.16,75.25,1.02
106190521,MEMORIAL HOSPITAL OF GARDENA,2022,50231338,14629066,64860404,14129852,1515507,17760294,187685511,184442050,182078295,2363755,-3243461,-3876099,34.56,0.81,7.53,9.46,1.42,165.1,-1.11
106190521,MEMORIAL HOSPITAL OF GARDENA,2023,43371653,12929253,56300906,13405509,597143,17241727,180908590,193328387,191954516,1373871,12419797,27386522,31.12,0.33,7.41,9.53,-13.2,-60.6,4.82
106190521,MEMORIAL HOSPITAL OF GARDENA,2024,46060442,13743403,59803845,12472021,944219,14931370,184828744,206575324,206257202,318122,21746580,20268818,32.36,0.51,6.75,8.08,6.22,58.12,6.85
106190522,GLENDALE MEMORIAL HOSPITAL AND HEALTH CTR,2020,72851415,35199683,108051098,23559509,1758618,7822017,248896535,222796655,216052649,6744006,-26099880,12551430,43.41,0.71,9.47,3.14,,,
106190522,GLENDALE MEMORIAL HOSPITAL AND HEALTH CTR,2021,76516336,39231281,115747617,28571454,2923057,12100428,265497247,231663228,217808469,13854759,-33834019,-32536783,43.6,1.1,10.76,4.56,7.12,66.21,3.98
106190522,GLENDALE MEMORIAL HOSPITAL AND HEALTH CTR,2022,78658086,40234775,118892861,29832761,1818223,14022394,265960870,211810365,209142427,2667938,-54150505,-49803599,44.7,0.68,11.22,5.27,2.72,-37.8,-8.57
106190522,GLENDALE MEMORIAL HOSPITAL AND HEALTH CTR,2023,86746109,44081279,130827388,34631684,3100160,25725009,316158160,282210517,274916021,7294496,-33947643,-31333000,41.38,0.98,10.95,8.14,10.04,70.5,33.24
106190522,GLENDALE MEMORIAL HOSPITAL AND HEALTH CTR,2024,92682142,44679524,137361666,30558636,3101221,16723573,336596025,292798193,290608095,2190098,-43797832,-41785920,40.81,0.92,9.08,4.97,4.99,0.03,3.75
106190524,MISSION COMMUNITY HOSPITAL - PANORAMA,2020,52047094,12743573,64790667,22640968,1713258,16199813,190332272,181851793,170443922,11407871,-8480479,-6888480,34.04,0.9,11.9,8.51,,,
106190524,MISSION COMMUNITY HOSPITAL - PANORAMA,2021,56498603,14291239,70789842,22904417,1944124,21449984,174078466,160759107,156974546,3784561,-13319359,-13299550,40.67,1.12,13.16,12.32,9.26,13.48,-11.6
106190524,MISSION COMMUNITY HOSPITAL - PANORAMA,2022,57563602,14202011,71765613,22394228,2673086,22688376,177254202,167551274,158626374,8924900,-9702928,-9715420,40.49,1.51,12.63,12.8,1.38,37.5,4.23
106190524,MISSION COMMUNITY HOSPITAL - PANORAMA,2023,54846962,13402497,68249459,19407801,3448819,11169086,164671257,160268810,158967847,1300963,-4402447,-4416640,41.45,2.09,11.79,6.78,-4.9,29.02,-4.35
106190524,MISSION COMMUNITY HOSPITAL - PANORAMA,2024,60966195,14331676,75297871,21423667,3861304,7191678,194186710,181636140,175648480,5987660,-12550570,-12229608,38.78,1.99,11.03,3.7,10.33,11.96,13.33
106190525,MEMORIALCARE LONG BEACH MEDICAL CENTER,2020,206697705,87386630,294084335,121057123,7618137,31546802,680936609,743663949,718259792,25404157,62727340,46560594,43.19,1.12,17.78,4.63,,,
106190525,MEMORIALCARE LONG BEACH MEDICAL CENTER,2021,215326183,85544774,300870957,132355509,15280052,42494764,684990799,771820879,732559242,39261637,86830080,74319634,43.92,2.23,19.32,6.2,2.31,100.57,3.79
106190525,MEMORIALCARE LONG BEACH MEDICAL CENTER,2022,216655427,89609229,306264656,136447579,0,53823231,695497522,759318689,739515340,19803349,63821167,48983873,44.04,0.0,19.62,7.74,1.79,-100.0,-1.62
106190525,MEMORIALCARE LONG BEACH MEDICAL CENTER,2023,236717397,101679696,338397093,143029848,83120,79496656,769984639,741380932,707420643,33960289,-28603707,-34540136,43.95,0.01,18.58,10.32,10.49,,-2.36
106190525,MEMORIALCARE LONG BEACH MEDICAL CENTER,2024,258809006,99664836,358473842,146764825,5603152,47676478,792990187,844517287,825365493,19151794,51527100,41106843,45.21,0.71,18.51,6.01,5.93,6641.04,13.91
106190529,METHODIST HOSPITAL OF SOUTHERN CALIFORNIA,2020,112346129,20779220,133125349,49051074,984291,19376209,288253630,294930236,276329342,18600894,6676606,42722233,46.18,0.34,17.02,6.72,,,
106190529,METHODIST HOSPITAL OF SOUTHERN CALIFORNIA,2021,108666599,19900409,128567008,52431892,828265,26165357,286192567,268122491,265143392,2979099,-18070076,7851130,44.92,0.29,18.32,9.14,-3.42,-15.85,-9.09
106190529,USC ARCADIA HOSPITAL,2023,126290821,23106034,149396855,58507151,1401678,28320296,346498633,288453828,282456554,5997274,-58044805,-39987719,43.12,0.4,16.89,8.17,16.2,69.23,7.58
106190529,USC ARCADIA HOSPITAL,2024,140218378,25055652,165274030,63035848,1192161,22466039,372654176,328121480,321839258,6282222,-44532696,-27375453,44.35,0.32,16.92,6.03,10.63,-14.95,13.75
106190534,OLYMPIA MEDICAL CENTER,2020,32114308,9700588,41814896,12022574,1094114,897763,84867960,84349038,75790973,8558065,-518922,869004,49.27,1.29,14.17,1.06,,,
106190541,MONROVIA MEMORIAL HOSPITAL,2020,9596934,1400995,10997929,2309624,143846,434286,17157734,15782956,15782956,0,-1374778,-1374778,64.1,0.84,13.46,2.53,,,
106190541,MONROVIA MEMORIAL HOSPITAL,2021,9125615,1391584,10517199,2198338,161436,93732,16337304,15184292,15184292,0,-1153012,5045101,64.38,0.99,13.46,0.57,-4.37,12.23,-3.79
106190541,MONROVIA MEMORIAL HOSPITAL,2022,9586635,1432336,11018971,2433323,161456,335720,17579780,18011455,18011455,0,431675,2096258,62.68,0.92,13.84,1.91,4.77,0.01,18.62
106190541,MONROVIA MEMORIAL HOSPITAL,2023,10071670,1278049,11349719,3016088,187213,0,20037295,21190332,21190332,0,1153037,4168824,56.64,0.93,15.05,0.0,3.0,15.95,17.65
106190541,MONROVIA MEMORIAL HOSPITAL,2024,11707793,1773237,13481030,3970597,68504,820263,23251242,25605043,25605043,0,2353801,2431376,57.98,0.29,17.08,3.53,18.78,-63.41,20.83
106190547,MONTEREY PARK HOSPITAL,2020,27620422,9311640,36932062,8392212,804090,512685,86031681,96674204,96471232,202972,10642523,13179743,42.93,0.93,9.75,0.6,,,
106190547,MONTEREY PARK HOSPITAL,2021,23426540,9377542,32804082,7507594,1083750,1051153,86610309,93732521,93542732,189789,7122212,11647778,37.88,1.25,8.67,1.21,-11.18,34.78,-3.04
106190547,MONTEREY PARK HOSPITAL,2022,25577388,6655238,32232626,7345083,1218462,1986567,87648366,101702929,101548065,154864,14054563,14211996,36.77,1.39,8.38,2.27,-1.74,12.43,8.5
106190547,MONTEREY PARK HOSPITAL,2023,27128676,8118084,35246760,6601301,1243679,1196909,95270828,102262111,101727980,534131,6991283,8219770,37.0,1.31,6.93,1.26,9.35,2.07,0.55
106190547,MONTEREY PARK HOSPITAL,2024,28314143,8746816,37060959,7095817,997366,132065,111711913,115694620,115279720,414900,3982707,6112643,33.18,0.89,6.35,0.12,5.15,-19.81,13.14
106190552,MOTION PICTURE AND TELEVISION HOSPITAL,2020,25475124,11438081,36913205,2982307,0,5056453,62351004,23224735,23212083,12652,-39126269,-17241414,59.2,0.0,4.78,8.11,,,
106190552,MOTION PICTURE AND TELEVISION HOSPITAL,2021,26365377,11203104,37568481,2231674,1846,5944294,58406967,27636597,27621350,15247,-30770370,4366699,64.32,0.0,3.82,10.18,1.78,,19.0
106190552,MOTION PICTURE AND TELEVISION HOSPITAL,2022,28576657,10551306,39127963,2007064,28131,4683285,59253512,29703183,29683937,19246,-29550329,-782965,66.03,0.05,3.39,7.9,4.15,1423.89,7.48
106190552,MOTION PICTURE AND TELEVISION HOSPITAL,2023,30080463,12210635,42291098,1978629,23844,4035296,69616164,32047907,32015139,32768,-37568257,19172661,60.75,0.03,2.84,5.8,8.08,-15.24,7.89
106190552,MOTION PICTURE AND TELEVISION HOSPITAL,2024,30837380,13370279,44207659,2124493,4943,4751666,66459821,33389013,33367302,21711,-33070808,8123869,66.52,0.01,3.2,7.15,4.53,-79.27,4.18
106190555,CEDARS-SINAI MEDICAL CENTER,2020,1168383137,560978178,1729361315,481288628,15418627,77818781,3243006096,3508257490,3134507419,373750071,265251394,455456942,53.33,0.48,14.84,2.4,,,
106190555,CEDARS-SINAI MEDICAL CENTER,2021,1275219104,612054149,1887273253,562284038,15180279,101874727,3583749528,4001325675,3589389064,411936611,417576147,927619378,52.66,0.42,15.69,2.84,9.13,-1.55,14.05
106190555,CEDARS-SINAI MEDICAL CENTER,2022,1340362326,625948195,1966310521,610874713,13604720,193031961,3923059155,4206959314,3751429045,455530269,283900159,86037784,50.12,0.35,15.57,4.92,4.19,-10.38,5.14
106190555,CEDARS-SINAI MEDICAL CENTER,2023,1449718909,696767255,2146486164,645676970,14149867,167531355,4121367691,4486349757,3964055472,522294285,364982066,570706272,52.08,0.34,15.67,4.06,9.16,4.01,6.64
106190555,CEDARS-SINAI MEDICAL CENTER,2024,1543303073,745720565,2289023638,711840083,50983308,88558884,4307171874,4842316113,4386711562,455604551,535144239,1026972846,53.14,1.18,16.53,2.06,6.64,260.31,7.93
106190568,NORTHRIDGE HOSPITAL MEDICAL CENTER,2020,135492851,73362529,208855380,48332811,3105282,12911597,427667373,409186492,394712751,14473741,-18480881,54193918,48.84,0.73,11.3,3.02,,,
106190568,NORTHRIDGE HOSPITAL MEDICAL CENTER,2021,146865766,81668989,228534755,51588351,4849052,14149800,453697426,474099396,425473046,48626350,20401970,24365652,50.37,1.07,11.37,3.12,9.42,56.15,15.86
106190568,NORTHRIDGE HOSPITAL MEDICAL CENTER,2022,149335023,80148180,229483203,55516121,2452888,24794449,451288249,445086052,434172597,10913455,-6202197,5761266,50.85,0.54,12.3,5.49,0.42,-49.42,-6.12
106190568,NORTHRIDGE HOSPITAL MEDICAL CENTER,2023,159330836,90000281,249331117,59861914,4878846,21407647,486208645,506688063,486553326,20134737,20479418,25991651,51.28,1.0,12.31,4.4,8.65,98.9,13.84
106190568,NORTHRIDGE HOSPITAL MEDICAL CENTER,2024,174216885,91216439,265433324,59545382,5213586,21849260,539769835,574817579,566550855,8266724,35047744,39867571,49.18,0.97,11.03,4.05,6.46,6.86,13.45
106190587,COLLEGE MEDICAL CENTER,2020,49630845,13281555,62912400,5536069,815361,3808014,139021730,155764897,140724408,15040489,16743167,15938769,45.25,0.59,3.98,2.74,,,
106190587,COLLEGE MEDICAL CENTER,2021,48374129,13213235,61587364,6528385,976395,4796576,140741771,208625736,181714197,26911539,67883965,65982488,43.76,0.69,4.64,3.41,-2.11,19.75,33.94
106190587,COLLEGE MEDICAL CENTER,2022,54223044,15628344,69851388,6091285,1165991,8967534,151556383,161654332,159650396,2003936,10097949,13340888,46.09,0.77,4.02,5.92,13.42,19.42,-22.51
106190587,COLLEGE MEDICAL CENTER,2023,58821806,16781927,75603733,5721191,1326447,11416224,165526348,166383495,165246819,1136676,857147,1499192,45.67,0.8,3.46,6.9,8.24,13.76,2.93
106190587,COLLEGE MEDICAL CENTER,2024,68310334,18675386,86985720,6633588,1469784,5898214,178572065,189435926,187926960,1508966,10863861,13209825,48.71,0.82,3.71,3.3,15.05,10.81,13.85
106190599,KINDRED HOSPITAL - PARAMOUNT,2020,28282369,7272042,35554411,6811779,214456,947483,61064129,62721058,62425217,295841,1656929,1770797,58.22,0.35,11.16,1.55,,,
106190599,KINDRED HOSPITAL - PARAMOUNT,2021,28766401,7298712,36065113,7180290,78772,1708299,66473066,59147219,58692178,455041,-7325847,-6646312,54.26,0.12,10.8,2.57,1.44,-63.27,-5.7
106190599,KINDRED HOSPITAL - PARAMOUNT,2022,28439172,7540342,35979514,6982826,255169,3497079,67207352,70953850,70502057,451793,3746498,4218430,53.54,0.38,10.39,5.2,-0.24,223.93,19.96
106190599,KINDRED HOSPITAL - PARAMOUNT,2023,29290632,7559859,36850491,6486717,724880,3499583,68453577,69995878,69551948,443930,1542301,1031325,53.83,1.06,9.48,5.11,2.42,184.08,-1.35
106190599,KINDRED HOSPITAL - PARAMOUNT,2024,30270401,7809283,38079684,7034321,1389041,1554921,69839929,74102607,73484780,617827,4262678,4008878,54.52,1.99,10.07,2.23,3.34,91.62,5.87
106190630,POMONA VALLEY HOSPITAL MEDICAL CENTER,2020,247304132,109690749,356994881,86711853,3697054,20089102,632226330,653875402,629569221,24306181,21649072,11695342,56.47,0.58,13.72,3.18,,,
106190630,POMONA VALLEY HOSPITAL MEDICAL CENTER,2021,259535658,114894656,374430314,105108768,2253300,32296225,688206562,713700447,685688194,28012253,25493885,15010289,54.41,0.33,15.27,4.69,4.88,-39.05,9.15
106190630,POMONA VALLEY HOSPITAL MEDICAL CENTER,2022,273643809,130563951,404207760,107817062,3600713,38274548,727047283,743578033,732640331,10937702,16530750,1013170,55.6,0.5,14.83,5.26,7.95,59.8,4.19
106190630,POMONA VALLEY HOSPITAL MEDICAL CENTER,2023,295859661,129400093,425259754,110488844,4909410,26839350,761704466,797015998,757270287,39745711,35311532,26516608,55.83,0.64,14.51,3.52,5.21,36.35,7.19
106190630,POMONA VALLEY HOSPITAL MEDICAL CENTER,2024,314188009,138489438,452677447,112475180,6962196,19549092,801567067,839352662,812200605,27152057,37785595,27156629,56.47,0.87,14.03,2.44,6.45,41.81,5.31
106190631,PRESBYTERIAN INTERCOMMUNITY HOSPITAL,2020,226200559,77613267,303813826,88499066,3863821,8628141,613598126,668275210,629479358,38795852,54677084,79147121,49.51,0.63,14.42,1.41,,,
106190631,PRESBYTERIAN INTERCOMMUNITY HOSPITAL,2021,261797156,89265978,351063134,109785992,2352939,15230590,737813787,731317529,699045840,32271689,-6496258,94642198,47.58,0.32,14.88,2.06,15.55,-39.1,9.43
106190631,PIH HEALTH WHITTIER HOSPITAL,2022,275535173,97149631,372684804,114381998,2904496,9814943,758585077,794548957,770332342,24216615,35963880,-93284184,49.13,0.38,15.08,1.29,6.16,23.44,8.65
106190631,PIH HEALTH WHITTIER HOSPITAL,2023,290364508,115928641,406293149,124223239,3070802,12985485,851311025,832569300,803200791,29368509,-18741725,53375219,47.73,0.36,14.59,1.53,9.02,5.73,4.79
106190631,PIH HEALTH WHITTIER HOSPITAL,2024,307117945,116108820,423226765,138470509,2989715,12226288,890460987,904559649,868608547,35951102,14098662,149730173,47.53,0.34,15.55,1.37,4.17,-2.64,8.65
106190636,EMANATE HEALTH QUEEN OF THE VALLEY HOSPITAL,2020,160320969,60725325,221046294,69228887,2180094,11272576,487961066,462746834,447739620,15007214,-25214232,-3752556,45.3,0.45,14.19,2.31,,,
106190636,EMANATE HEALTH QUEEN OF THE VALLEY HOSPITAL,2021,162456019,58559440,221015459,74301781,2867081,20522852,509225164,513927568,510750307,3177261,4702404,35299490,43.4,0.56,14.59,4.03,-0.01,31.51,11.06
106190636,EMANATE HEALTH QUEEN OF THE VALLEY HOSPITAL,2022,175581491,57795101,233376592,77674095,2069665,23931591,518374002,517343401,497385459,19957942,-1030601,-26073143,45.02,0.4,14.98,4.62,5.59,-27.81,0.66
106190661,L.A. DOWNTOWN MEDICAL CENTER,2020,42054362,7844573,49898935,9113934,840533,834529,106192399,107375733,94769830,12605903,1183334,1313999,46.99,0.79,8.58,0.79,,,
106190661,L.A. DOWNTOWN MEDICAL CENTER,2021,45150665,8198070,53348735,9769978,1264041,2047782,107000278,123223150,108086471,15136679,16222872,16912236,49.86,1.18,9.13,1.91,6.91,50.39,14.76
106190661,L.A. DOWNTOWN MEDICAL CENTER,2022,43891532,6758363,50649895,8747481,967733,567889,116406217,115393894,113810396,1583498,-1012323,-150348,43.51,0.83,7.51,0.49,-5.06,-23.44,-6.35
106190661,L.A. DOWNTOWN MEDICAL CENTER,2023,38850922,5016339,43867261,6898787,1350475,5081128,105789208,106440202,105148721,1291481,650994,552534,41.47,1.28,6.52,4.8,-13.39,39.55,-7.76
106190661,L.A. DOWNTOWN MEDICAL CENTER,2024,18368002,6760691,25128693,15016756,1130934,3419400,123433308,147360907,146745288,615619,23927599,26983883,20.36,0.92,12.17,2.77,-42.72,-16.26,38.44
106190673,SAN DIMAS COMMUNITY HOSPITAL,2020,22312782,7251050,29563832,5769305,800000,1476092,55676024,58123437,54720364,3403073,2447413,444424,53.1,1.44,10.36,2.65,,,
106190673,SAN DIMAS COMMUNITY HOSPITAL,2021,21957139,6957506,28914645,5723194,851532,5683622,58960433,58796841,58265339,531502,-163592,897370,49.04,1.44,9.71,9.64,-2.2,6.44,1.16
106190673,SAN DIMAS COMMUNITY HOSPITAL,2022,20066735,6696776,26763511,7718913,863979,13639655,66223462,62295398,61883902,411496,-3928064,-5438000,40.41,1.3,11.66,20.6,-7.44,1.46,5.95
106190673,SAN DIMAS COMMUNITY HOSPITAL,2023,22929444,5345711,28275155,6407866,934469,8130131,63347486,67566001,67201614,364387,4218515,4506645,44.64,1.48,10.12,12.83,5.65,8.16,8.46
106190673,SAN DIMAS COMMUNITY HOSPITAL,2024,26928827,6163940,33092767,8039263,945698,7618837,71934310,70877331,69473749,1403582,-1056979,-1102548,46.0,1.31,11.18,10.59,17.04,1.2,4.9
106190680,PROVIDENCE LITTLE COMPANY OF MARY MC - SAN PEDRO,2020,72336711,31123827,103460538,15801487,678125,5241068,190487945,201768534,182188483,19580051,11280589,12392032,54.31,0.36,8.3,2.75,,,
106190680,PROVIDENCE LITTLE COMPANY OF MARY MC - SAN PEDRO,2021,74325987,32667432,106993419,18171936,1173562,9914280,203522892,191938053,190958491,979562,-11584839,-12844854,52.57,0.58,8.93,4.87,3.41,73.06,-4.87
106190680,PROVIDENCE LITTLE COMPANY OF MARY MC - SAN PEDRO,2022,80271506,30081872,110353378,19929112,1024933,13135988,253559706,200677318,199453085,1224233,-52882388,-49664680,43.52,0.4,7.86,5.18,3.14,-12.66,4.55
106190680,PROVIDENCE LITTLE COMPANY OF MARY MC - SAN PEDRO,2023,82492591,35242980,117735571,20858472,2519520,18013739,259295106,220541359,217420072,3121287,-38753747,-37662985,45.41,0.97,8.04,6.95,6.69,145.82,9.9
106190680,PROVIDENCE LITTLE COMPANY OF MARY MC - SAN PEDRO,2024,85964790,37278340,123243130,21379070,1714576,10228039,239376487,211993796,210180721,1813075,-27382691,-26001469,51.49,0.72,8.93,4.27,4.68,-31.95,-3.88
106190681,DOCS SURGICAL HOSPITAL,2020,2476743,580873,3057616,4827817,38346,779879,13504617,14775289,14752274,23015,1270672,1386164,22.64,0.28,35.75,5.77,,,
106190681,DOCS SURGICAL HOSPITAL,2021,2728712,538587,3267299,6615065,55060,1230067,17291233,20554337,20514382,39955,3263104,3795378,18.9,0.32,38.26,7.11,6.86,43.59,39.11
106190681,DOCS SURGICAL HOSPITAL,2022,2519476,548616,3068092,6173621,28922,1344344,17370390,17410652,17350223,60429,40262,52402,17.66,0.17,35.54,7.74,-6.1,-47.47,-15.29
106190681,DOCS SURGICAL HOSPITAL,2023,2227470,612943,2840413,5323551,73786,1302233,15538239,14667072,14647829,19243,-871167,-871167,18.28,0.47,34.26,8.38,-7.42,155.12,-15.76
106190687,SANTA MONICA - UCLA MEDICAL CENTER AND ORTHOPAEDIC HOSPITAL,2020,225172990,151180617,376353607,105665492,2535651,8817860,669288672,667079160,641866578,25212582,-2209512,-240853,56.23,0.38,15.79,1.32,,,
106190687,SANTA MONICA - UCLA MEDICAL CENTER AND ORTHOPAEDIC HOSPITAL,2021,236321539,98858670,335180209,114128970,2995984,3469456,630442310,734034108,715097155,18936953,103591798,77474389,53.17,0.48,18.1,0.55,-10.94,18.15,10.04
106190687,SANTA MONICA - UCLA MEDICAL CENTER AND ORTHOPAEDIC HOSPITAL,2022,247852203,121462623,369314826,121466495,4184000,6136438,699774631,795594602,779920233,15674369,95819971,74413938,52.78,0.6,17.36,0.88,10.18,39.65,8.39
106190687,SANTA MONICA - UCLA MEDICAL CENTER AND ORTHOPAEDIC HOSPITAL,2023,270409432,134999305,405408737,139040073,3756000,20388608,787714852,855054389,837301573,17752816,67339537,47571061,51.47,0.48,17.65,2.59,9.77,-10.23,7.47
106190687,SANTA MONICA - UCLA MEDICAL CENTER AND ORTHOPAEDIC HOSPITAL,2024,294495548,110719833,405215381,145649899,4503855,10238001,804304078,893548996,870082228,23466768,89244918,64681168,50.38,0.56,18.11,1.27,-0.05,19.91,4.5
106190696,PACIFICA HOSPITAL OF THE VALLEY,2020,34185334,12567846,46753180,6328340,1116312,8420263,126477372,96457322,93223766,3233556,-30020050,-29434880,36.97,0.88,5.0,6.66,,,
106190696,PACIFICA HOSPITAL OF THE VALLEY,2021,36494323,16959461,53453784,7647562,1274225,5654032,116849622,102751776,93614069,9137707,-14097846,-13455001,45.75,1.09,6.54,4.84,14.33,14.15,6.53
106190696,PACIFICA HOSPITAL OF THE VALLEY,2022,40009635,14802439,54812074,6786212,1456673,2780917,109198549,111073837,99797693,11276144,1875288,2752036,50.19,1.33,6.21,2.55,2.54,14.32,8.1
106190696,PACIFICA HOSPITAL OF THE VALLEY,2023,42538035,15892376,58430411,6775711,1387624,3905471,110596939,100993005,94873461,6119544,-9603934,-8467617,52.83,1.25,6.13,3.53,6.6,-4.74,-9.08
106190696,PACIFICA HOSPITAL OF THE VALLEY,2024,47456308,11267918,58724226,7089699,1386507,3855416,117756017,119687634,111529382,8158252,1931617,2192131,49.87,1.18,6.02,3.27,0.5,-0.08,18.51
106190708,SHERMAN OAKS HOSPITAL,2020,36216216,12427201,48643417,8253714,827551,1667543,92731710,99557621,95409985,4147636,6825911,6825911,52.46,0.89,8.9,1.8,,,
106190708,SHERMAN OAKS HOSPITAL,2021,33739882,12492159,46232041,7355551,841512,2368719,90987955,98315876,97869313,446563,7327921,8044984,50.81,0.92,8.08,2.6,-4.96,1.69,-1.25
106190708,SHERMAN OAKS HOSPITAL,2022,34976606,11723146,46699752,7905524,854882,1879413,89708054,93707677,93281791,425886,3999623,5862304,52.06,0.95,8.81,2.1,1.01,1.59,-4.69
106190708,SHERMAN OAKS HOSPITAL,2023,41497591,9692068,51189659,8182395,1225459,1977597,96744434,101696460,100992815,703645,4952026,4877316,52.91,1.27,8.46,2.04,9.61,43.35,8.53
106190708,SHERMAN OAKS HOSPITAL,2024,43500721,10117987,53618708,9202883,1227863,1872874,103830214,113982166,112514427,1467739,10151952,10151952,51.64,1.18,8.86,1.8,4.75,0.2,12.08
106190754,ST. FRANCIS MEDICAL CENTER,2020,155936532,76342039,232278571,39467365,5144931,14929860,523080288,491250539,488410886,2839653,-31829749,-31316823,44.41,0.98,7.55,2.85,,,
106190754,ST. FRANCIS MEDICAL CENTER,2021,132440193,41579638,174019831,33495004,3798536,14222967,422351727,541185546,511986850,29198696,118833819,118833819,41.2,0.9,7.93,3.37,-25.08,-26.17,10.16
106190754,ST. FRANCIS MEDICAL CENTER,2022,134068883,37833556,171902439,37700607,2934607,37951173,377652457,466229045,459151779,7077266,88576588,70112955,45.52,0.78,9.98,10.05,-1.22,-22.74,-13.85
106190754,ST. FRANCIS MEDICAL CENTER,2023,131928209,27515016,159443225,35524871,3292724,10206212,343966373,450356881,444288851,6068030,106390508,86942082,46.35,0.96,10.33,2.97,-7.25,12.2,-3.4
106190754,ST. FRANCIS MEDICAL CENTER,2024,143890004,36573969,180463973,37120091,4795966,12359378,384576223,493562148,488327677,5234471,108985925,107368386,46.93,1.25,9.65,3.21,13.18,45.65,9.59
106190756,PROVIDENCE ST. JOHN'S HEALTH CENTER,2020,111917213,45989941,157907154,75570387,1582473,18316799,417347384,386291674,355596669,30695005,-31055710,-15425235,37.84,0.38,18.11,4.39,,,
106190756,PROVIDENCE ST. JOHN'S HEALTH CENTER,2021,121245675,48428409,169674084,84898364,5063635,25488393,456688981,405008088,400996368,4011720,-51680893,-23990124,37.15,1.11,18.59,5.58,7.45,219.98,4.85
106190756,PROVIDENCE ST. JOHN'S HEALTH CENTER,2022,122376755,45990192,168366947,90528125,2356046,50502607,576988964,429210871,423599304,5611567,-147778093,-135024691,29.18,0.41,15.69,8.75,-0.77,-53.47,5.98
106190756,PROVIDENCE ST. JOHN'S HEALTH CENTER,2023,134929745,52246279,187176024,97869431,4785087,32922173,555620765,446382158,437801558,8580600,-109238607,-100089603,33.69,0.86,17.61,5.93,11.17,103.1,4.0
106190756,PROVIDENCE ST. JOHN'S HEALTH CENTER,2024,144552980,54776217,199329197,103376723,4268389,14344402,538756596,468775013,464193612,4581401,-69981583,-49738368,37.0,0.79,19.19,2.66,6.49,-10.8,5.02
106190758,PROVIDENCE ST. JOSEPH MEDICAL CENTER,2020,141561489,62640197,204201686,66823761,1415370,8930249,442577497,508864592,453940942,54923650,66287095,71771975,46.14,0.32,15.1,2.02,,,
106190758,PROVIDENCE ST. JOSEPH MEDICAL CENTER,2021,139054868,61309814,200364682,67894342,2440702,17844810,436186469,458518407,454894822,3623585,22331938,24825642,45.94,0.56,15.57,4.09,-1.88,72.44,-9.89
106190758,PROVIDENCE ST. JOSEPH MEDICAL CENTER,2022,146672859,62271811,208944670,73533487,1724068,36840458,570141194,463367644,459438202,3929442,-106773550,-124698781,36.65,0.3,12.9,6.46,4.28,-29.36,1.06
106190758,PROVIDENCE ST. JOSEPH MEDICAL CENTER,2023,162941748,71793769,234735517,78301472,2703598,19189185,577736658,538056815,528248266,9808549,-39679843,-41411673,40.63,0.47,13.55,3.32,12.34,56.82,16.12
106190758,PROVIDENCE ST. JOSEPH MEDICAL CENTER,2024,182188257,80644651,262832908,81032632,2063514,11798477,561847020,584127679,577338757,6788922,22280659,30737344,46.78,0.37,14.42,2.1,11.97,-23.68,8.56
106190766,COAST PLAZA HOSPITAL,2020,19796579,6240641,26037220,5476353,112787,1117802,53755298,54177735,46593886,7583849,422437,422437,48.44,0.21,10.19,2.08,,,
106190766,COAST PLAZA HOSPITAL,2021,17967423,6166987,24134410,5194481,162625,1315076,52268122,46767781,41644967,5122814,-5500341,-6260187,46.17,0.31,9.94,2.52,-7.31,44.19,-13.68
106190766,COAST PLAZA HOSPITAL,2022,18454501,5913690,24368191,4958454,372426,2349508,54977281,41665970,40993915,672055,-13311311,-13934576,44.32,0.68,9.02,4.27,0.97,129.01,-10.91
106190766,COAST PLAZA HOSPITAL,2023,19585347,6008688,25594035,5221766,298571,5187557,60607040,47267751,46792314,475437,-13339289,-9883804,42.23,0.49,8.62,8.56,5.03,-19.83,13.44
106190766,COAST PLAZA HOSPITAL,2024,23271202,6368064,29639266,4730474,414921,2818446,64476801,50778198,50590977,187221,-13698603,-13149064,45.97,0.64,7.34,4.37,15.81,38.97,7.43
106190782,TARZANA TREATMENT CENTER,2020,5562491,898191,6460682,641181,30965,926207,11707122,10529512,10529512,0,-1177610,3973529,55.19,0.26,5.48,7.91,,,
106190782,TARZANA TREATMENT CENTER,2021,6699179,1072539,7771718,790190,46176,860043,12771475,12199783,12199783,0,-571692,4380063,60.85,0.36,6.19,6.73,20.29,49.12,15.86
106190782,TARZANA TREATMENT CENTER,2022,10159199,1706745,11865944,1429659,67930,1496584,18110769,12555228,12555228,0,-5555541,2353208,65.52,0.38,7.89,8.26,52.68,47.11,2.91
106190782,TARZANA TREATMENT CENTER,2023,7771775,1305656,9077431,492927,69520,2359757,17696002,11819918,11819918,0,-5876084,6092146,51.3,0.39,2.79,13.33,-23.5,2.34,-5.86
106190782,TARZANA TREATMENT CENTER,2024,7770677,1305473,9076150,1032164,10850,3490817,16449053,16176632,16176632,0,-272421,37593394,55.18,0.07,6.27,21.22,-0.01,-84.39,36.86
106190796,RONALD REAGAN UCLA MEDICAL CENTER,2020,796661973,551531432,1348193405,412963193,14558480,48485400,2321624713,2436822886,2083131124,353691762,115198173,127999624,58.07,0.63,17.79,2.09,,,
106190796,RONALD REAGAN UCLA MEDICAL CENTER,2021,838908166,374521623,1213429789,473115165,15806200,35439351,2209334661,2474855466,2207684949,267170517,265520805,345100874,54.92,0.72,21.41,1.6,-10.0,8.57,1.56
106190796,RONALD REAGAN UCLA MEDICAL CENTER,2022,880275283,468063727,1348339010,532520291,20923000,48387245,2582615316,2602988082,2304516015,298472067,20372766,-44012953,52.21,0.81,20.62,1.87,11.12,32.37,5.18
106190796,RONALD REAGAN UCLA MEDICAL CENTER,2023,978026687,514951554,1492978241,591655818,24809500,72978413,2752517029,2973136826,2624946700,348190126,220619797,303667992,54.24,0.9,21.5,2.65,10.73,18.58,14.22
106190796,RONALD REAGAN UCLA MEDICAL CENTER,2024,1022742605,453454375,1476196980,684534799,27033749,56043164,2864257743,3371707786,2871058374,500649412,507450043,674050350,51.54,0.94,23.9,1.96,-1.12,8.97,13.41
106190812,VALLEY PRESBYTERIAN HOSPITAL,2020,116360049,48747054,165107103,41115090,1415831,14961370,391759897,380169093,355280390,24888703,-11590804,13242129,42.14,0.36,10.49,3.82,,,
106190812,VALLEY PRESBYTERIAN HOSPITAL,2021,115860691,49452183,165312874,46414105,1501709,19323648,458385798,476287652,470851020,5436632,17901854,69046491,36.06,0.33,10.13,4.22,0.12,6.07,25.28
106190812,VALLEY PRESBYTERIAN HOSPITAL,2022,122010940,46587624,168598564,49152619,444637,40005981,503379036,465474976,461998366,3476610,-37904060,-86468030,33.49,0.09,9.76,7.95,1.99,-70.39,-2.27
106190812,VALLEY PRESBYTERIAN HOSPITAL,2023,130249215,45466687,175715902,51498937,933231,38474680,544066544,499027972,494025156,5002816,-45038572,289287,32.3,0.17,9.47,7.07,4.22,109.89,7.21
106190812,VALLEY PRESBYTERIAN HOSPITAL,2024,140077123,46892402,186969525,56410048,822039,33952734,561201860,548070365,543262472,4807893,-13131495,34251006,33.32,0.15,10.05,6.05,6.4,-11.91,9.83
106190818,USC VERDUGO HILLS HOSPITAL,2020,69866669,15962924,85829593,21578108,427210,10786749,149315411,145930281,137064501,8865780,-3385130,-3293776,57.48,0.29,14.45,7.22,,,
106190818,USC VERDUGO HILLS HOSPITAL,2022,72098084,22748117,94846201,27809987,1371582,8133017,162694290,156803425,153016488,3786937,-5890865,-5890865,58.3,0.84,17.09,5.0,10.51,221.06,7.45
106190818,USC VERDUGO HILLS HOSPITAL,2023,81089388,33631904,114721292,31016231,949473,10480181,220867774,166287455,162403034,3884421,-54580319,-54580019,51.94,0.43,14.04,4.75,20.96,-30.78,6.05
106190818,USC VERDUGO HILLS HOSPITAL,2024,99352310,33127272,132479582,34242470,880763,12451788,234511636,164321110,161982201,2338909,-70190526,-68588008,56.49,0.38,14.6,5.31,15.48,-7.24,-1.18
106190857,WEST COVINA MEDICAL CENTER,2020,7750798,1909659,9660457,3594325,230545,126707,17575295,14395439,13922001,473438,-3179856,-2302800,54.97,1.31,20.45,0.72,,,
106190857,WEST COVINA MEDICAL CENTER,2021,8347369,2848670,11196039,3075295,44605,81558,17543320,21249420,20586428,662992,3706100,5089953,63.82,0.25,17.53,0.46,15.9,-80.65,47.61
106190859,WEST HILLS HOSPITAL AND MEDICAL CENTER,2020,72931494,39948381,112879875,32832296,3281746,7217086,234099758,236166428,233094916,3071512,2066670,8450934,48.22,1.4,14.02,3.08,,,
106190859,WEST HILLS HOSPITAL AND MEDICAL CENTER,2021,68897698,39411896,108309594,34652792,3250602,9671712,231407788,252244474,249762160,2482314,20836686,23253365,46.8,1.4,14.97,4.18,-4.05,-0.95,6.81
106190859,WEST HILLS HOSPITAL AND MEDICAL CENTER,2022,70973004,36572991,107545995,34632612,3795463,7991905,229488685,240161415,236866737,3294678,10672730,17976220,46.86,1.65,15.09,3.48,-0.71,16.76,-4.79
106190859,WEST HILLS HOSPITAL AND MEDICAL CENTER,2023,74134622,36334149,110468771,34442478,3560776,11585799,235563075,249161982,245938390,3223592,13598907,26835990,46.9,1.51,14.62,4.92,2.72,-6.18,3.75
106190878,ADVENTIST HEALTH WHITE MEMORIAL,2020,130505377,55146581,185651958,66142004,1477890,11902215,474334573,450553527,422294059,28259468,-23781046,-12988202,39.14,0.31,13.94,2.51,,,
106190878,ADVENTIST HEALTH WHITE MEMORIAL,2021,132716643,57881421,190598064,72953043,1986023,20059562,480841132,465344983,458845378,6499605,-15496149,6283686,39.64,0.41,15.17,4.17,2.66,34.38,3.28
106190878,ADVENTIST HEALTH WHITE MEMORIAL,2022,135423635,60334774,195758409,64329427,2534906,19543844,500971213,482077803,466735217,15342586,-18893410,-21569816,39.08,0.51,12.84,3.9,2.71,27.64,3.6
106190878,ADVENTIST HEALTH WHITE MEMORIAL,2023,169900796,58998614,228899410,78238848,4592357,22096474,572717974,569173148,560802728,8370420,-3544826,126223410,39.97,0.8,13.66,3.86,16.93,81.16,18.07
106190878,ADVENTIST HEALTH WHITE MEMORIAL,2024,203054803,75563959,278618762,100197626,9492558,18750061,671205810,635758550,623958956,11799594,-35447260,8292802,41.51,1.41,14.93,2.79,21.72,106.7,11.7
106190883,WHITTIER HOSPITAL MEDICAL CENTER,2020,46026692,16167448,62194140,11174075,1154467,239670,117450677,142420220,131442865,10977355,24969543,25244005,52.95,0.98,9.51,0.2,,,
106190883,WHITTIER HOSPITAL MEDICAL CENTER,2021,39946639,20246497,60193136,11848212,1466383,1059113,115771983,132238243,126810030,5428213,16466260,16129979,51.99,1.27,10.23,0.91,-3.22,27.02,-7.15
106190883,WHITTIER HOSPITAL MEDICAL CENTER,2022,44036593,15378239,59414832,11311918,1616797,1040697,116780304,123789983,123504254,285729,7009679,7306999,50.88,1.38,9.69,0.89,-1.29,10.26,-6.39
106190883,WHITTIER HOSPITAL MEDICAL CENTER,2023,46688543,16811414,63499957,14159706,1647966,1005207,121917446,127286471,121015587,6270884,5369025,5828551,52.08,1.35,11.61,0.82,6.88,1.93,2.82
106190883,WHITTIER HOSPITAL MEDICAL CENTER,2024,48695015,15336788,64031803,11721317,1646941,1592807,126956490,124165594,123883109,282485,-2790896,-2115876,50.44,1.3,9.23,1.25,0.84,-0.06,-2.45
106190930,RESNICK NEUROPSYCHIATRIC HOSPITAL AT UCLA,2020,42604850,30515626,73120476,1289623,692103,1544354,91850362,78886043,74709828,4176215,-12964319,-12718011,79.61,0.75,1.4,1.68,,,
106190930,RESNICK NEUROPSYCHIATRIC HOSPITAL AT UCLA,2021,45952386,18891082,64843468,1010523,748840,675793,81643774,74871126,71827246,3043880,-6772648,-6705888,79.42,0.92,1.24,0.83,-11.32,8.2,-5.09
106190930,RESNICK NEUROPSYCHIATRIC HOSPITAL AT UCLA,2022,47307856,23551246,70859102,1224992,839000,401904,89263130,78390930,75285239,3105691,-10872200,-13115760,79.38,0.94,1.37,0.45,9.28,12.04,4.7
106190930,RESNICK NEUROPSYCHIATRIC HOSPITAL AT UCLA,2023,50023099,25043037,75066136,1597251,1031000,200296,93243843,78786495,76299333,2487162,-14457348,-18257725,80.51,1.11,1.71,0.21,5.94,22.88,0.5
106190930,RESNICK NEUROPSYCHIATRIC HOSPITAL AT UCLA,2024,52215852,20335661,72551513,1414930,1040471,196837,92834099,75613087,74042761,1570326,-17221012,-26189302,78.15,1.12,1.52,0.21,-3.35,0.92,-4.03
106190949,HENRY MAYO NEWHALL HOSPITAL,2020,131320109,26313705,157633814,48461297,1421066,18996442,341989873,337971853,326161542,11810311,-4018020,397429,46.09,0.42,14.17,5.55,,,
106190949,HENRY MAYO NEWHALL HOSPITAL,2021,135525542,28294578,163820120,56514144,1470752,27531777,362587020,370815452,366091026,4724426,8228432,9699195,45.18,0.41,15.59,7.59,3.92,3.5,9.72
106190949,HENRY MAYO NEWHALL HOSPITAL,2022,143551324,30432533,173983857,57973944,1775151,42537979,396584014,390161966,382748196,7413770,-6422048,-19012445,43.87,0.45,14.62,10.73,6.2,20.7,5.22
106190949,HENRY MAYO NEWHALL HOSPITAL,2023,149886526,33829858,183716384,57620742,1840292,32418567,398315991,394276775,390686601,3590174,-4039216,9684059,46.12,0.46,14.47,8.14,5.59,3.67,1.05
106190949,HENRY MAYO NEWHALL HOSPITAL,2024,147943805,33210985,181154790,60904334,3697009,32936453,413115991,437738932,427396412,10342520,24622941,44337490,43.85,0.89,14.74,7.97,-1.39,100.89,11.02
106190958,METROPOLITAN STATE HOSPITAL,2020,0,0,0,0,0,0,267714950,267648971,267648971,0,-65979,0,0.0,0.0,0.0,0.0,,,
106190958,METROPOLITAN STATE HOSPITAL,2021,0,0,0,0,0,0,292772520,292605811,292605811,0,-166709,0,0.0,0.0,0.0,0.0,,,9.32
106190958,METROPOLITAN STATE HOSPITAL,2022,0,0,0,0,0,0,303888310,303878781,303878781,0,-9529,0,0.0,0.0,0.0,0.0,,,3.85
106190958,METROPOLITAN STATE HOSPITAL,2023,0,0,0,0,0,0,332476605,332451886,332451886,0,-24719,0,0.0,0.0,0.0,0.0,,,9.4
106190958,METROPOLITAN STATE HOSPITAL,2024,0,0,0,0,0,0,394259038,394242269,394242269,0,-16769,0,0.0,0.0,0.0,0.0,,,18.59
106191216,USC KENNETH NORRIS JR. CANCER HOSPITAL,2020,49761490,29527749,79289239,93213143,159445,6801810,229836546,289401551,271290540,18111011,59565005,59546182,34.5,0.07,40.56,2.96,,,
106191216,USC KENNETH NORRIS JR. CANCER HOSPITAL,2022,65317425,41541782,106859207,186160607,463870,9843705,374041886,494885189,449248581,45636608,120843303,120843303,28.57,0.12,49.77,2.63,34.77,190.93,71.0
106191216,USC KENNETH NORRIS JR. CANCER HOSPITAL,2023,68715700,43545483,112261183,228892737,896197,8755027,484111988,580600976,507471676,73129300,96488988,96488988,23.19,0.19,47.28,1.81,5.06,93.2,17.32
106191216,USC KENNETH NORRIS JR. CANCER HOSPITAL,2024,77380066,47950355,125330421,250675587,2990840,12255189,536161295,652370035,650619082,1750953,116208740,116208740,23.38,0.56,46.75,2.29,11.64,233.73,12.36
106191225,TOM REDGATE MEMORIAL RECOVERY CENTER,2020,1917089,461827,2378916,419245,29320,444799,4365055,4217842,4217342,500,-147213,-147213,54.5,0.67,9.6,10.19,,,
106191225,TOM REDGATE MEMORIAL RECOVERY CENTER,2021,1907227,506937,2414164,474715,37528,533866,4549650,3783950,3777425,6525,-765700,-765700,53.06,0.82,10.43,11.73,1.48,27.99,-10.29
106191225,TOM REDGATE MEMORIAL RECOVERY CENTER,2022,2032316,485991,2518307,565924,39405,529275,4728716,4323638,4319304,4334,-405078,-405078,53.26,0.83,11.97,11.19,4.31,5.0,14.26
106191225,TOM REDGATE MEMORIAL RECOVERY CENTER,2023,2523447,510046,3033493,571308,62864,659932,5600792,4926792,4921675,5117,-674000,-674000,54.16,1.12,10.2,11.78,20.46,59.53,13.95
106191225,TOM REDGATE MEMORIAL RECOVERY CENTER,2024,2193456,540317,2733773,566697,44621,907909,5504093,6150328,6143766,6562,646235,646235,49.67,0.81,10.3,16.5,-9.88,-29.02,24.83
106191227,LAC/HARBOR - UCLA MEDICAL CENTER,2020,450227224,231081136,681308360,117987426,8075259,13650793,1070014049,809731250,713624731,96106519,-260282799,3133569,63.67,0.75,11.03,1.28,,,
106191227,LAC/HARBOR - UCLA MEDICAL CENTER,2021,463019700,303532932,766552632,126369992,404492,28769576,1180230996,945515072,886957738,58557334,-234715924,121866752,64.95,0.03,10.71,2.44,12.51,-94.99,16.77
106191227,LAC/HARBOR - UCLA MEDICAL CENTER,2022,473565128,204566023,678131151,140579677,1020277,74578539,1279389943,1385950919,1301682252,84268667,106560976,365702641,53.0,0.08,10.99,5.83,-11.53,152.24,46.58
106191227,LAC/HARBOR - UCLA MEDICAL CENTER,2023,495305515,231967961,727273476,154648941,5800368,85857464,1442858319,1274520266,1242905939,31614327,-168338053,259003017,50.41,0.4,10.72,5.95,7.25,468.51,-8.04
106191227,LAC/HARBOR - UCLA MEDICAL CENTER,2024,542590123,273724012,816314135,173663287,616920,119094429,1416831925,1453380408,1425861434,27518974,36548483,546879511,57.62,0.04,12.26,8.41,12.24,-89.36,14.03
106191228,LAC/USC MEDICAL CENTER,2020,648835708,400173632,1049009340,209201943,20136326,23847955,1764219785,1262021458,1174867135,87154323,-502198327,107673156,59.46,1.14,11.86,1.35,,,
106191228,LAC/USC MEDICAL CENTER,2021,660637896,515381992,1176019888,203343183,6601515,44447044,1931386105,1226934418,1116935047,109999371,-704451687,-109114697,60.89,0.34,10.53,2.3,12.11,-67.22,-2.78
106191228,LAC/USC MEDICAL CENTER,2022,671517220,338187155,1009704375,213779699,15617023,72235334,1813499522,1740010800,1627410386,112600414,-73488722,274238466,55.68,0.86,11.79,3.98,-14.14,136.57,41.82
106191228,LOS ANGELES GENERAL MEDICAL CENTER,2023,716584291,365588887,1082173178,219328955,8052420,108331172,1939868913,1976185845,1900774761,75411084,36316932,471638515,55.79,0.42,11.31,5.58,7.18,-48.44,13.57
106191228,LOS ANGELES GENERAL MEDICAL CENTER,2024,776138838,419092258,1195231096,255351644,4945682,119424270,2099495718,1926656430,1841468963,85187467,-172839288,267190201,56.93,0.24,12.16,5.69,10.45,-38.58,-2.51
106191230,"MARTIN LUTHER KING, JR. COMMUNITY HOSPITAL",2020,101897500,32983367,134880867,22059461,1324700,20175233,326813098,335731550,313786160,21945390,8918452,10145814,41.27,0.41,6.75,6.17,,,
106191230,"MARTIN LUTHER KING, JR. COMMUNITY HOSPITAL",2021,98620093,35074446,133694539,28762441,1007378,24955835,341673320,350181283,343567675,6613608,8507963,18476808,39.13,0.29,8.42,7.3,-0.88,-23.95,4.3
106191230,"MARTIN LUTHER KING, JR. COMMUNITY HOSPITAL",2022,101085184,35952689,137037873,28670316,1108798,44545169,373947031,363104456,356807469,6296987,-10842575,-20086607,36.65,0.3,7.67,11.91,2.5,10.07,3.69
106191230,"MARTIN LUTHER KING, JR. COMMUNITY HOSPITAL",2023,103922579,37570773,141493352,29923047,1303838,61357543,410645767,368127904,358642736,9485168,-42517863,-33113792,34.46,0.32,7.29,14.94,3.25,17.59,1.38
106191230,"MARTIN LUTHER KING, JR. COMMUNITY HOSPITAL",2024,111958282,41746296,153704578,42934055,1539160,38848422,418339668,403897201,380195978,23701223,-14442467,-10426129,36.74,0.37,10.26,9.29,8.63,18.05,9.72
106191231,LAC/OLIVE VIEW - UCLA MEDICAL CENTER,2020,271745770,150973572,422719342,72595984,567924,9815701,672909699,471908412,450910491,20997921,-201001287,-5904834,62.82,0.08,10.79,1.46,,,
106191231,LAC/OLIVE VIEW - UCLA MEDICAL CENTER,2021,283596800,175314873,458911673,74151285,3185215,22457687,752369652,595766671,559636177,36130494,-156602981,63931817,61.0,0.42,9.86,2.98,8.56,460.85,26.25
106191231,LAC/OLIVE VIEW - UCLA MEDICAL CENTER,2022,288750100,113019551,401769651,80679794,580521,32714652,716018504,716776313,678294429,38481884,757809,116794013,56.11,0.08,11.27,4.57,-12.45,-81.77,20.31
106191231,LAC/OLIVE VIEW - UCLA MEDICAL CENTER,2023,302806059,132390566,435196625,87555892,2732878,41371879,771088500,930002128,910003194,19998934,158913628,328345018,56.44,0.35,11.35,5.37,8.32,370.76,29.75
106191231,LAC/OLIVE VIEW - UCLA MEDICAL CENTER,2024,322763859,154447768,477211627,100181549,5492749,43149898,846312939,769582964,746813457,22769507,-76729975,64307319,56.39,0.65,11.84,5.1,9.65,100.99,-17.25
106191300,KAISER FOUNDATION SOUTHERN REGION,2020,0,0,0,0,0,0,9699423518,9966354035,8413227030,1553127005,266930517,491649343,0.0,0.0,0.0,0.0,,,
106191300,KAISER FOUNDATION SOUTHERN REGION,2021,0,0,0,0,0,0,10977296108,11305825982,9508491619,1797334363,328529874,535184559,0.0,0.0,0.0,0.0,,,13.44
106191300,KAISER FOUNDATION SOUTHERN REGION,2022,0,0,0,0,0,0,11062148502,11179138932,9224755308,1954383624,116990430,420038339,0.0,0.0,0.0,0.0,,,-1.12
106191300,KAISER FOUNDATION SOUTHERN REGION,2023,0,0,0,0,0,0,11376140473,11784983579,9594366132,2190617447,408843106,1067685019,0.0,0.0,0.0,0.0,,,5.42
106191300,KAISER FOUNDATION SOUTHERN REGION,2024,0,0,0,0,0,0,12434917990,13461312796,10894487347,2566825449,1026394806,1722559208,0.0,0.0,0.0,0.0,,,14.22
106191306,LAC/RANCHO LOS AMIGOS NATIONAL REHABILITATION CENTER,2020,124229060,82668581,206897641,23147516,73415,4500674,321484572,403871132,390075683,13795449,82386560,146853129,64.36,0.02,7.2,1.4,,,
106191306,LAC/RANCHO LOS AMIGOS NATIONAL REHABILITATION CENTER,2021,131718354,107581585,239299939,23158733,160058,6913674,367405971,266410896,259372696,7038200,-100995075,45388036,65.13,0.04,6.3,1.88,15.66,118.02,-34.04
106191306,LAC/RANCHO LOS AMIGOS NATIONAL REHABILITATION CENTER,2022,132650465,69977161,202627626,22304302,564957,11225985,367473634,470543984,458252423,12291561,103070350,261899511,55.14,0.15,6.07,3.05,-15.32,252.97,76.62
106191306,LAC/RANCHO LOS AMIGOS NATIONAL REHABILITATION CENTER,2023,143000067,80527469,223527536,24524463,1144224,11795196,386981713,262654030,259222914,3431116,-124327683,53543437,57.76,0.3,6.34,3.05,10.31,102.53,-44.18
106191306,LAC/RANCHO LOS AMIGOS NATIONAL REHABILITATION CENTER,2024,148326439,95609010,243935449,26443604,5956822,13511043,417357489,414192940,408014029,6178911,-3164549,244652485,58.45,1.43,6.34,3.24,9.13,420.6,57.7
106191450,KAISER FOUNDATION HOSPITAL - WOODLAND HILLS,2020,0,0,0,0,1782816,0,0,0,0,0,0,0,,,,,,,
106191450,KAISER FOUNDATION HOSPITAL - WOODLAND HILLS,2021,100536494,45046748,145583242,40218705,1577664,17404357,503303740,437035800,386802364,50233436,-66267940,-66256139,28.93,0.31,7.99,3.46,,-11.51,
106191450,KAISER FOUNDATION HOSPITAL - WOODLAND HILLS,2022,105362895,47404740,152767635,50101898,1603755,26578811,510541771,448910506,402556044,46354462,-61631265,-61712842,29.92,0.31,9.81,5.21,4.93,1.65,2.72
106191450,KAISER FOUNDATION HOSPITAL - WOODLAND HILLS,2023,118901754,52336050,171237804,55043030,3535405,25643281,536879771,486271240,432220907,54050333,-50608531,-50659059,31.9,0.66,10.25,4.78,12.09,120.45,8.32
106191450,KAISER FOUNDATION HOSPITAL - WOODLAND HILLS,2024,132843000,59589436,192432436,55403236,1339284,11439276,583404230,578799346,521493545,57305801,-4604884,-4759869,32.98,0.23,9.5,1.96,12.38,-62.12,19.03
106194010,AMERICAN RECOVERY CENTER,2020,3684447,980578,4665025,646633,68778,362037,7781514,7541501,7540028,1473,-240013,-240013,59.95,0.88,8.31,4.65,,,
106194010,AMERICAN RECOVERY CENTER,2021,3565583,975394,4540977,705720,82484,428575,7957840,7446743,7446080,663,-511097,-511097,57.06,1.04,8.87,5.39,-2.66,19.93,-1.26
106194010,AMERICAN RECOVERY CENTER,2022,3816794,1024484,4841278,609456,86608,659343,8255951,9075752,9075752,0,819801,819801,58.64,1.05,7.38,7.99,6.61,5.0,21.88
106194010,AMERICAN RECOVERY CENTER,2023,4152881,1096460,5249341,703687,147821,674162,9184544,8737025,8737025,0,-447519,-447519,57.15,1.61,7.66,7.34,8.43,70.68,-3.73
106194010,AMERICAN RECOVERY CENTER,2024,4352796,1114441,5467237,704929,172831,585281,9396875,10079192,10079192,0,682317,682317,58.18,1.84,7.5,6.23,4.15,16.92,15.36
106194219,KECK HOSPITAL OF USC,2020,394336528,130810272,525146800,301919446,1572244,100324207,1273850652,1269926659,1195380502,74546157,-3923993,-3925904,41.23,0.12,23.7,7.88,,,
106194219,KECK HOSPITAL OF USC,2022,474839314,146565776,621405090,341688667,4601133,128960389,1548747445,1450406657,1407939925,42466732,-98340788,-98340788,40.12,0.3,22.06,8.33,18.33,192.65,14.21
106194219,KECK HOSPITAL OF USC,2023,361984596,203254829,565239425,373995898,931324,102690451,1575301459,1467072477,1460632293,6440184,-108228982,-108228982,35.88,0.06,23.74,6.52,-9.04,-79.76,1.15
106194219,KECK HOSPITAL OF USC,2024,395435636,214049517,609485153,396996695,3855719,101465144,1648014871,1619258709,1613234134,6024575,-28756162,-28756162,36.98,0.23,24.09,6.16,7.83,314.0,10.37
106194967,STAR VIEW ADOLESCENT - PHF,2020,2940797,840900,3781697,84030,57205,1037132,6777006,5380725,5380725,0,-1396281,1086892,55.8,0.84,1.24,15.3,,,
106194967,STAR VIEW ADOLESCENT - PHF,2021,2714601,680249,3394850,97166,50423,1096513,6374817,4941078,4941078,0,-1433739,-652897,53.25,0.79,1.52,17.2,-10.23,-11.86,-8.17
106194967,STAR VIEW ADOLESCENT - PHF,2022,2604012,550802,3154814,35348,41099,805472,5400821,4173745,4173745,0,-1227076,721690,58.41,0.76,0.65,14.91,-7.07,-18.49,-15.53
106194967,STAR VIEW ADOLESCENT - PHF,2023,2574056,609681,3183737,80384,30874,824029,5409417,4761264,4761264,0,-648153,6440785,58.86,0.57,1.49,15.23,0.92,-24.88,14.08
106194967,STAR VIEW ADOLESCENT - PHF,2024,3071682,655461,3727143,154636,73373,1234048,6411810,4280551,4280551,0,-2131259,12023008,58.13,1.14,2.41,19.25,17.07,137.65,-10.1
106194981,LA CASA PSYCHIATRIC HEALTH FACILITY,2020,1841517,451323,2292840,90253,37714,430214,3860788,3860802,3860778,24,14,14,59.39,0.98,2.34,11.14,,,
106194981,LA CASA PSYCHIATRIC HEALTH FACILITY,2021,2069709,534053,2603762,90976,40598,395161,4178077,4178077,4177839,238,0,0,62.32,0.97,2.18,9.46,13.56,7.65,8.22
106194981,LA CASA PSYCHIATRIC HEALTH FACILITY,2022,2145988,557129,2703117,97531,39801,306603,4154584,4154584,4154486,98,0,0,65.06,0.96,2.35,7.38,3.82,-1.96,-0.56
106194981,LA CASA PSYCHIATRIC HEALTH FACILITY,2023,2384897,618384,3003281,113983,43089,150768,4421435,4421435,4421327,108,0,0,67.93,0.97,2.58,3.41,11.1,8.26,6.42
106194981,LA CASA PSYCHIATRIC HEALTH FACILITY,2024,2570560,607200,3177760,157602,47262,177856,4614654,7233059,7232727,332,2618405,2618405,68.86,1.02,3.42,3.85,5.81,9.68,63.59
106196035,KAISER FOUNDATION HOSPITAL - BALDWIN PARK,2020,0,0,0,0,1905198,0,0,0,0,0,0,0,,,,,,,
106196035,KAISER FOUNDATION HOSPITAL - BALDWIN PARK,2021,135294339,60579269,195873608,51261491,1608961,8265919,607145352,668041695,610731113,57310582,60896343,60926677,32.26,0.27,8.44,1.36,,-15.55,
106196035,KAISER FOUNDATION HOSPITAL - BALDWIN PARK,2022,133336348,60233755,193570103,52809207,1597304,16337576,600805886,644185813,586767826,57417987,43379927,43422979,32.22,0.27,8.79,2.72,-1.18,-0.72,-3.57
106196035,KAISER FOUNDATION HOSPITAL - BALDWIN PARK,2023,146591182,65042515,211633697,56255111,2133340,21410298,644977304,657739773,586801052,70938721,12762469,12821182,32.81,0.33,8.72,3.32,9.33,33.56,2.1
106196035,KAISER FOUNDATION HOSPITAL - BALDWIN PARK,2024,157065495,70540384,227605879,61135359,1426463,10211209,719185041,761561178,679881177,81680001,42376137,42508248,31.65,0.2,8.5,1.42,7.55,-33.13,15.78
106196168,MEMORIALCARE MILLER CHILDREN'S & WOMEN'S HOSPITAL LONG BEACH,2020,145363588,63112306,208475894,41428183,8532248,19899578,474198623,528832510,510312713,18519797,54633887,55252229,43.96,1.8,8.74,4.2,,,
106196168,MEMORIALCARE MILLER CHILDREN'S & WOMEN'S HOSPITAL LONG BEACH,2021,145113605,60587965,205701570,39134355,5651526,26551545,453770023,435204370,403817595,31386775,-18565653,-14589100,45.33,1.25,8.62,5.85,-1.33,-33.76,-17.7
106196168,MEMORIALCARE MILLER CHILDREN'S & WOMEN'S HOSPITAL LONG BEACH,2022,152623481,64353189,216976670,45910221,0,40311424,481377394,442625520,428513494,14112026,-38751874,-33492762,45.07,0.0,9.54,8.37,5.48,-100.0,1.71
106196168,MEMORIALCARE MILLER CHILDREN'S & WOMEN'S HOSPITAL LONG BEACH,2023,169487195,74603050,244090245,48959952,294356,39837542,520032350,427668212,398753172,28915040,-92364138,-90416621,46.94,0.06,9.41,7.66,12.5,,-3.38
106196168,MEMORIALCARE MILLER CHILDREN'S & WOMEN'S HOSPITAL LONG BEACH,2024,178870961,70754494,249625455,48122824,9290925,25816567,532633894,468412918,454033372,14379546,-64220976,-66066825,46.87,1.74,9.03,4.85,2.27,3056.36,9.53
106196403,KAISER FOUNDATION HOSPITAL - DOWNEY,2020,0,0,0,0,2941924,0,0,0,0,0,0,0,,,,,,,
106196403,KAISER FOUNDATION HOSPITAL - DOWNEY,2021,195131824,87544134,282675958,80558178,2571788,29870319,884573369,934371689,850754443,83617246,49798320,49834242,31.96,0.29,9.11,3.38,,-12.58,
106196403,KAISER FOUNDATION HOSPITAL - DOWNEY,2022,198506025,89632286,288138311,82955126,2575806,82217904,924027500,923574540,837449081,86125459,-452960,-583964,31.18,0.28,8.98,8.9,1.93,0.16,-1.16
106196403,KAISER FOUNDATION HOSPITAL - DOWNEY,2023,225775414,100263431,326038845,88244063,4395346,53168600,945211918,1001768936,897602805,104166131,56557018,56703770,34.49,0.47,9.34,5.63,13.15,70.64,8.47
106196403,KAISER FOUNDATION HOSPITAL - DOWNEY,2024,255289509,115189709,370479218,99046272,1539306,10595885,1048959351,1129608555,1016813735,112794820,80649204,80190689,35.32,0.15,9.44,1.01,13.63,-64.98,12.76
106196404,JOYCE EISENBERG KEEFER MEDICAL CENTER,2020,19777740,7252108,27029848,3761533,220109,1482114,45802557,42528411,41130477,1397934,-3274146,-3261427,59.01,0.48,8.21,3.24,,,
106196404,JOYCE EISENBERG KEEFER MEDICAL CENTER,2021,18823702,7985249,26808951,3659114,222251,1211871,44907065,39539808,38129065,1410743,-5367257,-5404938,59.7,0.49,8.15,2.7,-0.82,0.97,-7.03
106196404,JOYCE EISENBERG KEEFER MEDICAL CENTER,2022,21784204,5868702,27652906,5732905,259143,1357890,46446013,44803006,44274996,528010,-1643007,-1641606,59.54,0.56,12.34,2.92,3.15,16.6,13.31
106196404,JOYCE EISENBERG KEEFER MEDICAL CENTER,2023,23980159,6331378,30311537,5787941,271216,1200667,51550291,61611567,52872937,8738630,10061276,10054699,58.8,0.53,11.23,2.33,9.61,4.66,37.52
106196404,JOYCE EISENBERG KEEFER MEDICAL CENTER,2024,23888314,5789594,29677908,8231274,365007,1596970,55164938,57560658,56614735,945923,2395720,2391321,53.8,0.66,14.92,2.89,-2.09,34.58,-6.57
106196405,PALMDALE REGIONAL MEDICAL CENTER,2020,67458384,14270856,81729240,29486344,2258449,3064006,215573963,222187145,198214789,23972356,6613182,6875291,37.91,1.05,13.68,1.42,,,
106196405,PALMDALE REGIONAL MEDICAL CENTER,2021,71076533,15874920,86951453,35543891,4196072,16383377,225355252,220968160,218283989,2684171,-4387092,-4214823,38.58,1.86,15.77,7.27,6.39,85.79,-0.55
106196405,PALMDALE REGIONAL MEDICAL CENTER,2022,79144914,13739190,92884104,37922168,2669996,16592342,235372133,238863690,237437233,1426457,3491557,3744161,39.46,1.13,16.11,7.05,6.82,-36.37,8.1
106196405,PALMDALE REGIONAL MEDICAL CENTER,2023,91328226,16957068,108285294,43070629,3130151,10451581,274998143,250246943,249125769,1121174,-24751200,-24543886,39.38,1.14,15.66,3.8,16.58,17.23,4.77
106196405,PALMDALE REGIONAL MEDICAL CENTER,2024,96362797,17907550,114270347,42786565,5502653,8627799,287588023,275691866,274706384,985482,-11896157,-11478387,39.73,1.91,14.88,3.0,5.53,75.8,10.17
106198495,OCEAN VIEW PSYCHIATRIC HEALTH FACILITY,2020,4728610,1092352,5820962,649698,49105,601845,9477502,10492043,10066857,425186,1014541,1014541,61.42,0.52,6.86,6.35,,,
106198495,OCEAN VIEW PSYCHIATRIC HEALTH FACILITY,2021,4865208,1440748,6305956,654025,44261,581331,10023925,10097702,10097702,0,73777,-3762671,62.91,0.44,6.52,5.8,8.33,-9.86,-3.76
106198495,OCEAN VIEW PSYCHIATRIC HEALTH FACILITY,2022,6044714,1553253,7597967,595025,179801,346047,12873001,11538094,11538094,0,-1334907,-734898,59.02,1.4,4.62,2.69,20.49,306.23,14.26
106198495,OCEAN VIEW PSYCHIATRIC HEALTH FACILITY,2023,7485165,2164834,9649999,430377,289055,303081,15620864,12403838,12403838,0,-3217026,-3909706,61.78,1.85,2.76,1.94,27.01,60.76,7.5
106198495,OCEAN VIEW PSYCHIATRIC HEALTH FACILITY,2024,7809144,2083914,9893058,371665,378683,367901,17349010,10980624,11002537,-21913,-6368386,-6368386,57.02,2.18,2.14,2.12,2.52,31.01,-11.47
106200030,RIVER VISTA BEHAVIORAL HEALTH,2024,12026760,1598495,13625255,733870,251830,0,24972433,23741170,23731856,9314,-1231263,-1239907,54.56,1.01,2.94,0.0,,,
106201281,MADERA COMMUNITY HOSPITAL,2020,36116201,12493226,48609427,11478440,741189,1443878,91301309,89137501,84992148,4145353,-2163808,-1067409,53.24,0.81,12.57,1.58,,,
106201281,MADERA COMMUNITY HOSPITAL,2021,38114962,11530371,49645333,12992164,771792,6799776,104279663,100345782,96455308,3890474,-3933881,-2387795,47.61,0.74,12.46,6.52,2.13,4.13,12.57
106201281,MADERA COMMUNITY HOSPITAL,2022,36983135,13827943,50811078,13636720,813180,18174285,116039643,104005901,95758518,8247383,-12033742,-11572650,43.79,0.7,11.75,15.66,2.35,5.36,3.65
106204019,VALLEY CHILDREN'S HOSPITAL,2020,223411767,97419219,320830986,98113657,2938123,13852736,650235936,679239854,621780878,57458976,29003918,79681100,49.34,0.45,15.09,2.13,,,
106204019,VALLEY CHILDREN'S HOSPITAL,2021,222963276,108934409,331897685,116896928,3573056,10592740,660900241,671710930,629288377,42422553,10810689,120219221,50.22,0.54,17.69,1.6,3.45,21.61,-1.11
106204019,VALLEY CHILDREN'S HOSPITAL,2022,235279243,109025848,344305091,116538192,5665884,20164507,741339766,1068574713,1019283969,49290744,327234947,198961517,46.44,0.76,15.72,2.72,3.74,58.57,59.08
106204019,VALLEY CHILDREN'S HOSPITAL,2023,244663351,115073102,359736453,113512392,3845139,28170452,740075662,761582402,728183090,33399312,21506740,93495808,48.61,0.52,15.34,3.81,4.48,-32.14,-28.73
106204019,VALLEY CHILDREN'S HOSPITAL,2024,271699783,127740581,399440364,138880750,5908196,32999995,826353396,844633475,810438133,34195342,18280079,182700595,48.34,0.71,16.81,3.99,11.04,53.65,10.91
106210992,KAISER FOUNDATION HOSPITAL - SAN RAFAEL,2020,0,0,0,0,300181,0,0,0,0,0,0,0,,,,,,,
106210992,KAISER FOUNDATION HOSPITAL - SAN RAFAEL,2021,69934659,30411940,100346599,19216351,317187,3825811,295424115,252464373,209257322,43207051,-42959742,-43046609,33.97,0.11,6.5,1.3,,5.67,
106210992,KAISER FOUNDATION HOSPITAL - SAN RAFAEL,2022,69177789,29614996,98792785,19183883,494855,9906146,299426468,250450258,198764368,51685890,-48976210,-48961889,32.99,0.17,6.41,3.31,-1.55,56.01,-0.8
106210992,KAISER FOUNDATION HOSPITAL - SAN RAFAEL,2023,76069653,26134491,102204144,23589736,1177367,8720816,323443839,276899253,219510873,57388380,-46544586,-46771976,31.6,0.36,7.29,2.7,3.45,137.92,10.56
106210992,KAISER FOUNDATION HOSPITAL - SAN RAFAEL,2024,81526553,29949380,111475933,25494684,954442,5003868,357218161,317666217,249785177,67881040,-39551944,-39624264,31.21,0.27,7.14,1.4,9.07,-18.93,14.72
106210993,KENTFIELD HOSPITAL,2020,30695683,7722579,38418262,11305107,365850,1758189,72279234,80246284,79230297,1015987,7967050,7967050,53.15,0.51,15.64,2.43,,,
106210993,KENTFIELD HOSPITAL,2021,33657347,6551482,40208829,5820245,394178,0,70070372,77554929,76341539,1213390,7484557,7484557,57.38,0.56,8.31,0.0,4.66,7.74,-3.35
106210993,KENTFIELD HOSPITAL,2022,33811990,6962904,40774894,5112465,433745,0,79910829,67005068,65338129,1666939,-12905761,-6427561,51.03,0.54,6.4,0.0,1.41,10.04,-13.6
106210993,KENTFIELD HOSPITAL,2023,33600593,6298654,39899247,4750121,439742,0,71119523,80488161,78771320,1716841,9368638,9368638,56.1,0.62,6.68,0.0,-2.15,1.38,20.12
106211006,MARIN GENERAL HOSPITAL,2020,160200046,79362097,239562143,54663597,1419131,15250024,420229182,428024925,408866374,19158551,7795743,-22280240,57.01,0.34,13.01,3.63,,,
106211006,MARIN GENERAL HOSPITAL,2021,168062136,78855813,246917949,62740351,1739457,17563595,456355084,483993154,472168081,11825073,27638070,-6910982,54.11,0.38,13.75,3.85,3.07,22.57,13.08
106211006,MARIN GENERAL HOSPITAL,2022,170075081,83698570,253773651,66609081,2202046,27132259,497932320,533206686,522081559,11125127,35274366,-4019149,50.97,0.44,13.38,5.45,2.78,26.59,10.17
106211006,MARINHEALTH MEDICAL CENTER,2023,190176086,88106382,278282468,76799623,2246608,21131042,545940251,580168546,567703347,12465199,34228295,12204872,50.97,0.41,14.07,3.87,9.66,2.02,8.81
106211006,MARINHEALTH MEDICAL CENTER,2024,210155945,96830314,306986259,83600993,2459785,15115084,599959100,647576498,641596061,5980437,47617398,22994165,51.17,0.41,13.93,2.52,10.31,9.49,11.62
106214034,NOVATO COMMUNITY HOSPITAL,2020,26472158,13638304,40110462,9922301,404300,3855612,83351362,75907903,72894897,3013006,-7443459,-7415389,48.12,0.49,11.9,4.63,,,
106214034,NOVATO COMMUNITY HOSPITAL,2021,26639360,13054638,39693998,11451664,454540,3309907,81760203,82036105,81840209,195896,275902,4396168,48.55,0.56,14.01,4.05,-1.04,12.43,8.07
106214034,NOVATO COMMUNITY HOSPITAL,2022,27115934,12583307,39699241,12675688,441474,8391667,89630553,91354686,90816586,538100,1724133,319117,44.29,0.49,14.14,9.36,0.01,-2.87,11.36
106214034,NOVATO COMMUNITY HOSPITAL,2023,31891304,13921505,45812809,14822222,460652,5982142,100167266,101961939,101594637,367302,1794673,6978505,45.74,0.46,14.8,5.97,15.4,4.34,11.61
106214034,NOVATO COMMUNITY HOSPITAL,2024,37564131,15538168,53102299,16493984,397982,1544923,107865567,115287489,114915893,371596,7421922,9961036,49.23,0.37,15.29,1.43,15.91,-13.6,13.07
106220733,JOHN C. FREMONT HEALTHCARE DISTRICT,2020,11962682,3796869,15759551,2360281,90360,961294,27969155,24232163,23225310,1006853,-3736992,-1193093,56.35,0.32,8.44,3.44,,,
106220733,JOHN C. FREMONT HEALTHCARE DISTRICT,2021,12647766,4108034,16755800,2422123,332628,586184,28894518,21525585,20524796,1000789,-7368933,-3823647,57.99,1.15,8.38,2.03,6.32,268.11,-11.17
106220733,JOHN C. FREMONT HEALTHCARE DISTRICT,2022,13537989,3051723,16589712,2130282,336726,470811,29999873,21382865,20958722,424143,-8617008,-5217167,55.3,1.12,7.1,1.57,-0.99,1.23,-0.66
106220733,JOHN C. FREMONT HEALTHCARE DISTRICT,2023,13765511,2780816,16546327,1659520,145645,1012847,31341054,24402203,24256395,145808,-6938851,-2121495,52.79,0.46,5.3,3.23,-0.26,-56.75,14.12
106220733,JOHN C. FREMONT HEALTHCARE DISTRICT,2024,17494245,2962156,20456401,1575669,142547,5715841,38816817,31061030,30904963,156067,-7755787,1453512,52.7,0.37,4.06,14.73,23.63,-2.13,27.29
106231013,MENDOCINO COAST DISTRICT HOSPITAL,2020,18281267,8802016,27083283,8878757,215055,8666420,60053131,59814915,53267107,6547808,-238216,3190338,45.1,0.36,14.78,14.43,,,
106231013,ADVENTIST HEALTH MENDOCINO COAST,2021,18472903,8415535,26888438,9386735,215629,5855053,67685473,56620015,55229114,1390901,-11065458,-10586822,39.73,0.32,13.87,8.65,-0.72,0.27,-5.34
106231013,ADVENTIST HEALTH MENDOCINO COAST,2022,20316689,9931630,30248319,10407526,237928,11497049,86927459,77112341,76299462,812879,-9815118,-9470652,34.8,0.27,11.97,13.23,12.5,10.34,36.19
106231013,ADVENTIST HEALTH MENDOCINO COAST,2023,23768999,11055913,34824912,10185311,130285,9412333,88750203,81967614,80555222,1412392,-6782589,-7214986,39.24,0.15,11.48,10.61,15.13,-45.24,6.3
106231013,ADVENTIST HEALTH MENDOCINO COAST,2024,25598501,14089772,39688273,10702765,244226,6276417,91967281,82255405,80173947,2081458,-9711876,-10539135,43.15,0.27,11.64,6.82,13.97,87.46,0.35
106231396,ADVENTIST HEALTH UKIAH VALLEY,2020,45321607,21818515,67140122,28639096,413088,2503852,194180604,207259545,193628252,13631293,13078941,11703218,34.58,0.21,14.75,1.29,,,
106231396,ADVENTIST HEALTH UKIAH VALLEY,2021,47040267,23807356,70847623,30658364,878647,7661928,212015979,233974208,221680086,12294122,21958229,19621654,33.42,0.41,14.46,3.61,5.52,112.7,12.89
106231396,ADVENTIST HEALTH UKIAH VALLEY,2022,51267820,22913072,74180892,33293130,644395,10342549,237811373,233948292,222434939,11513353,-3863081,-6807889,31.19,0.27,14.0,4.35,4.7,-26.66,-0.01
106231396,ADVENTIST HEALTH UKIAH VALLEY,2023,58192331,26128573,84320904,33644264,722065,8990793,248997740,249986646,246221294,3765352,988906,7744758,33.86,0.29,13.51,3.61,13.67,12.05,6.86
106231396,ADVENTIST HEALTH UKIAH VALLEY,2024,63926697,41364325,105291022,41247875,1112443,5792070,276894769,262929384,259493422,3435962,-13965385,-8127628,38.03,0.4,14.9,2.09,24.87,54.06,5.18
106234038,ADVENTIST HEALTH HOWARD MEMORIAL,2020,22414927,9219533,31634460,11831130,171114,1708819,79772061,83105830,75005946,8099884,3333769,5910684,39.66,0.21,14.83,2.14,,,
106234038,ADVENTIST HEALTH HOWARD MEMORIAL,2021,23250535,9537390,32787925,12293490,197243,1903905,85361319,93158222,87986413,5171809,7796903,10287677,38.41,0.23,14.4,2.23,3.65,15.27,12.1
106234038,ADVENTIST HEALTH HOWARD MEMORIAL,2022,24904153,10367397,35271550,12965836,488918,5505909,91013508,87553249,86087068,1466181,-3460259,-4069373,38.75,0.54,14.25,6.05,7.57,147.88,-6.02
106234038,ADVENTIST HEALTH HOWARD MEMORIAL,2023,27179631,11482898,38662529,12424508,673998,4430121,91738484,94738244,93604987,1133257,2999760,8614376,42.14,0.73,13.54,4.83,9.61,37.86,8.21
106234038,ADVENTIST HEALTH HOWARD MEMORIAL,2024,29818337,12386168,42204505,13566368,368742,3494243,96829911,95046808,92431590,2615218,-1783103,2313284,43.59,0.38,14.01,3.61,9.16,-45.29,0.33
106240924,MEMORIAL HOSPITAL LOS BANOS,2020,22230555,13641325,35871880,6450814,618262,2913075,71858619,91246519,84407158,6839361,19387900,19651047,49.92,0.86,8.98,4.05,,,
106240924,MEMORIAL HOSPITAL LOS BANOS,2021,23395708,11955005,35350713,8014053,645731,7698902,78280306,101781552,101314279,467273,23501246,27866577,45.16,0.82,10.24,9.84,-1.45,4.44,11.55
106240924,MEMORIAL HOSPITAL LOS BANOS,2022,23802586,11784446,35587032,7477624,626363,10349190,79586803,101313989,100917598,396391,21727186,20675511,44.71,0.79,9.4,13.0,0.67,-3.0,-0.46
106240924,MEMORIAL HOSPITAL LOS BANOS,2023,26075572,13855059,39930631,7468336,680497,3994576,80248260,110276120,109731214,544906,30027860,35380910,49.76,0.85,9.31,4.98,12.21,8.64,8.85
106240924,MEMORIAL HOSPITAL LOS BANOS,2024,32276140,14833513,47109653,7824776,537397,4662515,91000204,131679550,130943997,735553,40679346,43448941,51.77,0.59,8.6,5.12,17.98,-21.03,19.41
106240942,MERCY MEDICAL CENTER - MERCED,2020,90534179,52271458,142805637,37102993,1769041,11308025,313390303,331127321,321012794,10114527,17737018,101540095,45.57,0.56,11.84,3.61,,,
106240942,MERCY MEDICAL CENTER - MERCED,2021,93542658,58600806,152143464,40830886,2709467,15042337,334489187,354977847,345039492,9938355,20488660,33461150,45.49,0.81,12.21,4.5,6.54,53.16,7.2
106240942,MERCY MEDICAL CENTER - MERCED,2022,97575697,55301036,152876733,46667987,1513774,31811701,349686269,367215830,360520004,6695826,17529561,20853317,43.72,0.43,13.35,9.1,0.48,-44.13,3.45
106240942,MERCY MEDICAL CENTER - MERCED,2023,102337775,59357169,161694944,44816699,2184241,30761857,364805926,398264526,385234920,13029606,33458600,39054159,44.32,0.6,12.29,8.43,5.77,44.29,8.46
106240942,MERCY MEDICAL CENTER - MERCED,2024,112571235,60010109,172581344,46014523,2321068,19423813,388851815,436537636,433584478,2953158,47685821,57451892,44.38,0.6,11.83,5.0,6.73,6.26,9.61
106244027,MARIE GREEN PSYCHIATRIC CENTER - PHF,2020,0,0,0,0,0,0,4789473,4789473,4789473,0,0,0,0.0,0.0,0.0,0.0,,,
106244027,MARIE GREEN PSYCHIATRIC CENTER - PHF,2021,0,0,0,0,0,0,4806420,6987142,6987142,0,2180722,2180722,0.0,0.0,0.0,0.0,,,45.89
106244027,MARIE GREEN PSYCHIATRIC CENTER - PHF,2022,0,0,0,0,0,0,6506907,8231153,8231153,0,1724246,1724246,0.0,0.0,0.0,0.0,,,17.8
106244027,MARIE GREEN PSYCHIATRIC CENTER - PHF,2023,0,0,0,0,0,0,5720500,13287159,13287159,0,7566659,7566659,0.0,0.0,0.0,0.0,,,61.43
106244027,MARIE GREEN PSYCHIATRIC CENTER - PHF,2024,0,0,0,0,0,0,6809603,12855098,12855098,0,6045495,6045495,0.0,0.0,0.0,0.0,,,-3.25
106250955,SURPRISE VALLEY COMMUNITY HOSPITAL,2020,2950320,674918,3625238,312775,68420,454870,6353533,6035809,4556508,1479301,-317724,420307,57.06,1.08,4.92,7.16,,,
106250955,SURPRISE VALLEY COMMUNITY HOSPITAL,2021,3493063,629749,4122812,675604,77923,409349,8310386,8705419,5080279,3625140,395033,878582,49.61,0.94,8.13,4.93,13.73,13.89,44.23
106250955,SURPRISE VALLEY COMMUNITY HOSPITAL,2022,3745214,520606,4265820,636387,75001,1011888,8498280,9749793,9006992,742801,1251513,1514949,50.2,0.88,7.49,11.91,3.47,-3.75,12.0
106250955,SURPRISE VALLEY COMMUNITY HOSPITAL,2023,5940651,493286,6433937,654081,99114,234234,10834826,9442636,7415716,2026920,-1392190,-1207171,59.38,0.91,6.04,2.16,50.83,32.15,-3.15
106250955,SURPRISE VALLEY COMMUNITY HOSPITAL,2024,5104567,701573,5806140,597467,119337,109465,10744598,9753264,6730743,3022521,-991334,-865810,54.04,1.11,5.56,1.02,-9.76,20.4,3.29
106250956,MODOC MEDICAL CENTER,2020,9582595,2232291,11814886,3775683,130941,3812789,25798246,33300036,29661474,3638562,7501790,10291101,45.8,0.51,14.64,14.78,,,
106254005,MODOC MEDICAL CENTER,2022,13288594,3080040,16368634,6053594,164208,6362777,39116456,33998971,30777872,3221099,-5117485,-2552768,41.85,0.42,15.48,16.27,,,
106254005,MODOC MEDICAL CENTER,2023,15410986,3359633,18770619,5894555,173300,4520793,42319508,41812437,37807256,4005181,-507071,2378974,44.35,0.41,13.93,10.68,14.67,5.54,22.98
106254005,MODOC MEDICAL CENTER,2024,16455191,3662538,20117729,6389493,234757,3615890,43176501,47415356,43441334,3974022,4238855,7906901,46.59,0.54,14.8,8.37,7.18,35.46,13.4
106260011,MAMMOTH HOSPITAL,2020,25478701,10770372,36249073,8640643,342711,502177,78735486,79113466,78567874,545592,377980,8578978,46.04,0.44,10.97,0.64,,,
106260011,MAMMOTH HOSPITAL,2021,26512655,11586164,38098819,9623742,328241,361839,79325814,88876666,88397162,479504,9550852,24229811,48.03,0.41,12.13,0.46,5.1,-4.22,12.34
106260011,MAMMOTH HOSPITAL,2022,29367161,14706152,44073313,11036892,365927,1547295,91815469,94637355,94067881,569474,2821886,17589723,48.0,0.4,12.02,1.69,15.68,11.48,6.48
106260011,MAMMOTH HOSPITAL,2023,36251193,9964765,46215958,10559911,220866,1584232,94092999,99857142,99121206,735936,5764143,18021053,49.12,0.23,11.22,1.68,4.86,-39.64,5.52
106260011,MAMMOTH HOSPITAL,2024,38829774,10917629,49747403,11159272,356387,1628072,99629849,106486272,105991849,494423,6856423,22735949,49.93,0.36,11.2,1.63,7.64,61.36,6.64
106270020,COMMUNITY HOSPITAL OF THE MONTEREY PENINSULA - OHANA,2024,10769286,6024030,16793316,516328,0,233737,18731609,12574507,8299916,4274591,-6157102,-6157102,89.65,0.0,2.76,1.25,,,
106270744,COMMUNITY HOSPITAL OF THE MONTEREY PENINSULA,2020,218403801,142115467,360519268,81123134,1709412,12877617,597093276,686153788,664603304,21550484,89060512,88625569,60.38,0.29,13.59,2.16,,,
106270744,COMMUNITY HOSPITAL OF THE MONTEREY PENINSULA,2021,238713522,156486309,395199831,88106944,1838814,20883101,641256559,746796188,726339964,20456224,105539629,103167518,61.63,0.29,13.74,3.26,9.62,7.57,8.84
106270744,COMMUNITY HOSPITAL OF THE MONTEREY PENINSULA,2022,255301512,158635962,413937474,92139809,2560775,31691656,723357950,809729766,798380643,11349123,86371816,90750083,57.22,0.35,12.74,4.38,4.74,39.26,8.43
106270744,COMMUNITY HOSPITAL OF THE MONTEREY PENINSULA,2023,282981711,160532361,443514072,104738492,2573967,34148694,809605060,918097675,905254595,12843080,108492615,112585350,54.78,0.32,12.94,4.22,7.15,0.52,13.38
106270744,COMMUNITY HOSPITAL OF THE MONTEREY PENINSULA,2024,297684550,117508473,415193023,108161598,2105406,22751209,760485743,832774208,823342107,9432101,72288465,73728774,54.6,0.28,14.22,2.99,-6.39,-18.2,-9.29
106270777,GEORGE L. MEE MEMORIAL HOSPITAL,2020,21218928,9480062,30698990,3459064,499213,4368521,62795982,51851403,46421573,5429830,-10944579,-9234193,48.89,0.79,5.51,6.96,,,
106270777,GEORGE L. MEE MEMORIAL HOSPITAL,2021,21243827,10621750,31865577,3559855,388031,3365380,60686892,74909070,72568599,2340471,14222178,21501607,52.51,0.64,5.87,5.55,3.8,-22.27,44.47
106270777,GEORGE L. MEE MEMORIAL HOSPITAL,2022,24053830,10280342,34334172,4035626,447021,4729074,65336476,81943066,67991498,13951568,16606590,19750087,52.55,0.68,6.18,7.24,7.75,15.2,9.39
106270777,GEORGE L. MEE MEMORIAL HOSPITAL,2023,27073453,9993352,37066805,4087603,547358,5061038,68282393,72022077,69074234,2947843,3739684,3959547,54.28,0.8,5.99,7.41,7.96,22.45,-12.11
106270777,GEORGE L. MEE MEMORIAL HOSPITAL,2024,27331273,11072871,38404144,4682479,384855,5375173,72604344,71912208,70399827,1512381,-692136,-143066,52.9,0.53,6.45,7.4,3.61,-29.69,-0.15
106270875,SALINAS VALLEY MEMORIAL HOSPITAL,2020,206290635,82541807,288832442,46732900,2111431,10832162,461253161,592869104,569680982,23188122,131615943,115127799,62.62,0.46,10.13,2.35,,,
106270875,SALINAS VALLEY MEMORIAL HOSPITAL,2021,220091144,81793600,301884744,48673612,2463402,23298658,489758428,590524797,579633463,10891334,100766369,71670479,61.64,0.5,9.94,4.76,4.52,16.67,-0.4
106270875,SALINAS VALLEY MEMORIAL HOSPITAL,2022,186838426,117764082,304602508,76571179,2346900,30844758,516865201,600857136,591455916,9401220,83991935,45791512,58.93,0.45,14.81,5.97,0.9,-4.73,1.75
106270875,SALINAS VALLEY HEALTH MEDICAL CENTER,2023,200797484,145515043,346312527,82540041,1868374,34746045,578374001,651477781,637241310,14236471,73103780,62147080,59.88,0.32,14.27,6.01,13.69,-20.39,8.42
106270875,SALINAS VALLEY HEALTH MEDICAL CENTER,2024,200753562,134655717,335409279,89569899,1904591,26773399,578231422,667023635,650401970,16621665,88792213,70699947,58.01,0.33,15.49,4.63,-3.15,1.94,2.39
106274043,NATIVIDAD MEDICAL CENTER,2020,137719304,66004580,203723884,28158970,7242597,11450866,325432514,335018512,309391500,25627012,9585998,21365857,62.6,2.23,8.65,3.52,,,
106274043,NATIVIDAD MEDICAL CENTER,2021,148256009,57900251,206156260,35807503,8670730,32544588,356095879,366298661,342971016,23327645,10202782,22969013,57.89,2.43,10.06,9.14,1.19,19.72,9.34
106274043,NATIVIDAD MEDICAL CENTER,2022,156449167,65869677,222318844,36878460,8108704,25843775,370991808,411190281,406146112,5044169,40198473,51976879,59.93,2.19,9.94,6.97,7.84,-6.48,12.26
106274043,NATIVIDAD MEDICAL CENTER,2023,165373027,72222756,237595783,35445441,7722561,31819884,397335341,398991757,393971746,5020011,1656416,13588498,59.8,1.94,8.92,8.01,6.87,-4.76,-2.97
106274043,NATIVIDAD MEDICAL CENTER,2024,186424234,76088949,262513183,39405954,8529904,21225522,419467901,412500548,408100521,4400027,-6967353,6958780,62.58,2.03,9.39,5.06,10.49,10.45,3.39
106281047,QUEEN OF THE VALLEY MEDICAL CENTER,2020,90003099,38289971,128293070,33993696,1244260,6757350,292800141,282482897,270483169,11999728,-10317244,-6101673,43.82,0.42,11.61,2.31,,,
106281047,PROVIDENCE QUEEN OF THE VALLEY MEDICAL CENTER,2021,91202069,39073179,130275248,35913640,650425,5953619,288061022,291816074,285991702,5824372,3755052,40149209,45.22,0.23,12.47,2.07,1.55,-47.73,3.3
106281047,PROVIDENCE QUEEN OF THE VALLEY MEDICAL CENTER,2022,95120661,43397939,138518600,34342165,1660673,15269021,310463128,299657601,294034094,5623507,-10805527,-21820384,44.62,0.53,11.06,4.92,6.33,155.32,2.69
106281047,PROVIDENCE QUEEN OF THE VALLEY MEDICAL CENTER,2023,102883569,40306612,143190181,36956736,1201700,15362050,343573990,329130168,320881433,8248735,-14443822,12500022,41.68,0.35,10.76,4.47,3.37,-27.64,9.84
106281047,PROVIDENCE QUEEN OF THE VALLEY MEDICAL CENTER,2024,106869134,45070527,151939661,39643119,2619083,7657780,353698823,348691414,342575327,6116087,-5007409,1524617,42.96,0.74,11.21,2.17,6.11,117.95,5.94
106281078,ADVENTIST HEALTH ST. HELENA,2020,46936136,18618430,65554566,29170566,211736,4860181,190176735,182173266,155664401,26508865,-8003469,-19101261,34.47,0.11,15.34,2.56,,,
106281078,ADVENTIST HEALTH ST. HELENA,2021,49201627,24679510,73881137,51827007,438425,9847977,242258824,244915540,228813494,16102046,2656716,-3152976,30.5,0.18,21.39,4.07,12.7,107.06,34.44
106281078,ADVENTIST HEALTH ST. HELENA,2022,57619636,26500500,84120136,51534586,447387,9266531,258645564,252121414,239523019,12598395,-6524150,-18205833,32.52,0.17,19.92,3.58,13.86,2.04,2.94
106281078,ADVENTIST HEALTH ST. HELENA,2023,65448180,23882677,89330857,53066557,330675,7674541,263299493,258182461,244576814,13605647,-5117032,-15348964,33.93,0.13,20.15,2.91,6.19,-26.09,2.4
106281078,ADVENTIST HEALTH ST. HELENA,2024,61999999,24753678,86753677,57657352,555472,7699294,272860824,262099213,258817039,3282174,-10761611,-21851824,31.79,0.2,21.13,2.82,-2.88,67.98,1.52
106281266,NAPA STATE HOSPITAL,2020,0,0,0,0,0,0,395378760,395314662,395314662,0,-64098,0,0.0,0.0,0.0,0.0,,,
106281266,NAPA STATE HOSPITAL,2021,0,0,0,0,0,0,405736450,405705541,405705541,0,-30909,0,0.0,0.0,0.0,0.0,,,2.63
106281266,NAPA STATE HOSPITAL,2022,0,0,0,0,0,0,435695891,435687121,435687121,0,-8770,0,0.0,0.0,0.0,0.0,,,7.39
106281266,NAPA STATE HOSPITAL,2023,0,0,0,0,0,0,452273848,452192161,452192161,0,-81687,0,0.0,0.0,0.0,0.0,,,3.79
106281266,NAPA STATE HOSPITAL,2024,0,0,0,0,0,0,480453561,480444127,480444127,0,-9434,0,0.0,0.0,0.0,0.0,,,6.25
106291023,SIERRA NEVADA MEMORIAL HOSPITAL,2020,59971360,32678325,92649685,23124468,648366,4089459,173871405,172433109,163863634,8569475,-1438296,32242383,53.29,0.37,13.3,2.35,,,
106291023,SIERRA NEVADA MEMORIAL HOSPITAL,2021,63233100,36417088,99650188,25212722,1244716,4535421,182353995,179194641,174050610,5144031,-3159354,44729834,54.65,0.68,13.83,2.49,7.56,91.98,3.92
106291023,SIERRA NEVADA MEMORIAL HOSPITAL,2022,65535074,35059424,100594498,26345736,845306,10058734,189922479,185255240,179604236,5651004,-4667239,-11021937,52.97,0.45,13.87,5.3,0.95,-32.09,3.38
106291023,SIERRA NEVADA MEMORIAL HOSPITAL,2023,65351213,34494331,99845544,26563550,1756643,7335184,187912427,193787581,188169840,5617741,5875154,13353566,53.13,0.93,14.14,3.9,-0.74,107.81,4.61
106291023,SIERRA NEVADA MEMORIAL HOSPITAL,2024,71183015,33098635,104281650,25958234,1750109,6259033,191895578,212069045,211249910,819135,20173467,42728230,54.34,0.91,13.53,3.26,4.44,-0.37,9.43
106291053,TAHOE FOREST HOSPITAL,2020,72265336,34845057,107110393,25744128,881371,7089468,196023326,208699262,195976720,12722542,12675936,27225524,54.64,0.45,13.13,3.62,,,
106291053,TAHOE FOREST HOSPITAL,2021,81806360,40497611,122303971,27842528,1206090,7200389,213630292,225832533,224695242,1137291,12202241,25922621,57.25,0.56,13.03,3.37,14.18,36.84,8.21
106291053,TAHOE FOREST HOSPITAL,2022,91302275,42696159,133998434,32840930,1357059,8971181,235377855,252354847,249053788,3301059,16976992,28776104,56.93,0.58,13.95,3.81,9.56,12.52,11.74
106291053,TAHOE FOREST HOSPITAL,2023,112906294,53469428,166375722,36560698,1906150,3135708,269579834,271645593,267536830,4108763,2065759,19180572,61.72,0.71,13.56,1.16,24.16,40.46,7.64
106291053,TAHOE FOREST HOSPITAL,2024,123657333,59675456,183332789,39290249,1659039,3184217,285668330,294966617,287885460,7081157,9298287,27157535,64.18,0.58,13.75,1.11,10.19,-12.96,8.59
106300032,CHILDREN'S HOSPITAL OF ORANGE COUNTY,2020,244021015,104561737,348582752,113184795,2042844,34311803,731388524,812004212,732239009,79765203,80615688,34257130,47.66,0.28,15.48,4.69,,,
106300032,CHILDREN'S HOSPITAL OF ORANGE COUNTY,2021,254285530,113673611,367959141,119177349,2044625,23606157,718663595,761454326,665241902,96212424,42790731,-14485009,51.2,0.28,16.58,3.28,5.56,0.09,-6.23
106300032,CHILDREN'S HOSPITAL OF ORANGE COUNTY,2022,295679182,126705541,422384723,130053646,2343933,48849958,809837725,931562372,846008020,85554352,121724647,45955084,52.16,0.29,16.06,6.03,14.79,14.64,22.34
106300032,CHILDREN'S HOSPITAL OF ORANGE COUNTY,2023,341046214,134426644,475472858,163267913,2912905,78425814,1038891781,1338179975,1244356001,93823974,299288194,234476380,45.77,0.28,15.72,7.55,12.57,24.27,43.65
106300032,CHILDREN'S HOSPITAL OF ORANGE COUNTY,2024,377787080,143307343,521094423,165955250,3572683,52031438,1024010702,1209278505,1101015601,108262904,185267803,114418795,50.89,0.35,16.21,5.08,9.59,22.65,-9.63
106300225,MEMORIALCARE ORANGE COAST MEDICAL CENTER,2020,93825425,38879248,132704673,55603079,5965163,8218578,346647124,345895672,338153930,7741742,-751452,-597150,38.28,1.72,16.04,2.37,,,
106300225,MEMORIALCARE ORANGE COAST MEDICAL CENTER,2021,98778094,42631127,141409221,61155271,3939007,25856740,362013493,369867995,346891054,22976941,7854502,10685313,39.06,1.09,16.89,7.14,6.56,-33.97,6.93
106300225,MEMORIALCARE ORANGE COAST MEDICAL CENTER,2022,106248668,39951001,146199669,70647314,1758059,38094908,390108842,398514952,388422360,10092592,8406110,9830886,37.48,0.45,18.11,9.77,3.39,-55.37,7.75
106300225,MEMORIALCARE ORANGE COAST MEDICAL CENTER,2023,122939354,53058676,175998030,79025117,0,30821852,431873292,443066191,426706478,16359713,11192899,12936358,40.75,0.0,18.3,7.14,20.38,-100.0,11.18
106300225,MEMORIALCARE ORANGE COAST MEDICAL CENTER,2024,142340627,53529362,195869989,94715083,9331187,18731246,489903571,520437432,516515295,3922137,30533861,31625989,39.98,1.9,19.33,3.82,11.29,,17.46
106301097,ANAHEIM COMMUNITY HOSPITAL,2023,13584588,2160919,15745507,1102393,256994,192758,26636787,19975959,16998933,2977026,-6660828,-6660826,59.11,0.96,4.14,0.72,,,
106301097,ANAHEIM COMMUNITY HOSPITAL,2024,20792220,2959365,23751585,1782596,288853,363740,41270697,41438544,38515775,2922769,167847,167850,57.55,0.7,4.32,0.88,50.85,12.4,107.44
106301098,AHMC ANAHEIM REGIONAL MEDICAL CENTER,2020,57566827,30152657,87719484,26788186,1856204,1330725,202010012,197925331,196489429,1435902,-4084681,561774,43.42,0.92,13.26,0.66,,,
106301098,AHMC ANAHEIM REGIONAL MEDICAL CENTER,2021,49906591,26817258,76723849,24673653,1896767,2691023,186307144,187680718,186395356,1285362,1373574,3787255,41.18,1.02,13.24,1.44,-12.53,2.19,-5.18
106301098,AHMC ANAHEIM REGIONAL MEDICAL CENTER,2022,50924707,24541688,75466395,21998087,2061889,881992,180709672,181949442,181007073,942369,1239770,1565695,41.76,1.14,12.17,0.49,-1.64,8.71,-3.05
106301098,AHMC ANAHEIM REGIONAL MEDICAL CENTER,2023,60129840,20042193,80172033,22113601,2149775,670211,177404592,164816818,163836255,980563,-12587774,-11246788,45.19,1.21,12.47,0.38,6.24,4.26,-9.42
106301098,AHMC ANAHEIM REGIONAL MEDICAL CENTER,2024,61461895,19339582,80801477,24307222,1938768,1830800,196524025,179355409,178332676,1022733,-17168616,-16329194,41.12,0.99,12.37,0.93,0.79,-9.82,8.82
106301127,KINDRED HOSPITAL - BREA,2020,14848896,4665703,19514599,3350688,551098,1081270,38881569,44541692,44420114,121578,5660123,5697367,50.19,1.42,8.62,2.78,,,
106301127,KINDRED HOSPITAL - BREA,2021,16220852,4913074,21133926,3479615,668810,1026042,42124218,46043012,45840913,202099,3918794,3928285,50.17,1.59,8.26,2.44,8.3,21.36,3.37
106301127,KINDRED HOSPITAL - BREA,2022,17473072,5115252,22588324,3271487,409990,1332379,44835581,48087135,47935281,151854,3251554,3264666,50.38,0.91,7.3,2.97,6.88,-38.7,4.44
106301127,KINDRED HOSPITAL - BREA,2023,18336844,5146973,23483817,3276779,724887,1353978,47158357,47279385,47128432,150953,121028,153812,49.8,1.54,6.95,2.87,3.96,76.81,-1.68
106301127,KINDRED HOSPITAL - BREA,2024,19818771,5154456,24973227,3626051,809330,1079139,48957316,49649518,49340235,309283,692202,707038,51.01,1.65,7.41,2.2,6.34,11.65,5.01
106301140,CHAPMAN GLOBAL MEDICAL CENTER,2020,20273162,6946400,27219562,8574974,80077,2397007,52162802,50751935,47486856,3265079,-1410867,-1410867,52.18,0.15,16.44,4.6,,,
106301140,CHAPMAN GLOBAL MEDICAL CENTER,2021,20316455,7597996,27914451,8641368,99681,2464658,53653694,46717895,47260777,-542882,-6935799,-6935799,52.03,0.19,16.11,4.59,2.55,24.48,-7.95
106301140,CHAPMAN GLOBAL MEDICAL CENTER,2022,20645208,8404901,29050109,10127151,141037,3096103,57564317,58351425,57626283,725142,787108,787108,50.47,0.25,17.59,5.38,4.07,41.49,24.9
106301140,CHAPMAN GLOBAL MEDICAL CENTER,2023,21393498,8136210,29529708,9369922,179497,2764020,57427087,53648631,53345421,303210,-3778456,-3778456,51.42,0.31,16.32,4.81,1.65,27.27,-8.06
106301140,CHAPMAN GLOBAL MEDICAL CENTER,2024,21548053,7774673,29322726,9156382,166657,1438157,55648296,41173760,41023797,149963,-14474536,-14474536,52.69,0.3,16.45,2.58,-0.7,-7.15,-23.25
106301155,COLLEGE HOSPITAL COSTA MESA,2020,24203193,7651510,31854703,1373580,366500,9237051,79655073,113712886,110254993,3457893,34057813,34057813,39.99,0.46,1.72,11.6,,,
106301155,COLLEGE HOSPITAL COSTA MESA,2021,25593811,7875932,33469743,1757438,464291,9626532,81323387,125187730,123625342,1562388,43864343,43864343,41.16,0.57,2.16,11.84,5.07,26.68,10.09
106301155,COLLEGE HOSPITAL COSTA MESA,2022,27126124,8557703,35683827,1724252,527346,413234,79569684,103290949,101540424,1750525,23721265,23721265,44.85,0.66,2.17,0.52,6.62,13.58,-17.49
106301155,COLLEGE HOSPITAL COSTA MESA,2023,31323629,6318050,37641679,1565315,621082,559140,87019291,100864462,100070913,793549,13845171,15544161,43.26,0.71,1.8,0.64,5.49,17.78,-2.35
106301155,COLLEGE HOSPITAL COSTA MESA,2024,33623227,5965636,39588863,1974800,713708,1413556,89046306,121419956,120468042,951914,32373650,32819501,44.46,0.8,2.22,1.59,5.17,14.91,20.38
106301175,FOUNTAIN VALLEY REGIONAL HOSPITAL AND MC - EUCLID,2020,117891717,48147953,166039670,56866501,3553605,13968468,380895481,401800672,378815546,22985126,20905191,20898548,43.59,0.93,14.93,3.67,,,
106301175,FOUNTAIN VALLEY REGIONAL HOSPITAL AND MC - EUCLID,2021,121425983,46984383,168410366,60150113,4321412,19859374,385886151,383891898,389466108,-5574210,-1994253,-1919818,43.64,1.12,15.59,5.15,1.43,21.61,-4.46
106301175,FOUNTAIN VALLEY REGIONAL HOSPITAL AND MC - EUCLID,2022,117871175,46075915,163947090,51329854,5669324,25213681,371173891,357482481,353533133,3949348,-13691410,-13606811,44.17,1.53,13.83,6.79,-2.65,31.19,-6.88
106301175,FOUNTAIN VALLEY REGIONAL HOSPITAL AND MC - EUCLID,2023,124828158,46282151,171110309,47282577,6563768,19988724,366616197,339935858,338423548,1512310,-26680339,-26595261,46.67,1.79,12.9,5.45,4.37,15.78,-4.91
106301188,ANAHEIM GLOBAL MEDICAL CENTER,2020,45122722,14089566,59212288,9403111,239832,7349419,97678813,89652173,78716201,10935972,-8026640,-8026640,60.62,0.25,9.63,7.52,,,
106301188,ANAHEIM GLOBAL MEDICAL CENTER,2021,41838165,17053840,58892005,8073528,286359,4406827,92786629,80420784,77974671,2446113,-12365845,-12365845,63.47,0.31,8.7,4.75,-0.54,19.4,-10.3
106301188,ANAHEIM GLOBAL MEDICAL CENTER,2022,38725716,16737908,55463624,5602948,399064,4298147,85627073,85338033,82503735,2834298,-289040,-289040,64.77,0.47,6.54,5.02,-5.82,39.36,6.11
106301188,ANAHEIM GLOBAL MEDICAL CENTER,2023,39702904,13456943,53159847,5317791,490385,4484174,82408454,81187727,80969797,217930,-1220727,-1220727,64.51,0.6,6.45,5.44,-4.15,22.88,-4.86
106301188,ANAHEIM GLOBAL MEDICAL CENTER,2024,42396943,13063900,55460843,5941229,390650,4501501,84536699,73625873,73413288,212585,-10910826,-10910826,65.61,0.46,7.03,5.32,4.33,-20.34,-9.31
106301205,HOAG MEMORIAL HOSPITAL PRESBYTERIAN,2020,349480635,156154401,505635036,207531783,1492128,18785347,1167971450,1202861692,1121334464,81527228,34890242,259597543,43.29,0.13,17.77,1.61,,,
106301205,HOAG MEMORIAL HOSPITAL PRESBYTERIAN,2021,394283653,178136998,572420651,217717461,6366616,19427160,1266370694,1330856238,1275137526,55718712,64485544,403024736,45.2,0.5,17.19,1.53,13.21,326.68,10.64
106301205,HOAG MEMORIAL HOSPITAL PRESBYTERIAN,2022,472049115,191266792,663315907,251341157,0,24407438,1420518328,1475924017,1396483069,79440948,55405689,-157846321,46.7,0.0,17.69,1.72,15.88,-100.0,10.9
106301205,HOAG MEMORIAL HOSPITAL PRESBYTERIAN,2023,514181205,265827101,780008306,289970467,9136602,25133430,1664769042,1659089283,1565207812,93881471,-5679759,302767652,46.85,0.55,17.42,1.51,17.59,,12.41
106301205,HOAG MEMORIAL HOSPITAL PRESBYTERIAN,2024,576506418,250383930,826890348,341453061,10474426,29957383,1796123772,1823239664,1736562021,86677643,27115892,365803920,46.04,0.58,19.01,1.67,6.01,14.64,9.89
106301209,HUNTINGTON BEACH HOSPITAL,2020,25325777,7938129,33263906,4488457,353114,938077,63436841,62246303,53380515,8865788,-1190538,-1248835,52.44,0.56,7.08,1.48,,,
106301209,HUNTINGTON BEACH HOSPITAL,2021,24278430,8786359,33064789,4646889,461149,2999837,63021939,63296779,61252255,2044524,274840,250463,52.47,0.73,7.37,4.76,-0.6,30.59,1.69
106301209,HUNTINGTON BEACH HOSPITAL,2022,24506160,8985856,33492016,4635444,530361,2795131,64135629,63138144,62562400,575744,-997485,-1030405,52.22,0.83,7.23,4.36,1.29,15.01,-0.25
106301209,HUNTINGTON BEACH HOSPITAL,2023,28701180,6839614,35540794,4727449,846714,1931292,69381484,60294016,59646855,647161,-9087468,-9141120,51.23,1.22,6.81,2.78,6.12,59.65,-4.5
106301209,HUNTINGTON BEACH HOSPITAL,2024,31499945,7290522,38790467,4985968,747058,2306329,75984583,65417901,64602186,815715,-10566682,-10686839,51.05,0.98,6.56,3.04,9.14,-11.77,8.5
106301234,LA PALMA INTERCOMMUNITY HOSPITAL,2020,20243941,6255205,26499146,4299882,392560,810205,52829392,54071906,45351018,8720888,1242514,1198185,50.16,0.74,8.14,1.53,,,
106301234,LA PALMA INTERCOMMUNITY HOSPITAL,2021,20206820,7153273,27360093,4174907,511301,1196839,52008212,52467598,50273753,2193845,459386,381750,52.61,0.98,8.03,2.3,3.25,30.25,-2.97
106301234,LA PALMA INTERCOMMUNITY HOSPITAL,2022,22311246,8240485,30551731,4427959,685506,1599952,55385660,55017347,54342721,674626,-368313,-424585,55.16,1.24,7.99,2.89,11.67,34.07,4.86
106301234,LA PALMA INTERCOMMUNITY HOSPITAL,2023,25695683,6034630,31730313,4259086,777769,1499739,58659813,56312117,55906686,405431,-2347696,-2399370,54.09,1.33,7.26,2.56,3.86,13.46,2.35
106301234,LA PALMA INTERCOMMUNITY HOSPITAL,2024,27025867,6651538,33677405,4956859,716883,3909153,66289036,66479897,64555283,1924614,190861,86181,50.8,1.08,7.48,5.9,6.14,-7.83,18.06
106301248,LOS ALAMITOS MEDICAL CENTER,2020,71017205,30077161,101094366,32540850,2725816,6036192,219077123,223791821,212619118,11172703,4714698,6293935,46.15,1.24,14.85,2.76,,,
106301248,LOS ALAMITOS MEDICAL CENTER,2021,77847399,32275302,110122701,35469863,2892708,9831545,235586505,237605720,237928775,-323055,2019215,3255453,46.74,1.23,15.06,4.17,8.93,6.12,6.17
106301248,LOS ALAMITOS MEDICAL CENTER,2022,81914580,33260519,115175099,36340622,2848006,23421672,255161025,254690231,247936026,6754205,-470794,842525,45.14,1.12,14.24,9.18,4.59,-1.55,7.19
106301248,LOS ALAMITOS MEDICAL CENTER,2023,91412474,34945904,126358378,38318281,3606247,11113047,260197236,265556111,263476499,2079612,5358875,6141761,48.56,1.39,14.73,4.27,9.71,26.62,4.27
106301258,SOUTH COAST GLOBAL MEDICAL CENTER,2020,28173557,8338823,36512380,5944919,222597,2304968,63454205,58017305,54640771,3376534,-5436900,-5436900,57.54,0.35,9.37,3.63,,,
106301258,SOUTH COAST GLOBAL MEDICAL CENTER,2021,26816363,8720239,35536602,5703518,277744,2234555,63737845,50301963,49211405,1090558,-13435882,-13435882,55.75,0.44,8.95,3.51,-2.67,24.77,-13.3
106301258,SOUTH COAST GLOBAL MEDICAL CENTER,2022,28448187,9863587,38311774,5840515,386683,1512911,65481069,55649187,54863684,785503,-9831882,-9831882,58.51,0.59,8.92,2.31,7.81,39.22,10.63
106301258,SOUTH COAST GLOBAL MEDICAL CENTER,2023,30042273,9494333,39536606,7373513,516131,2886044,70329165,66029993,65898518,131475,-4299172,-4299172,56.22,0.73,10.48,4.1,3.2,33.48,18.65
106301258,SOUTH COAST GLOBAL MEDICAL CENTER,2024,34042194,9428327,43470521,5673801,338123,1426140,72448465,49322725,49077545,245180,-23125740,-23125740,60.0,0.47,7.83,1.97,9.95,-34.49,-25.3
106301262,MISSION HOSPITAL REGIONAL MEDICAL CENTER,2020,177162777,78269107,255431884,106452039,2613980,15400756,662721067,680607876,647786574,32821302,17886809,6896541,38.54,0.39,16.06,2.32,,,
106301262,PROVIDENCE MISSION HOSPITAL,2021,190637572,83767653,274405225,125692980,2900886,15520834,720505497,735134375,719404629,15729746,14628878,20077062,38.09,0.4,17.45,2.15,7.43,10.98,8.01
106301262,PROVIDENCE MISSION HOSPITAL,2022,195098927,50355204,245454131,125827663,4361675,30384141,762807050,765682331,737636941,28045390,2875281,-7970560,32.18,0.57,16.5,3.98,-10.55,50.36,4.16
106301262,PROVIDENCE MISSION HOSPITAL,2023,214047557,84847793,298895350,135495667,2252545,26294446,780001032,780897355,759066169,21831186,896323,-10470120,38.32,0.29,17.37,3.37,21.77,-48.36,1.99
106301262,PROVIDENCE MISSION HOSPITAL,2024,221705710,95065094,316770804,152430819,5554890,20196287,870892713,866810146,847307076,19503070,-4082567,-14594381,36.37,0.64,17.5,2.32,5.98,146.61,11.0
106301279,UNIVERSITY OF CALIFORNIA IRVINE MEDICAL CENTER,2020,468180476,193562998,661743474,290357919,4999196,29947044,1473752659,1369811005,1246450351,123360654,-103941654,-56541702,44.9,0.34,19.7,2.03,,,
106301279,UNIVERSITY OF CALIFORNIA IRVINE MEDICAL CENTER,2021,515642878,197610263,713253141,353999825,4759687,44892994,1550528129,1663750025,1400408360,263341665,113221896,155024661,46.0,0.31,22.83,2.9,7.78,-4.79,21.46
106301279,UNIVERSITY OF CALIFORNIA IRVINE MEDICAL CENTER,2022,550991445,312959054,863950499,389881685,4493500,89032398,1733647372,1777975538,1608981496,168994042,44328166,28747460,49.83,0.26,22.49,5.14,21.13,-5.59,6.87
106301279,UNIVERSITY OF CALIFORNIA IRVINE MEDICAL CENTER,2023,628622153,358859490,987481643,440266943,4982500,69318181,1891374489,2001614017,1824445271,177168746,110239528,131156178,52.21,0.26,23.28,3.66,14.3,10.88,12.58
106301279,UNIVERSITY OF CALIFORNIA IRVINE MEDICAL CENTER,2024,692933147,504456784,1197389931,512013817,5579428,46332894,2187595300,2180651901,2060134003,120517898,-6943399,-1518324,54.74,0.26,23.41,2.12,21.26,11.98,8.94
106301283,GARDEN GROVE HOSPITAL AND MEDICAL CENTER,2020,31843612,11392562,43236174,6404650,987343,1449796,76915166,79174605,72284843,6889762,2259439,978682,56.21,1.28,8.33,1.88,,,
106301283,GARDEN GROVE HOSPITAL AND MEDICAL CENTER,2021,27421104,9508631,36929735,6271682,841641,3474472,69331614,81451997,76836506,4615491,12120383,9591290,53.27,1.21,9.05,5.01,-14.59,-14.76,2.88
106301283,GARDEN GROVE HOSPITAL AND MEDICAL CENTER,2022,27254375,10231056,37485431,6265139,1150753,7738933,74194188,79661409,78932781,728628,5467221,3542500,50.52,1.55,8.44,10.43,1.5,36.73,-2.2
106301283,GARDEN GROVE HOSPITAL AND MEDICAL CENTER,2023,31365395,7943670,39309065,5814821,1287422,3992334,75161476,71398933,70726109,672824,-3762543,-3619038,52.3,1.71,7.74,5.31,4.86,11.88,-10.37
106301283,GARDEN GROVE HOSPITAL AND MEDICAL CENTER,2024,31301440,8542827,39844267,5865895,1172944,5332472,77513144,60589323,60149488,439835,-16923821,-17028699,51.4,1.51,7.57,6.88,1.36,-8.89,-15.14
106301297,PLACENTIA LINDA HOSPITAL,2020,30276789,11907299,42184088,14062117,882152,2005671,95507175,104684594,97512018,7172576,9177419,9144662,44.17,0.92,14.72,2.1,,,
106301297,PLACENTIA LINDA HOSPITAL,2021,29861973,11875931,41737904,15541886,1249100,2914364,99645013,108027542,110974256,-2946714,8382529,8259216,41.89,1.25,15.6,2.92,-1.06,41.6,3.19
106301297,PLACENTIA LINDA HOSPITAL,2022,31390252,11916231,43306483,14640012,1026589,4162635,98747011,118323968,111844457,6479511,19576957,19602356,43.86,1.04,14.83,4.22,3.76,-17.81,9.53
106301297,PLACENTIA LINDA HOSPITAL,2023,33003197,11886854,44890051,15610152,1468603,3355510,101410935,113256324,112756980,499344,11845389,13121656,44.27,1.45,15.39,3.31,3.66,43.06,-4.28
106301304,NEWPORT BAY HOSPITAL,2020,1657287,393946,2051233,369309,128557,0,11917336,11786263,11786263,0,-131073,-106289,17.21,1.08,3.1,0.0,,,
106301304,NEWPORT BAY HOSPITAL,2021,1563553,419182,1982735,356455,225000,0,9970857,9650926,9618552,32374,-319931,-319931,19.89,2.26,3.57,0.0,-3.34,75.02,-18.12
106301304,NEWPORT BAY HOSPITAL,2022,1447845,367837,1815682,331346,78696,0,10912567,10700440,10662729,37711,-212127,-212127,16.64,0.72,3.04,0.0,-8.43,-65.02,10.87
106301317,MEMORIALCARE SADDLEBACK MEDICAL CENTER,2020,104331141,44873939,149205080,60834911,352312,7588477,358191553,377295063,367947027,9348036,19103510,20470289,41.66,0.1,16.98,2.12,,,
106301317,MEMORIALCARE SADDLEBACK MEDICAL CENTER,2021,107177485,42444642,149622127,67175727,3186410,23415301,375411560,391607239,379483116,12124123,16195679,19789729,39.86,0.85,17.89,6.24,0.28,804.43,3.79
106301317,MEMORIALCARE SADDLEBACK MEDICAL CENTER,2022,112234604,45823001,158057605,67478655,155688,36578184,400402366,427363973,420116666,7247307,26961607,31218449,39.47,0.04,16.85,9.14,5.64,-95.11,9.13
106301317,MEMORIALCARE SADDLEBACK MEDICAL CENTER,2023,123693207,55372307,179065514,68050619,38144,32545264,420060404,438494411,427184829,11309582,18434007,23299706,42.63,0.01,16.2,7.75,13.29,-75.5,2.6
106301317,MEMORIALCARE SADDLEBACK MEDICAL CENTER,2024,135294659,53663890,188958549,67186360,3853064,18362120,425265115,452700739,449362395,3338344,27435624,35490411,44.43,0.91,15.8,4.32,5.52,10001.36,3.24
106301340,ST. JOSEPH HOSPITAL - ORANGE,2020,184979327,81293332,266272659,136754066,3890363,15432492,772615838,792167065,765207881,26959184,19551227,32900273,34.46,0.5,17.7,2.0,,,
106301340,PROVIDENCE ST. JOSEPH HOSPITAL,2021,193240598,88166057,281406655,146321330,1742489,18657832,820291980,811322900,787739258,23583642,-8969080,56521016,34.31,0.21,17.84,2.27,5.68,-55.21,2.42
106301340,PROVIDENCE ST. JOSEPH HOSPITAL,2022,200457572,52538389,252995961,156138712,5271701,21300616,840755809,804362827,794923481,9439346,-36392982,-55606556,30.09,0.63,18.57,2.53,-10.1,202.54,-0.86
106301340,PROVIDENCE ST. JOSEPH HOSPITAL,2023,226845831,93496549,320342380,166186804,3823871,23879669,914355573,876928188,865277329,11650859,-37427385,-24618046,35.03,0.42,18.18,2.61,26.62,-27.46,9.02
106301340,PROVIDENCE ST. JOSEPH HOSPITAL,2024,236653735,99427604,336081339,170462333,5220496,13854505,968350834,926982545,915500527,11482018,-41368289,-24983910,34.71,0.54,17.6,1.43,4.91,36.52,5.71
106301342,ST. JUDE MEDICAL CENTER,2020,169339843,77172142,246511985,103240428,2680456,4886119,650279516,693894188,665882538,28011650,43614672,51795620,37.91,0.41,15.88,0.75,,,
106301342,PROVIDENCE ST. JUDE MEDICAL CENTER,2021,189241945,81120909,270362854,112718250,2110446,10632934,711353396,744912431,731600709,13311722,33559035,97323324,38.01,0.3,15.85,1.49,9.68,-21.27,7.35
106301342,PROVIDENCE ST. JUDE MEDICAL CENTER,2022,192112614,49639592,241752206,124328274,4056741,16726413,759571676,782854626,771889127,10965499,23282950,-9886850,31.83,0.53,16.37,2.2,-10.58,92.22,5.09
106301342,PROVIDENCE ST. JUDE MEDICAL CENTER,2023,225555776,95265938,320821714,139583430,1824506,12058633,854488469,845324879,833251720,12073159,-9163590,19884159,37.55,0.21,16.34,1.41,32.71,-55.03,7.98
106301342,PROVIDENCE ST. JUDE MEDICAL CENTER,2024,240540553,107123317,347663870,156877235,5075074,18447422,947607829,930614445,909569684,21044761,-16993384,-1000289,36.69,0.54,16.56,1.95,8.37,178.16,10.09
106301357,FOOTHILL REGIONAL MEDICAL CENTER,2020,24216986,6206391,30423377,7733964,363729,2551965,172800046,168149030,166089034,2059996,-4651016,-4651016,17.61,0.21,4.48,1.48,,,
106301357,FOOTHILL REGIONAL MEDICAL CENTER,2021,26751342,4046655,30797997,10154972,567070,4051656,181005490,169893064,169678786,214278,-11112426,-11861788,17.01,0.31,5.61,2.24,1.23,55.9,1.04
106301357,FOOTHILL REGIONAL MEDICAL CENTER,2022,27450105,7031918,34482023,11868759,-171625,8700487,187979350,183783423,183451754,331669,-4195927,-4195811,18.34,-0.09,6.31,4.63,11.96,-130.27,8.18
106301357,FOOTHILL REGIONAL MEDICAL CENTER,2023,29669979,7404196,37074175,13064863,415432,10418561,223165750,205954252,205651740,302512,-17211498,-22587824,16.61,0.19,5.85,4.67,7.52,-342.06,12.06
106301357,FOOTHILL REGIONAL MEDICAL CENTER,2024,32130145,9736185,41866330,15381740,1115732,9468159,220768267,212920568,212660145,260423,-7847699,-2473316,18.96,0.51,6.97,4.29,12.93,168.57,3.38
106301379,WEST ANAHEIM MEDICAL CENTER,2020,48029323,15742007,63771330,12319747,961423,2372587,115799166,127136401,124686417,2449984,11337235,11263134,55.07,0.83,10.64,2.05,,,
106301379,WEST ANAHEIM MEDICAL CENTER,2021,49294501,15914265,65208766,13617714,1010931,5418540,121675612,143566750,139441390,4125360,21891138,21702746,53.59,0.83,11.19,4.45,2.25,5.15,12.92
106301379,WEST ANAHEIM MEDICAL CENTER,2022,53633975,17135546,70769521,14150793,1078398,8005286,131602147,149767830,148519596,1248234,18165683,18635350,53.78,0.82,10.75,6.08,8.53,6.67,4.32
106301379,WEST ANAHEIM MEDICAL CENTER,2023,63058642,14785319,77843961,14046522,1292173,4684029,135925469,152563172,151439778,1123394,16637703,16488036,57.27,0.95,10.33,3.45,10.0,19.82,1.87
106301379,WEST ANAHEIM MEDICAL CENTER,2024,72020968,16346784,88367752,15712935,1111219,4085723,154564473,163320953,161392229,1928724,8756480,8756480,57.17,0.72,10.17,2.64,13.52,-14.0,7.05
106301380,KINDRED HOSPITAL - WESTMINSTER,2020,25741874,7751941,33493815,6652937,1774538,1444935,63921106,59438913,59167512,271401,-4482193,-4362733,52.4,2.78,10.41,2.26,,,
106301380,KINDRED HOSPITAL - WESTMINSTER,2021,25947209,7509019,33456228,6678411,944895,2155044,66206530,69888715,68933542,955173,3682185,3742681,50.53,1.43,10.09,3.26,-0.11,-46.75,17.58
106301380,KINDRED HOSPITAL - WESTMINSTER,2022,26878205,7301952,34180157,6300252,367783,4610039,65866004,62985787,62732078,253709,-2880217,-2806506,51.89,0.56,9.57,7.0,2.16,-61.08,-9.88
106301380,KINDRED HOSPITAL - WESTMINSTER,2023,27785869,7760271,35546140,5535567,616190,4352339,67846468,60243063,59971792,271271,-7603405,-7442456,52.39,0.91,8.16,6.41,4.0,67.54,-4.35
106301380,KINDRED HOSPITAL - WESTMINSTER,2024,29279742,7972431,37252173,5981153,1123701,1604037,67166517,63221464,62939119,282345,-3945053,-3643104,55.46,1.67,8.9,2.39,4.8,82.36,4.94
106301566,ORANGE COUNTY GLOBAL MEDICAL CENTER,2020,84811235,27163334,111974569,33286372,351044,11079383,210343105,199380820,168362300,31018520,-10962285,-10962285,53.23,0.17,15.82,5.27,,,
106301566,ORANGE COUNTY GLOBAL MEDICAL CENTER,2021,90164668,28531819,118696487,36905852,409134,13895496,228333362,206252938,201343231,4909707,-22080424,-22080424,51.98,0.18,16.16,6.09,6.0,16.55,3.45
106301566,ORANGE COUNTY GLOBAL MEDICAL CENTER,2022,91715309,31581351,123296660,34110600,569293,14403046,233791476,234583399,226947173,7636226,791923,791923,52.74,0.24,14.59,6.16,3.88,39.15,13.74
106301566,ORANGE COUNTY GLOBAL MEDICAL CENTER,2023,93916895,30324824,124241719,33716013,791105,12328676,236291103,243438328,242803211,635117,7147225,7147225,52.58,0.33,14.27,5.22,0.77,38.96,3.77
106301566,ORANGE COUNTY GLOBAL MEDICAL CENTER,2024,101208872,31499750,132708622,34967648,837995,11477186,235955255,237486466,236651091,835375,1531211,1531211,56.24,0.36,14.82,4.86,6.81,5.93,-2.44
106304079,ENCOMPASS HEALTH REHABILITATION HOSPITAL OF TUSTIN,2020,11420514,2434385,13854899,891667,347782,213837,23926767,22627704,22600761,26943,-1299063,-1296044,57.91,1.45,3.73,0.89,,,
106304079,ENCOMPASS HEALTH REHABILITATION HOSPITAL OF TUSTIN,2021,12234226,2525172,14759398,1041043,332378,169812,26124189,24028950,24005068,23882,-2095239,-2061039,56.5,1.27,3.98,0.65,6.53,-4.43,6.19
106304113,CHILDREN'S HOSPITAL AT MISSION,2020,12276663,4777040,17053703,167896,278157,1156356,59528339,78672079,78529858,142221,19143740,19344737,28.65,0.47,0.28,1.94,,,
106304113,CHILDREN'S HOSPITAL AT MISSION,2021,11078310,5034568,16112878,147587,339065,145581,52249583,59818043,59697246,120797,7568460,12950531,30.84,0.65,0.28,0.28,-5.52,21.9,-23.97
106304113,CHILDREN'S HOSPITAL AT MISSION,2022,13701399,5624102,19325501,189192,414951,2267045,67822450,82678043,82402749,275294,14855593,14942836,28.49,0.61,0.28,3.34,19.94,22.38,38.22
106304113,CHILDREN'S HOSPITAL AT MISSION,2023,14610492,5747076,20357568,210356,365160,5302167,83880407,110851597,110653181,198416,26971190,27505747,24.27,0.44,0.25,6.32,5.34,-12.0,34.08
106304113,CHILDREN'S HOSPITAL AT MISSION,2024,16329470,6330799,22660269,204735,368243,2255676,77253674,103084803,102904975,179828,25831129,26545217,29.33,0.48,0.27,2.92,11.31,0.84,-7.01
106304159,HEALTHBRIDGE CHILDREN'S HOSPITAL - ORANGE,2020,5430266,1297560,6727826,717202,0,1216991,11265280,13001741,12987930,13811,1736461,1593050,59.72,0.0,6.37,10.8,,,
106304159,HEALTHBRIDGE CHILDREN'S HOSPITAL - ORANGE,2022,5144050,1519852,6663902,1192395,97004,1713085,12609769,14785208,14783508,1700,2175439,2182483,52.85,0.77,9.46,13.59,-0.95,,13.72
106304159,HEALTHBRIDGE CHILDREN'S HOSPITAL - ORANGE,2023,5518234,1702228,7220462,1315856,158357,1475897,13691569,15907501,15664516,242985,2215932,2218455,52.74,1.16,9.61,10.78,8.35,63.25,7.59
106304159,HEALTHBRIDGE CHILDREN'S HOSPITAL - ORANGE,2024,6106506,1760418,7866924,1225975,176769,1177069,14774935,16485964,16482560,3404,1711029,1767044,53.25,1.2,8.3,7.97,8.95,11.63,3.64
106304409,KAISER FOUNDATION HOSPITAL - ORANGE CO - ANAHEIM,2020,0,0,0,0,3239574,0,0,0,0,0,0,0,,,,,,,
106304409,KAISER FOUNDATION HOSPITAL - ORANGE CO - ANAHEIM,2021,255905725,112877589,368783314,98810326,3971240,15722288,1148244043,1286568875,1165561398,121007477,138324832,138184928,32.12,0.35,8.61,1.37,,22.59,
106304409,KAISER FOUNDATION HOSPITAL - ORANGE CO - ANAHEIM,2022,259938596,115962977,375901573,99914107,3226299,40809183,1126517102,1240758814,1119003910,121754904,114241712,114725611,33.37,0.29,8.87,3.62,1.93,-18.76,-3.56
106304409,KAISER FOUNDATION HOSPITAL - ORANGE CO - ANAHEIM,2023,282930701,124083715,407014416,108957497,4621662,36816990,1177244003,1324605742,1173140679,151465063,147361739,147498299,34.57,0.39,9.26,3.13,8.28,43.25,6.76
106304409,KAISER FOUNDATION HOSPITAL - ORANGE CO - ANAHEIM,2024,302173686,133133994,435307680,115700724,2687273,13872552,1272776681,1460009457,1308756389,151253068,187232776,187453959,34.2,0.21,9.09,1.09,6.95,-41.85,10.22
106304460,HOAG ORTHOPEDIC INSTITUTE,2020,25230181,6589834,31820015,31679261,216138,1585602,94449200,132558391,129847864,2710527,38109191,38302073,33.69,0.23,33.54,1.68,,,
106304460,HOAG ORTHOPEDIC INSTITUTE,2021,25985226,9005142,34990368,35417174,889296,1108724,103630824,144001085,143892146,108939,40370261,40274631,33.76,0.86,34.18,1.07,9.96,311.45,8.63
106304460,HOAG ORTHOPEDIC INSTITUTE,2022,27737364,11003729,38741093,34150949,1019717,381482,103814368,150948145,150823710,124435,47133777,47875273,37.32,0.98,32.9,0.37,10.72,14.67,4.82
106304460,HOAG ORTHOPEDIC INSTITUTE,2023,30788508,11565171,42353679,36097149,1694980,943167,115700267,156839933,156307036,532897,41139666,43719007,36.61,1.46,31.2,0.82,9.32,66.22,3.9
106304460,HOAG ORTHOPEDIC INSTITUTE,2024,30580295,11339595,41919890,33456661,1564075,710558,111822261,154100399,153496583,603816,42278138,45079051,37.49,1.4,29.92,0.64,-1.02,-7.72,-1.75
106304583,LAGUNA TREATMENT HOSPITAL,2020,7897546,882339,8779885,0,0,1452,14080110,12468631,12468631,0,-1611479,-1611479,62.36,0.0,0.0,0.01,,,
106304583,LAGUNA TREATMENT HOSPITAL,2021,7984853,608467,8593320,0,0,41112,14722612,13238726,13238726,0,-1483886,-1483886,58.37,0.0,0.0,0.28,-2.12,,6.18
106304583,LAGUNA TREATMENT HOSPITAL,2022,8987832,647311,9635143,175959,0,2960,17309842,15603606,15603606,0,-1706236,-1706236,55.66,0.0,1.02,0.02,12.12,,17.86
106304583,LAGUNA TREATMENT CENTER,2023,9548154,809898,10358052,274139,0,5286,15602884,18529584,18529584,0,2926700,2926700,66.39,0.0,1.76,0.03,7.5,,18.75
106304583,LAGUNA TREATMENT CENTER,2024,9567420,1309935,10877355,121693,0,8623,15622123,18372406,18372406,0,2750283,2750283,69.63,0.0,0.78,0.06,5.01,,-0.85
106304585,ENCOMPASS HEALTH REHABILITATION HOSPITAL OF TUSTIN,2023,20156273,3822720,23978993,1501968,276908,135009,37883571,39306732,39250090,56642,1423161,1445422,63.3,0.73,3.96,0.36,,,
106304585,ENCOMPASS HEALTH REHABILITATION HOSPITAL OF TUSTIN,2024,23848717,4431131,28279848,1772653,325663,164558,43465742,44477748,44403409,74339,1012006,1017285,65.06,0.75,4.08,0.38,17.94,17.61,13.16
106304589,ALISO RIDGE BEHAVIORAL HEALTH,2022,10597829,1419529,12017358,645648,100062,105602,18331108,9729850,9695772,34078,-8601258,-8601259,65.56,0.55,3.52,0.58,,,
106304589,ALISO RIDGE BEHAVIORAL HEALTH,2023,18604243,3277744,21881987,1255043,314961,134393,32998006,33025018,32829412,195606,27012,27012,66.31,0.95,3.8,0.41,82.09,214.77,239.42
106304589,ALISO RIDGE BEHAVIORAL HEALTH,2024,18298580,4162781,22461361,1196252,358640,371551,38245406,38563830,38518169,45661,318424,318422,58.73,0.94,3.13,0.97,2.65,13.87,16.77
106310791,SUTTER AUBURN FAITH HOSPITAL,2020,49389167,24546718,73935885,36958036,770880,131602,165469930,173399228,159863156,13536072,7929298,7945346,44.68,0.47,22.34,0.08,,,
106310791,SUTTER AUBURN FAITH HOSPITAL,2021,50498728,23406390,73905118,42103844,784473,505158,169908220,191169769,189218362,1951407,21261549,30124811,43.5,0.46,24.78,0.3,-0.04,1.76,10.25
106310791,SUTTER AUBURN FAITH HOSPITAL,2022,51720254,22226242,73946496,45317288,763040,3042489,178394279,190914755,189276563,1638192,12520476,9602950,41.45,0.43,25.4,1.71,0.06,-2.73,-0.13
106310791,SUTTER AUBURN FAITH HOSPITAL,2023,53238528,25504776,78743304,32152085,781767,2733477,170741108,174832671,173582133,1250538,4091563,12799730,46.12,0.46,18.83,1.6,6.49,2.45,-8.42
106310791,SUTTER AUBURN FAITH HOSPITAL,2024,57895824,26123365,84019189,20622199,795052,1203639,164476153,177520428,176244128,1276300,13044275,16802992,51.08,0.48,12.54,0.73,6.7,1.7,1.54
106311000,SUTTER ROSEVILLE MEDICAL CENTER,2020,232948456,110892787,343841243,128146365,4143974,5443988,758185412,845879374,813256895,32622479,87693962,90205750,45.35,0.55,16.9,0.72,,,
106311000,SUTTER ROSEVILLE MEDICAL CENTER,2021,268347123,123696432,392043555,148787831,4355549,12347939,862470843,965546732,961113800,4432932,103075889,144752859,45.46,0.51,17.25,1.43,14.02,5.11,14.15
106311000,SUTTER ROSEVILLE MEDICAL CENTER,2022,289404048,129553563,418957611,158925403,4235366,33905768,948977071,1075280022,1069945731,5334291,126302951,108216658,44.15,0.45,16.75,3.57,6.87,-2.76,11.36
106311000,SUTTER ROSEVILLE MEDICAL CENTER,2023,325919879,152409918,478329797,137486610,4360346,21753976,990129202,1088184592,1083105933,5078659,98055390,148212610,48.31,0.44,13.89,2.2,14.17,2.95,1.2
106311000,SUTTER ROSEVILLE MEDICAL CENTER,2024,371158436,174715796,545874232,130714877,3973736,6685719,1073341756,1153179040,1146923652,6255388,79837284,104477588,50.86,0.37,12.18,0.62,14.12,-8.87,5.97
106314024,KAISER FOUNDATION HOSPITAL - ROSEVILLE,2020,0,0,0,0,741526,0,0,0,0,0,0,0,,,,,,,
106314024,KAISER FOUNDATION HOSPITAL - ROSEVILLE,2021,326508198,144656035,471164233,95055471,965441,21752139,1122613658,1332832498,1205716963,127115535,210218840,210031247,41.97,0.09,8.47,1.94,,30.2,
106314024,KAISER FOUNDATION HOSPITAL - ROSEVILLE,2022,341464508,147216919,488681427,98048526,1473441,26399288,1182265881,1351634993,1170923348,180711645,169369112,169242828,41.33,0.12,8.29,2.23,3.72,52.62,1.41
106314024,KAISER FOUNDATION HOSPITAL - ROSEVILLE,2023,362539002,128569707,491108709,104315663,3649181,15075674,1247936171,1387005096,1180517805,206487291,139068925,137295567,39.35,0.29,8.36,1.21,0.5,147.66,2.62
106314024,KAISER FOUNDATION HOSPITAL - ROSEVILLE,2024,387385727,145237657,532623384,107470322,3734095,5333248,1350884115,1535144151,1320410607,214733544,184260036,184311827,39.43,0.28,7.96,0.39,8.45,2.33,10.68
106314029,CIRBY HILLS BEHAVIORAL HEALTH - PHF,2020,0,0,0,0,0,0,4869954,4878780,4878780,0,8826,2972,0.0,0.0,0.0,0.0,,,
106314029,CIRBY HILLS BEHAVIORAL HEALTH - PHF,2021,0,0,0,0,0,0,4868350,4873146,4872760,386,4796,325866,0.0,0.0,0.0,0.0,,,-0.12
106314029,CIRBY HILLS BEHAVIORAL HEALTH - PHF,2022,0,0,0,0,0,0,5275244,5279225,5279225,0,3981,265,0.0,0.0,0.0,0.0,,,8.33
106314029,CIRBY HILLS BEHAVIORAL HEALTH - PHF,2023,0,0,0,0,0,0,5411549,5416624,5416624,0,5075,1495,0.0,0.0,0.0,0.0,,,2.6
106314029,CIRBY HILLS BEHAVIORAL HEALTH - PHF,2024,2118072,382444,2500516,143491,0,1015842,5553888,5557640,5557640,0,3752,1138,45.02,0.0,2.58,18.29,,,2.6
106320859,EASTERN PLUMAS HEALTH CARE,2020,13924290,3676999,17601289,2369300,271747,28448,28828158,42984186,36457991,6526195,14156028,15246031,61.06,0.94,8.22,0.1,,,
106320859,EASTERN PLUMAS HEALTH CARE,2021,14209657,3890689,18100346,2414921,300833,23975,29863887,43148579,35786041,7362538,13284692,14378560,60.61,1.01,8.09,0.08,2.84,10.7,0.38
106320859,EASTERN PLUMAS HEALTH CARE,2022,15438652,4097939,19536591,3183990,326969,0,34843923,34991179,34899387,91792,147256,5415139,56.07,0.94,9.14,0.0,7.93,8.69,-18.91
106320859,EASTERN PLUMAS HEALTH CARE,2023,16647907,5143776,21791683,2739649,381036,267983,38120242,37960178,37843931,116247,-160064,5288542,57.17,1.0,7.19,0.7,11.54,16.54,8.48
106320859,EASTERN PLUMAS HEALTH CARE,2024,17864062,5478333,23342395,2844235,431329,899025,40537606,41192959,41100958,92001,655353,2650487,57.58,1.06,7.02,2.22,7.12,13.2,8.52
106320986,PLUMAS DISTRICT HOSPITAL,2020,11270058,4573403,15843461,2744999,234140,3805102,32463703,31414072,30964481,449591,-1049631,1053646,48.8,0.72,8.46,11.72,,,
106320986,PLUMAS DISTRICT HOSPITAL,2021,12655327,4314941,16970268,3802687,296060,3150702,36368305,34282701,34072476,210225,-2085604,5723749,46.66,0.81,10.46,8.66,7.11,26.45,9.13
106320986,PLUMAS DISTRICT HOSPITAL,2022,12692845,5436724,18129569,4025608,320432,4407440,38674621,34123578,33732701,390877,-4551043,565826,46.88,0.83,10.41,11.4,6.83,8.23,-0.46
106320986,PLUMAS DISTRICT HOSPITAL,2023,14702599,6398731,21101330,3166550,297024,5113626,41817806,36073732,35162940,910792,-5744074,-251100,50.46,0.71,7.57,12.23,16.39,-7.31,5.71
106320986,PLUMAS DISTRICT HOSPITAL,2024,15514094,6444679,21958773,3306590,312741,3541820,42301278,39806347,39238985,567362,-2494931,633621,51.91,0.74,7.82,8.37,4.06,5.29,10.35
106321016,SENECA HEALTHCARE DISTRICT,2020,6208567,2692671,8901238,1055369,43295,1920620,19322104,19432268,18143398,1288870,110164,856243,46.07,0.22,5.46,9.94,,,
106321016,SENECA HEALTHCARE DISTRICT,2021,6584364,2773533,9357897,1347436,5841,1425349,20581684,22432324,17563121,4869203,1850640,2740030,45.47,0.03,6.55,6.93,5.13,-86.51,15.44
106321016,SENECA HEALTHCARE DISTRICT,2022,6710002,2727221,9437223,1367334,4830,1372353,18952277,17545935,16839608,706327,-1406342,1383529,49.79,0.03,7.21,7.24,0.85,-17.31,-21.78
106321016,SENECA HEALTHCARE DISTRICT,2023,8571565,1705791,10277356,1348889,71484,1440716,20976581,21630114,19433177,2196937,653533,2092531,48.99,0.34,6.43,6.87,8.9,1380.0,23.28
106321016,SENECA HEALTHCARE DISTRICT,2024,9355745,1829839,11185584,1156207,79447,1882184,22164550,22818915,20773299,2045616,654365,1782289,50.47,0.36,5.22,8.49,8.84,11.14,5.5
106330120,THE BETTY FORD CENTER,2020,8183944,2266951,10450895,965884,310202,2133258,30343731,24849308,23204582,1644726,-5494423,-5499220,34.44,1.02,3.18,7.03,,,
106330120,THE BETTY FORD CENTER,2021,8341643,2502493,10844136,1041508,363364,2593072,31644479,24137439,22553235,1584204,-7507040,-7507490,34.27,1.15,3.29,8.19,3.76,17.14,-2.86
106330120,THE BETTY FORD CENTER,2022,8618372,2413144,11031516,1070398,415691,2271950,32983651,26705292,25414321,1290971,-6278359,-6241414,33.45,1.26,3.25,6.89,1.73,14.4,10.64
106330120,THE BETTY FORD CENTER,2023,9356020,2464376,11820396,1078188,220316,2570318,35528833,29020122,27669382,1350740,-6508711,-6506097,33.27,0.62,3.03,7.23,7.15,-47.0,8.67
106330120,THE BETTY FORD CENTER,2024,10443810,2760298,13204108,1178794,431541,2912263,36879275,27928052,26404563,1523489,-8951223,-8962590,35.8,1.17,3.2,7.9,11.71,95.87,-3.76
106331152,CORONA REGIONAL MEDICAL CENTER - MAIN,2020,67906622,26438515,94345137,23931521,2369759,7568249,175870742,192632718,183314695,9318023,16761976,17179351,53.64,1.35,13.61,4.3,,,
106331152,CORONA REGIONAL MEDICAL CENTER - MAIN,2021,69632758,26621320,96254078,27308486,3241551,20079160,199877668,212086685,207514394,4572291,12209017,12319404,48.16,1.62,13.66,10.05,2.02,36.79,10.1
106331152,CORONA REGIONAL MEDICAL CENTER - MAIN,2022,72152114,23282347,95434461,28417434,2914041,28046278,213892159,211571931,208877250,2694681,-2320228,-2213244,44.62,1.36,13.29,13.11,-0.85,-10.1,-0.24
106331152,CORONA REGIONAL MEDICAL CENTER - MAIN,2023,84492017,17785762,102277779,29839947,3379652,20352611,239976076,240190703,238212397,1978306,214627,344246,42.62,1.41,12.43,8.48,7.17,15.98,13.53
106331152,CORONA REGIONAL MEDICAL CENTER - MAIN,2024,101047182,19346847,120394029,30368179,4828348,14754688,263592029,274611276,273052148,1559128,11019247,11113810,45.67,1.83,11.52,5.6,17.71,42.87,14.33
106331164,DESERT REGIONAL MEDICAL CENTER,2020,167749525,77237023,244986548,82832814,6311593,10001203,529929789,618464301,596697280,21767021,88534512,88638081,46.23,1.19,15.63,1.89,,,
106331164,DESERT REGIONAL MEDICAL CENTER,2021,172059804,77516898,249576702,84426170,7676561,19439210,546642261,676854791,651642587,25212204,130212530,130513421,45.66,1.4,15.44,3.56,1.87,21.63,9.44
106331164,DESERT REGIONAL MEDICAL CENTER,2022,177267202,81840308,259107510,79657684,9603087,29796819,564826499,641179329,637057205,4122124,76352830,77347475,45.87,1.7,14.1,5.28,3.82,25.1,-5.27
106331164,DESERT REGIONAL MEDICAL CENTER,2023,192291511,83765403,276056914,84912041,11239877,18110454,589961589,650213953,646847876,3366077,60252364,60160331,46.79,1.91,14.39,3.07,6.54,17.04,1.41
106331164,DESERT REGIONAL MEDICAL CENTER,2024,204099707,91744138,295843845,91255652,8497634,10067467,650219258,710845564,706486521,4359043,60626306,60862476,45.5,1.31,14.03,1.55,7.17,-24.4,9.32
106331168,EISENHOWER MEDICAL CENTER,2020,211263365,111049248,322312613,175760477,7088701,27803322,821175779,800451230,763605120,36846110,-20724549,13148084,39.25,0.86,21.4,3.39,,,
106331168,EISENHOWER MEDICAL CENTER,2021,226356645,123287065,349643710,197134640,2202147,33323834,896250046,894159149,857743553,36415596,-2090897,53315316,39.01,0.25,22.0,3.72,8.48,-68.93,11.71
106331168,EISENHOWER MEDICAL CENTER,2022,250559513,132695297,383254810,231920425,5935253,99625931,1065536808,1040093922,1018050386,22043536,-25442886,-6590272,35.97,0.56,21.77,9.35,9.61,169.52,16.32
106331168,EISENHOWER MEDICAL CENTER,2023,268289958,142611143,410901101,242817376,8127433,122655940,1136523578,1075112332,1051558720,23553612,-61411246,-15116764,36.15,0.72,21.36,10.79,7.21,36.93,3.37
106331168,EISENHOWER MEDICAL CENTER,2024,299818560,153863237,453681797,279549053,7453231,91943054,1240917560,1213515754,1188772406,24743348,-27401806,46125345,36.56,0.6,22.53,7.41,10.41,-8.3,12.87
106331194,HEMET GLOBAL MEDICAL CENTER,2020,57640757,16141142,73781899,24884796,1086018,2197534,174304263,185261591,172807767,12453824,10957328,10957328,42.33,0.62,14.28,1.26,,,
106331194,HEMET GLOBAL MEDICAL CENTER,2021,59763107,16446948,76210055,26074912,1458545,2332765,180869505,171053381,169441705,1611676,-9816124,-9816124,42.14,0.81,14.42,1.29,3.29,34.3,-7.67
106331194,HEMET GLOBAL MEDICAL CENTER,2022,61531081,17389295,78920376,22622630,1318029,4592124,185603204,182876886,182096286,780600,-2726318,-2726318,42.52,0.71,12.19,2.47,3.56,-9.63,6.91
106331194,HEMET GLOBAL MEDICAL CENTER,2023,64845829,17860610,82706439,21732599,1271166,2049998,181214174,176404898,175677609,727289,-4809276,-4809276,45.64,0.7,11.99,1.13,4.8,-3.56,-3.54
106331194,HEMET GLOBAL MEDICAL CENTER,2024,70726756,19914858,90641614,20761600,1194202,2951558,186178725,180755273,178690273,2065000,-5423452,-5423452,48.69,0.64,11.15,1.59,9.59,-6.05,2.47
106331216,JOHN F. KENNEDY MEMORIAL HOSPITAL,2020,45584617,20846735,66431352,16813420,2107355,9045098,144700922,145068128,142040736,3027392,367206,366336,45.91,1.46,11.62,6.25,,,
106331216,JOHN F. KENNEDY MEMORIAL HOSPITAL,2021,43504548,20756086,64260634,17112485,1791861,10650845,141712176,153140952,149079198,4061754,11428776,11371299,45.35,1.26,12.08,7.52,-3.27,-14.97,5.56
106331216,JOHN F. KENNEDY MEMORIAL HOSPITAL,2022,42396652,19708043,62104695,14784426,1724736,11251472,136809565,145130107,144342314,787793,8320542,8284788,45.39,1.26,10.81,8.22,-3.35,-3.75,-5.23
106331216,JOHN F. KENNEDY MEMORIAL HOSPITAL,2023,46578166,20331889,66910055,13911475,2284291,9375969,141977911,143179601,142620636,558965,1201690,1149096,47.13,1.61,9.8,6.6,7.74,32.44,-1.34
106331216,JOHN F. KENNEDY MEMORIAL HOSPITAL,2024,48723605,23308406,72032011,14073925,2339332,6182402,156782827,153855376,153095016,760360,-2927451,-2921044,45.94,1.49,8.98,3.94,7.65,2.41,7.46
106331226,PACIFIC GROVE HOSPITAL,2020,7012000,2201023,9213023,628617,171356,234260,14297956,18801258,18793053,8205,4503302,4503302,64.44,1.2,4.4,1.64,,,
106331226,PACIFIC GROVE HOSPITAL,2021,7629440,2484729,10114169,630834,177353,664677,16147716,19443203,19437438,5765,3295487,3475297,62.64,1.1,3.91,4.12,9.78,3.5,3.41
106331226,PACIFIC GROVE HOSPITAL,2022,9275053,2731375,12006428,637876,199199,703041,18820457,18184603,18181863,2740,-635854,-634749,63.79,1.06,3.39,3.74,18.71,12.32,-6.47
106331226,PACIFIC GROVE HOSPITAL,2023,11320147,3310397,14630544,806941,212707,1015464,23394480,24940911,24939816,1095,1546431,1547592,62.54,0.91,3.45,4.34,21.86,6.78,37.15
106331226,PACIFIC GROVE HOSPITAL,2024,11945339,3559269,15504608,1595604,307931,0,25634082,28053483,28045026,8457,2419401,2419402,60.48,1.2,6.22,0.0,5.97,44.77,12.48
106331288,PALO VERDE HOSPITAL,2020,7223829,2088648,9312477,1781146,664943,1910374,19965088,19123973,18357168,766805,-841115,-158723,46.64,3.33,8.92,9.57,,,
106331288,PALO VERDE HOSPITAL,2021,7106685,1827046,8933731,1641614,715278,1931063,19838476,21320490,16476526,4843964,1482014,3056125,45.03,3.61,8.27,9.73,-4.07,7.57,11.49
106331288,PALO VERDE HOSPITAL,2022,6613588,1945994,8559582,1887329,671735,2735326,21288846,16035728,13909161,2126567,-5253118,-5013132,40.21,3.16,8.87,12.85,-4.19,-6.09,-24.79
106331288,PALO VERDE HOSPITAL,2023,6136544,1609946,7746490,1831719,733353,2408622,21090470,18284350,17614368,669982,-2806120,-2128361,36.73,3.48,8.69,11.42,-9.5,9.17,14.02
106331288,PALO VERDE HOSPITAL,2024,7004751,2574481,9579232,1855925,819601,5224919,26696767,11607474,11570104,37370,-15089293,-14757137,35.88,3.07,6.95,19.57,23.66,11.76,-36.52
106331293,DOCTORS HOSPITAL OF RIVERSIDE,2020,52336629,21529678,73866307,20072214,1561150,5916865,134014058,119378280,117972606,1405674,-14635778,-14463042,55.12,1.16,14.98,4.42,,,
106331293,DOCTORS HOSPITAL OF RIVERSIDE,2021,48106534,18846209,66952743,17883619,1244174,2935815,129474240,133150793,127033853,6116940,3676553,5716688,51.71,0.96,13.81,2.27,-9.36,-20.3,11.54
106331293,DOCTORS HOSPITAL OF RIVERSIDE,2022,52122275,15440831,67563106,18583733,1295837,3406133,133227320,145984473,144210921,1773552,12757153,12964015,50.71,0.97,13.95,2.56,0.91,4.15,9.64
106331293,DOCTORS HOSPITAL OF RIVERSIDE,2023,56559468,13614649,70174117,18295368,1563857,3937758,128686042,137030720,135524282,1506438,8344678,8806412,54.53,1.22,14.22,3.06,3.86,20.68,-6.13
106331293,DOCTORS HOSPITAL OF RIVERSIDE,2024,55816558,15500884,71317442,18078141,1905469,3097203,138548677,130162296,129186418,975878,-8386381,-7486096,51.47,1.38,13.05,2.24,1.63,21.84,-5.01
106331312,RIVERSIDE COMMUNITY HOSPITAL,2020,179160150,80010575,259170725,91349470,5353483,41812130,612476665,612286936,603320913,8966023,-189729,38352595,42.32,0.87,14.91,6.83,,,
106331312,RIVERSIDE COMMUNITY HOSPITAL,2021,194455223,91447962,285903185,102091717,5391543,48618057,672853764,750824109,740668365,10155744,77970345,100065668,42.49,0.8,15.17,7.23,10.31,0.71,22.63
106331312,RIVERSIDE COMMUNITY HOSPITAL,2022,215910657,103411972,319322629,103550447,6346834,46864445,720101201,772639809,762612999,10026810,52538608,97264623,44.34,0.88,14.38,6.51,11.69,17.72,2.91
106331312,RIVERSIDE COMMUNITY HOSPITAL,2023,234027166,104029628,338056794,99429227,7737323,38692620,761661773,777506343,775670306,1836037,15844570,107783369,44.38,1.02,13.05,5.08,5.87,21.91,0.63
106331312,RIVERSIDE COMMUNITY HOSPITAL,2024,262260167,115798237,378058404,108863684,8223466,32561206,851659001,883620747,876125357,7495390,31961746,133594855,44.39,0.97,12.78,3.82,11.83,6.28,13.65
106331326,SAN GORGONIO MEMORIAL HOSPITAL,2020,37680895,9034491,46715386,9078750,1047598,1933976,87947790,69707890,63612639,6095251,-18239900,-14093105,53.12,1.19,10.32,2.2,,,
106331326,SAN GORGONIO MEMORIAL HOSPITAL,2021,37483109,10282665,47765774,10843865,1260050,2312684,93441830,61372274,55369812,6002462,-32069556,-20786050,51.12,1.35,11.6,2.47,2.25,20.28,-11.96
106331326,SAN GORGONIO MEMORIAL HOSPITAL,2022,40811635,9967192,50778827,11852995,1353082,3401118,94341425,75425965,72601781,2824184,-18915460,-9658219,53.82,1.43,12.56,3.61,6.31,7.38,22.9
106331326,SAN GORGONIO MEMORIAL HOSPITAL,2023,43618329,11257944,54876273,11451674,1434578,3189843,100452367,89734353,85276795,4457558,-10718014,4797815,54.63,1.43,11.4,3.18,8.07,6.02,18.97
106331326,SAN GORGONIO MEMORIAL HOSPITAL,2024,47067518,9822379,56889897,9376446,1500000,7872861,104300863,94932494,91578791,3353703,-9368369,13937674,54.54,1.44,8.99,7.55,3.67,4.56,5.79
106332172,KINDRED HOSPITAL - RIVERSIDE,2020,10936191,3552819,14489010,2641482,1016553,660441,29282421,27500457,27385505,114952,-1781964,-1786908,49.48,3.47,9.02,2.26,,,
106332172,KINDRED HOSPITAL - RIVERSIDE,2021,10571109,3204430,13775539,2716824,1007118,891364,28592640,26449544,26315969,133575,-2143096,-2129867,48.18,3.52,9.5,3.12,-4.92,-0.93,-3.82
106332172,KINDRED HOSPITAL - RIVERSIDE,2022,10497513,3253229,13750742,2669897,537305,3065854,29270856,30479132,30375736,103396,1208276,1201815,46.98,1.84,9.12,10.47,-0.18,-46.65,15.23
106332172,KINDRED HOSPITAL - RIVERSIDE,2023,10582328,3519947,14102275,2472079,864726,2403835,30358571,28491220,28383557,107663,-1867351,-1837085,46.45,2.85,8.14,7.92,2.56,60.94,-6.52
106332172,KINDRED HOSPITAL - RIVERSIDE,2024,13108079,3647079,16755158,2826416,947509,159785,31091052,31713481,31590286,123195,622429,752496,53.89,3.05,9.09,0.51,18.81,9.57,11.31
106334018,MENIFEE GLOBAL MEDICAL CENTER,2020,21235966,5686975,26922941,10125729,261477,250598,57521873,55038296,49016014,6022282,-2483577,-2436318,46.8,0.45,17.6,0.44,,,
106334018,MENIFEE GLOBAL MEDICAL CENTER,2021,21896562,5992152,27888714,11287095,538235,43856,59781167,49924817,49419631,505186,-9856350,-9825203,46.65,0.9,18.88,0.07,3.59,105.84,-9.29
106334018,MENIFEE GLOBAL MEDICAL CENTER,2022,20922008,5952499,26874507,4958185,319093,15288,54019037,46683502,46683502,0,-7335535,-7286996,49.75,0.59,9.18,0.03,-3.64,-40.71,-6.49
106334018,MENIFEE GLOBAL MEDICAL CENTER,2023,22872685,6209806,29082491,4469178,304300,0,53101855,41819388,41819388,0,-11282467,-11167333,54.77,0.57,8.42,0.0,8.22,-4.64,-10.42
106334018,MENIFEE GLOBAL MEDICAL CENTER,2024,26279186,6803534,33082720,6377942,313662,0,63100959,48853017,48853017,0,-14247942,-13867175,52.43,0.5,10.11,0.0,13.75,3.08,16.82
106334025,KAISER FOUNDATION HOSPITAL - RIVERSIDE,2020,0,0,0,0,1700248,0,0,0,0,0,0,0,,,,,,,
106334025,KAISER FOUNDATION HOSPITAL - RIVERSIDE,2021,139527210,61175692,200702902,46648907,2513066,23621369,732278186,725823695,579726499,146097196,-6454491,-6513493,27.41,0.34,6.37,3.23,,47.81,
106334025,KAISER FOUNDATION HOSPITAL - RIVERSIDE,2022,141781117,63340965,205122082,50505346,2220925,30312937,739985526,713717505,562984940,150732565,-26268021,-26205140,27.72,0.3,6.83,4.1,2.2,-11.62,-1.67
106334025,KAISER FOUNDATION HOSPITAL - RIVERSIDE,2023,158016470,70073579,228090049,52408812,3722318,12307647,752833375,730076902,556679372,173397530,-22756473,-23283802,30.3,0.49,6.96,1.63,11.2,67.6,2.29
106334025,KAISER FOUNDATION HOSPITAL - RIVERSIDE,2024,168442945,75066976,243509921,51395512,1587226,1390977,818481613,786363004,603819140,182543864,-32118609,-32377998,29.75,0.19,6.28,0.17,6.76,-57.36,7.71
106334048,KAISER FOUNDATION HOSPITAL - MORENO VALLEY,2020,0,0,0,0,18468,0,0,0,0,0,0,0,,,,,,,
106334048,KAISER FOUNDATION HOSPITAL - MORENO VALLEY,2021,42000963,18765517,60766480,17572001,20816,30422760,218133309,218603698,216484461,2119237,470389,455326,27.86,0.01,8.06,13.95,,12.71,
106334048,KAISER FOUNDATION HOSPITAL - MORENO VALLEY,2022,43788209,19789285,63577494,17634531,25338,23393405,207356080,202376717,200495673,1881044,-4979363,-4991845,30.66,0.01,8.5,11.28,4.63,21.72,-7.42
106334048,KAISER FOUNDATION HOSPITAL - MORENO VALLEY,2023,56011746,24659868,80671614,21345785,14620,9398278,227205601,225912390,224073695,1838695,-1293211,-1337472,35.51,0.01,9.39,4.14,26.89,-42.3,11.63
106334048,KAISER FOUNDATION HOSPITAL - MORENO VALLEY,2024,70556398,32010606,102567004,21670022,0,1549196,278931362,308504148,306098897,2405251,29572786,29383491,36.77,0.0,7.77,0.56,27.14,-100.0,36.56
106334068,SOUTHWEST HEALTHCARE SYSTEM - MURRIETA,2020,97153940,39456083,136610023,44311421,3689499,16131063,292308250,356979373,343576984,13402389,64671123,68051748,46.73,1.26,15.16,5.52,,,
106334068,SOUTHWEST HEALTHCARE SYSTEM - MURRIETA,2021,101779597,40842750,142622347,52157492,5059255,32172653,337207198,379996342,374452896,5543446,42789144,47474755,42.3,1.5,15.47,9.54,4.4,37.13,6.45
106334068,SOUTHWEST HEALTHCARE SYSTEM - MURRIETA,2022,114538572,36235904,150774476,48343320,4209891,34898594,358522811,380241173,377854534,2386639,21718362,25766666,42.05,1.17,13.48,9.73,5.72,-16.79,0.06
106334068,SOUTHWEST HEALTHCARE SYSTEM - MURRIETA,2023,141689792,26954851,168644643,55285923,4902430,15863206,387425520,412157411,409335088,2822323,24731891,11891402,43.53,1.27,14.27,4.09,11.85,16.45,8.39
106334068,SOUTHWEST HEALTHCARE SYSTEM - MURRIETA,2024,158612952,28361848,186974800,58534379,7927376,14764424,438044819,468835714,460702887,8132827,30790895,30994484,42.68,1.81,13.36,3.37,10.87,61.7,13.75
106334457,TELECARE RIVERSIDE COUNTY PSYCHIATRIC HEALTH FACILITY,2020,1894031,566473,2460504,141863,43892,772475,4572051,4835127,4835112,15,263076,263076,53.82,0.96,3.1,16.9,,,
106334457,TELECARE RIVERSIDE COUNTY PSYCHIATRIC HEALTH FACILITY,2021,2025101,616536,2641637,169124,43706,757239,4818779,5099304,5099304,0,280525,280525,54.82,0.91,3.51,15.71,7.36,-0.42,5.46
106334457,TELECARE RIVERSIDE COUNTY PSYCHIATRIC HEALTH FACILITY,2022,2170908,626149,2797057,175594,43177,781967,4909242,5261827,5261794,33,352585,352585,56.98,0.88,3.58,15.93,5.88,-1.21,3.19
106334457,TELECARE RIVERSIDE COUNTY PSYCHIATRIC HEALTH FACILITY,2023,2362106,611148,2973254,226569,44016,824601,5432818,5724958,5724943,15,292140,292140,54.73,0.81,4.17,15.18,6.3,1.94,8.8
106334457,TELECARE RIVERSIDE COUNTY PSYCHIATRIC HEALTH FACILITY,2024,2606129,663552,3269681,212221,52405,676457,5998255,6174824,6174824,0,176569,176569,54.51,0.87,3.54,11.28,9.97,19.06,7.86
106334487,RIVERSIDE UNIVERSITY HEALTH SYSTEM MEDICAL CENTER,2020,279481544,166160162,445641706,83004345,7549406,27861262,722362066,632950345,581829102,51121243,-89411721,-54368923,61.69,1.05,11.49,3.86,,,
106334487,RIVERSIDE UNIVERSITY HEALTH SYSTEM MEDICAL CENTER,2021,288587815,77207363,365795178,93409994,8691489,28676698,679132584,664279731,603370669,60909062,-14852853,51843290,53.86,1.28,13.75,4.22,-17.92,15.13,4.95
106334487,RIVERSIDE UNIVERSITY HEALTH SYSTEM MEDICAL CENTER,2022,309023859,92260510,401284369,90677335,8197480,95864247,793510021,774755410,742722592,32032818,-18754611,44357761,50.57,1.03,11.43,12.08,9.7,-5.68,16.63
106334487,RIVERSIDE UNIVERSITY HEALTH SYSTEM MEDICAL CENTER,2023,372293332,166601975,538895307,111693752,8306482,123531705,1011630675,981896053,940659314,41236739,-29734622,-5483912,53.27,0.82,11.04,12.21,34.29,1.33,26.74
106334487,RIVERSIDE UNIVERSITY HEALTH SYSTEM MEDICAL CENTER,2024,402742199,218233595,620975794,135137281,8264380,30403020,1031135183,988483780,947247041,41236739,-42651403,-24986000,60.22,0.8,13.11,2.95,15.23,-0.51,0.67
106334533,VIBRA REHABILITATION HOSPITAL OF RANCHO MIRAGE,2020,8854725,1576896,10431621,563866,50000,0,19285598,19046782,18569881,476901,-238816,-238816,54.09,0.26,2.92,0.0,,,
106334533,VIBRA REHABILITATION HOSPITAL OF RANCHO MIRAGE,2021,9261945,1699468,10961413,874019,0,0,21266366,21735470,21341860,393610,469104,469104,51.54,0.0,4.11,0.0,5.08,-100.0,14.12
106334533,VIBRA REHABILITATION HOSPITAL OF RANCHO MIRAGE,2022,8571326,1639446,10210772,775295,52920,0,21548628,18369413,18343956,25457,-3179215,-1557815,47.38,0.25,3.6,0.0,-6.85,,-15.49
106334533,REHABILITATION HOSPITAL OF SOUTHERN CALIFORNIA,2023,9950849,2554336,12505185,1062855,57834,3552619,23084996,22626254,22606151,20103,-458742,-231575,54.17,0.25,4.6,15.39,22.47,9.29,23.17
106334533,REHABILITATION HOSPITAL OF SOUTHERN CALIFORNIA,2024,10903097,2336269,13239366,883765,194428,2087847,23425584,23082954,23061824,21130,-342630,-174743,56.52,0.83,3.77,8.91,5.87,236.18,2.02
106334564,TEMECULA VALLEY HOSPITAL,2020,59744275,21470294,81214569,32295547,1777858,1383810,176067978,196318431,185430549,10887882,20250453,20424779,46.13,1.01,18.34,0.79,,,
106334564,TEMECULA VALLEY HOSPITAL,2021,65661894,22905167,88567061,36690721,2393023,10479505,213607301,244915190,237984690,6930500,31307889,31394405,41.46,1.12,17.18,4.91,9.05,34.6,24.75
106334564,TEMECULA VALLEY HOSPITAL,2022,75290057,21575727,96865784,35481731,2337899,11276769,227937843,247588373,239717689,7870684,19650530,19735112,42.5,1.03,15.57,4.95,9.37,-2.3,1.09
106334564,TEMECULA VALLEY HOSPITAL,2023,92613642,17090506,109704148,42849613,2544523,9280851,255836962,280074363,270981109,9093254,24237401,24429605,42.88,0.99,16.75,3.63,13.25,8.84,13.12
106334564,TEMECULA VALLEY HOSPITAL,2024,106657596,18825656,125483252,51625473,3270482,2876214,288128979,319182532,306542368,12640164,31053553,31053553,43.55,1.14,17.92,1.0,14.38,28.53,13.96
106334589,LOMA LINDA UNIVERSITY MEDICAL CENTER - MURRIETA,2020,71546904,28871600,100418504,46264619,1458140,7454289,242599393,210822444,205076241,5746203,-31776949,-28899677,41.39,0.6,19.07,3.07,,,
106334589,LOMA LINDA UNIVERSITY MEDICAL CENTER - MURRIETA,2021,78245387,32866702,111112089,54178340,1667317,18240853,277747171,274905084,256624295,18280789,-2842087,-649035,40.0,0.6,19.51,6.57,10.65,14.35,30.4
106334589,LOMA LINDA UNIVERSITY MEDICAL CENTER - MURRIETA,2022,96942591,35841461,132784052,56634323,2032257,27413972,311251861,303853559,298389987,5463572,-7398302,-4513110,42.66,0.65,18.2,8.81,19.5,21.89,10.53
106334589,LOMA LINDA UNIVERSITY MEDICAL CENTER - MURRIETA,2023,104260770,38576307,142837077,58857391,4008887,16357713,330441749,312873407,299619605,13253802,-17568342,-16000731,43.23,1.21,17.81,4.95,7.57,97.26,2.97
106334589,LOMA LINDA UNIVERSITY MEDICAL CENTER - MURRIETA,2024,104964880,43452445,148417325,53987895,2487387,9999216,339696377,317646765,313402507,4244258,-22049612,-20543601,43.69,0.73,15.89,2.94,3.91,-37.95,1.53
106334678,ENCOMPASS HEALTH REHABILITATION HOSPITAL OF MURRIETA,2021,11212231,1965203,13177434,935820,99472,421255,20893679,17796534,17795110,1424,-3097145,-3177259,63.07,0.48,4.48,2.02,,,
106334678,ENCOMPASS HEALTH REHABILITATION HOSPITAL OF MURRIETA,2022,13312393,2289066,15601459,1343544,128716,509710,24829142,23426656,23425117,1539,-1402486,-1402486,62.84,0.52,5.41,2.05,18.4,29.4,31.64
106334678,ENCOMPASS HEALTH REHABILITATION HOSPITAL OF MURRIETA,2023,15005947,2559236,17565183,1455395,132686,195740,27322276,27022470,27008180,14290,-299806,-299806,64.29,0.49,5.33,0.72,12.59,3.08,15.35
106334678,ENCOMPASS HEALTH REHABILITATION HOSPITAL OF MURRIETA,2024,16721023,2930645,19651668,1567068,166012,201054,28478164,30185140,30132797,52343,1706976,198497,69.01,0.58,5.5,0.71,11.88,25.12,11.7
106340041,HERITAGE OAKS ENRICHMENT CENTER - PHF,2022,2088443,285685,2374128,90811,11253,0,3928270,2884640,2884640,0,-1043630,-836730,60.44,0.29,2.31,0.0,,,
106340041,HERITAGE OAKS ENRICHMENT CENTER - PHF,2023,2669108,338827,3007935,200807,23637,0,5151734,4156200,4156200,0,-995534,-153268,58.39,0.46,3.9,0.0,26.7,110.05,44.08
106340041,HERITAGE OAKS ENRICHMENT CENTER - PHF,2024,3120055,448947,3569002,258223,35905,0,5988619,5674968,5674968,0,-313651,325020,59.6,0.6,4.31,0.0,18.65,51.9,36.54
106340913,KAISER FOUNDATION HOSPITAL - SACRAMENTO,2020,0,0,0,0,2054126,0,0,0,0,0,0,0,,,,,,,
106340913,KAISER FOUNDATION HOSPITAL - SACRAMENTO,2021,177631755,75916728,253548483,78871056,2296314,10236702,808983053,863419283,750352915,113066368,54436230,54497380,31.34,0.28,9.75,1.27,,11.79,
106340913,KAISER FOUNDATION HOSPITAL - SACRAMENTO,2022,187593687,78233295,265826982,87017876,1227390,13908286,839552305,911866420,769072443,142793977,72314115,72389302,31.66,0.15,10.36,1.66,4.84,-46.55,5.61
106340913,KAISER FOUNDATION HOSPITAL - SACRAMENTO,2023,200942472,69028720,269971192,86477258,1687534,7924634,877072971,942656379,788063789,154592590,65583408,65690131,30.78,0.19,9.86,0.9,1.56,37.49,3.38
106340913,KAISER FOUNDATION HOSPITAL - SACRAMENTO,2024,212671753,77298457,289970210,88970012,1490285,8082923,948602946,1065887720,898931906,166955814,117284774,117318991,30.57,0.16,9.38,0.85,7.41,-11.69,13.07
106340947,MERCY GENERAL HOSPITAL,2020,166140401,93713123,259853524,114091019,3187206,7100004,591516619,638687089,622565862,16121227,47170470,130495387,43.93,0.54,19.29,1.2,,,
106340947,MERCY GENERAL HOSPITAL,2021,174213538,101455753,275669291,121453772,5676715,8915272,622550552,647415435,631266352,16149083,24864883,68977166,44.28,0.91,19.51,1.43,6.09,78.11,1.37
106340947,MERCY GENERAL HOSPITAL,2022,186902097,103972798,290874895,127867516,1930398,11369204,628959963,624582256,616147314,8434942,-4377707,-1990287,46.25,0.31,20.33,1.81,5.52,-65.99,-3.53
106340947,MERCY GENERAL HOSPITAL,2023,197522245,107066968,304589213,138225863,4002882,17504967,676412099,709563263,691587020,17976243,33151164,40049700,45.03,0.59,20.44,2.59,4.71,107.36,13.61
106340947,MERCY GENERAL HOSPITAL,2024,207547009,104600426,312147435,143497930,3887204,16748751,732995820,782226262,778710394,3515868,49230442,60424105,42.59,0.53,19.58,2.28,2.48,-2.89,10.24
106340950,MERCY SAN JUAN HOSPITAL,2020,224140377,127933031,352073408,90959785,3270690,9858611,699614566,752732989,712823195,39909794,53118423,148251439,50.32,0.47,13.0,1.41,,,
106340950,MERCY SAN JUAN MEDICAL CENTER,2021,236068064,140160990,376229054,91667195,5453918,14319391,738461764,757296334,732352574,24943760,18834570,43815824,50.95,0.74,12.41,1.94,6.86,66.75,0.61
106340950,MERCY SAN JUAN MEDICAL CENTER,2022,250705238,141494906,392200144,93582172,2551574,19647765,737496614,720088959,707589354,12499605,-17407655,-7704627,53.18,0.35,12.69,2.66,4.25,-53.22,-4.91
106340950,MERCY SAN JUAN MEDICAL CENTER,2023,248131354,139017604,387148958,89380514,4035027,19409538,753455135,782922368,756278203,26644165,29467233,35328725,51.38,0.54,11.86,2.58,-1.29,58.14,8.73
106340950,MERCY SAN JUAN MEDICAL CENTER,2024,259581459,134016554,393598013,89170787,3443250,20481101,806907840,827706108,819066725,8639383,20798268,25734315,48.78,0.43,11.05,2.54,1.67,-14.67,5.72
106340951,METHODIST HOSPITAL - SACRAMENTO,2020,102157407,58119159,160276566,29117150,3063150,9808499,312901119,306675188,298218583,8456605,-6225931,-4932516,51.22,0.98,9.31,3.13,,,
106340951,METHODIST HOSPITAL - SACRAMENTO,2021,106658030,62999436,169657466,30386923,3952341,10215136,329893938,316275582,300061316,16214266,-13618356,-10224521,51.43,1.2,9.21,3.1,5.85,29.03,3.13
106340951,METHODIST HOSPITAL - SACRAMENTO,2022,114776859,62415870,177192729,34293928,1678687,10848401,334461136,296470107,292959424,3510683,-37991029,-31899015,52.98,0.5,10.25,3.24,4.44,-57.53,-6.26
106340951,METHODIST HOSPITAL - SACRAMENTO,2023,119316202,62543009,181859211,32944804,2545838,14472245,356540962,343651930,332409391,11242539,-12889032,-9271116,51.01,0.71,9.24,4.06,2.63,51.66,15.91
106340951,METHODIST HOSPITAL - SACRAMENTO,2024,125966702,62483627,188450329,33550046,2660761,10225282,381463353,382296233,378212257,4083976,832880,3487356,49.4,0.7,8.8,2.68,3.62,4.51,11.25
106341006,UNIVERSITY OF CALIFORNIA DAVIS MEDICAL CENTER,2020,908750589,758809005,1667559594,427879717,9894760,33112255,2697222193,2707712136,2589614338,118097798,10489943,19573607,61.83,0.37,15.86,1.23,,,
106341006,UNIVERSITY OF CALIFORNIA DAVIS MEDICAL CENTER,2021,1027317696,595068563,1622386259,515662820,10631238,35821947,2791678553,3061977491,2939218323,122759168,270298938,321268521,58.12,0.38,18.47,1.28,-2.71,7.44,13.08
106341006,UNIVERSITY OF CALIFORNIA DAVIS MEDICAL CENTER,2022,1153781706,808027622,1961809328,561055897,12394500,30227456,3200375565,3143479089,3052369157,91109932,-56896476,-68066507,61.3,0.39,17.53,0.94,20.92,16.59,2.66
106341006,UNIVERSITY OF CALIFORNIA DAVIS MEDICAL CENTER,2023,1301927548,931375826,2233303374,645152572,14936667,48239064,3652046781,3623217261,3519909079,103308182,-28829520,60871758,61.15,0.41,17.67,1.32,13.84,20.51,15.26
106341006,UNIVERSITY OF CALIFORNIA DAVIS MEDICAL CENTER,2024,1565613473,790161618,2355775091,733956058,15053467,18537031,3863295386,3930443018,3850128631,80314387,67147632,127421214,60.98,0.39,19.0,0.48,5.48,0.78,8.48
106341051,SUTTER MEDICAL CENTER - SACRAMENTO,2020,368359037,187514771,555873808,204642479,5050897,10006753,1278397467,1287339992,1236484305,50855687,8942525,16214546,43.48,0.4,16.01,0.78,,,
106341051,SUTTER MEDICAL CENTER - SACRAMENTO,2021,387450247,184241676,571691923,221409645,5269830,12596760,1311265319,1359774329,1343524153,16250176,48509010,113752558,43.6,0.4,16.89,0.96,2.85,4.33,5.63
106341051,SUTTER MEDICAL CENTER - SACRAMENTO,2022,404595010,164942349,569537359,224591448,5288397,21104556,1334645484,1369610513,1359088756,10521757,34965029,13653926,42.67,0.4,16.83,1.58,-0.38,0.35,0.72
106341051,SUTTER MEDICAL CENTER - SACRAMENTO,2023,444763782,185824505,630588287,305103445,5655719,17424824,1538284793,1618477480,1602156540,16320940,80192687,147028825,40.99,0.37,19.83,1.13,10.72,6.95,18.17
106341051,SUTTER MEDICAL CENTER - SACRAMENTO,2024,498448354,205969775,704418129,373800278,4673808,10792448,1732552446,1854031707,1826705448,27326259,121479261,141533104,40.66,0.27,21.58,0.62,11.71,-17.36,14.55
106341326,SACRAMENTO REHABILITATION HOSPITAL,2024,16929116,3606617,20535733,1072314,175931,3711708,35826159,35572288,35550626,21662,-253871,-253871,57.32,0.49,2.99,10.36,,,
106342344,KAISER FOUNDATION HOSPITAL - SOUTH SACRAMENTO,2020,0,0,0,0,119755,0,0,0,0,0,0,0,,,,,,,
106342344,KAISER FOUNDATION HOSPITAL - SOUTH SACRAMENTO,2021,227109622,97563525,324673147,75834846,338481,13818929,816372705,911266489,836256788,75009701,94893784,96252229,39.77,0.04,9.29,1.69,,182.64,
106342344,KAISER FOUNDATION HOSPITAL - SOUTH SACRAMENTO,2022,239869582,101155337,341024919,77577116,1537368,14355950,842934790,891344047,797877830,93466217,48409257,48504563,40.46,0.18,9.2,1.7,5.04,354.2,-2.19
106342344,KAISER FOUNDATION HOSPITAL - SOUTH SACRAMENTO,2023,255758345,89029929,344788274,81039325,2414646,10963440,888054734,915947382,813739642,102207740,27892648,27970291,38.83,0.27,9.13,1.23,1.1,57.06,2.76
106342344,KAISER FOUNDATION HOSPITAL - SOUTH SACRAMENTO,2024,268158398,98864835,367023233,79518923,2482334,10418382,994975528,1014735142,891934156,122800986,19759614,18767061,36.89,0.25,7.99,1.05,6.45,2.8,10.79
106342392,SIERRA VISTA HOSPITAL,2020,22435716,3732980,26168696,1757004,377352,0,43314708,63874136,63493318,380818,20559428,19945440,60.42,0.87,4.06,0.0,,,
106342392,SIERRA VISTA HOSPITAL,2021,23792914,4040413,27833327,1638142,563833,0,44614953,63495820,63467002,28818,18880867,18163800,62.39,1.26,3.67,0.0,6.36,49.42,-0.59
106342392,SIERRA VISTA HOSPITAL,2022,24637483,3748684,28386167,1639736,512474,0,45928071,66479533,66446868,32665,20551462,19820518,61.81,1.12,3.57,0.0,1.99,-9.11,4.7
106342392,SIERRA VISTA HOSPITAL,2023,26802332,4563973,31366305,1677503,594515,0,49780956,70629570,70331814,297756,20848614,20370836,63.01,1.19,3.37,0.0,10.5,16.01,6.24
106342392,SIERRA VISTA HOSPITAL,2024,29382752,4167278,33550030,1872983,769676,0,55167797,78522126,78469852,52274,23354329,22968962,60.81,1.4,3.4,0.0,6.96,29.46,11.17
106344011,SACRAMENTO MENTAL HEALTH TREATMENT CENTER - PHF,2020,0,0,0,0,0,0,77602966,77602966,77602966,0,0,0,0.0,0.0,0.0,0.0,,,
106344011,SACRAMENTO MENTAL HEALTH TREATMENT CENTER - PHF,2021,0,0,0,0,0,0,73188875,73188875,73188875,0,0,0,0.0,0.0,0.0,0.0,,,-5.69
106344011,SACRAMENTO MENTAL HEALTH TREATMENT CENTER - PHF,2022,0,0,0,0,0,0,88973936,88973936,88973936,0,0,0,0.0,0.0,0.0,0.0,,,21.57
106344011,SACRAMENTO MENTAL HEALTH TREATMENT CENTER - PHF,2023,0,0,0,0,0,0,101525576,101525576,101525576,0,0,0,0.0,0.0,0.0,0.0,,,14.11
106344011,SACRAMENTO MENTAL HEALTH TREATMENT CENTER - PHF,2024,0,0,0,0,0,0,118601981,118601981,118601981,0,0,0,0.0,0.0,0.0,0.0,,,16.82
106344017,SUTTER CENTER FOR PSYCHIATRY,2020,21074765,11101465,32176230,1348093,218330,61150,44507724,38756465,35644882,3111583,-5751259,-5214820,72.29,0.49,3.03,0.14,,,
106344017,SUTTER CENTER FOR PSYCHIATRY,2021,20984331,10836670,31821001,1268604,228239,123216,44295854,42974844,42212300,762544,-1321010,946583,71.84,0.52,2.86,0.28,-1.1,4.54,10.88
106344017,SUTTER CENTER FOR PSYCHIATRY,2022,20463553,9457708,29921261,1218999,216677,816951,43825104,36834639,36736233,98406,-6990465,-7705149,68.27,0.49,2.78,1.86,-5.97,-5.07,-14.29
106344017,SUTTER CENTER FOR PSYCHIATRY,2023,22322323,10474925,32797248,1361056,320241,1004838,49480880,39329401,39257746,71655,-10151479,-7901542,66.28,0.65,2.75,2.03,9.61,47.8,6.77
106344017,SUTTER CENTER FOR PSYCHIATRY,2024,25313722,11400022,36713744,1435103,202292,1262789,53963924,44255638,44164905,90733,-9708286,-8128014,68.03,0.37,2.66,2.34,11.94,-36.83,12.53
106344021,HERITAGE OAKS HOSPITAL,2020,18443574,3939195,22382769,1597855,304137,0,34981350,46784657,46779485,5172,11803307,13428470,63.98,0.87,4.57,0.0,,,
106344021,HERITAGE OAKS HOSPITAL,2021,20797605,3771811,24569416,1705605,437743,0,38285763,51401037,50213680,1187357,13115274,15417592,64.17,1.14,4.45,0.0,9.77,43.93,9.87
106344021,HERITAGE OAKS HOSPITAL,2022,23720111,3876604,27596715,1650186,389926,0,41611995,54504151,54501829,2322,12892156,16704948,66.32,0.94,3.97,0.0,12.32,-10.92,6.04
106344021,HERITAGE OAKS HOSPITAL,2023,26270266,4284293,30554559,1496648,476263,0,45062525,59912008,59908177,3831,14849483,18477277,67.8,1.06,3.32,0.0,10.72,22.14,9.92
106344021,HERITAGE OAKS HOSPITAL,2024,27085979,4592923,31678902,1513399,649063,0,47094743,61817547,61806866,10681,14722804,15052728,67.27,1.38,3.21,0.0,3.68,36.28,3.18
106344029,MERCY HOSPITAL - FOLSOM,2020,66233517,36979511,103213028,21822706,1983324,3594691,206451114,253101541,247375554,5725987,46650427,110774051,49.99,0.96,10.57,1.74,,,
106344029,MERCY HOSPITAL - FOLSOM,2021,71262605,40616671,111879276,23273532,2030029,4162010,218344127,259029965,253982434,5047531,40685838,146069315,51.24,0.93,10.66,1.91,8.4,2.35,2.34
106344029,MERCY HOSPITAL - FOLSOM,2022,78496634,42587443,121084077,26855110,1032883,6762488,227145303,277539638,275567403,1972235,50394335,35407862,53.31,0.45,11.82,2.98,8.23,-49.12,7.15
106344029,MERCY HOSPITAL - FOLSOM,2023,82304789,42926739,125231528,25590341,1932833,6449933,238636838,294863386,287767219,7096167,56226548,77273960,52.48,0.81,10.72,2.7,3.43,87.13,6.24
106344029,MERCY HOSPITAL - FOLSOM,2024,86084367,41871742,127956109,23532357,2014075,9925864,257378513,303242295,302472314,769981,45863782,109931068,49.72,0.78,9.14,3.86,2.18,4.2,2.84
106344035,VIBRA HOSPITAL OF SACRAMENTO,2020,19110257,3170191,22280448,5182536,237732,0,37631734,43907906,43628171,279735,6276172,6276172,59.21,0.63,13.77,0.0,,,
106344035,VIBRA HOSPITAL OF SACRAMENTO,2021,18224220,3214721,21438941,3212640,248688,0,36732430,45198584,44663014,535570,8466154,8466154,58.37,0.68,8.75,0.0,-3.78,4.61,2.94
106344035,VIBRA HOSPITAL OF SACRAMENTO,2022,20572069,3315116,23887185,3035295,280266,0,40037890,43951774,43694243,257531,3913884,7058313,59.66,0.7,7.58,0.0,11.42,12.7,-2.76
106344035,VIBRA HOSPITAL OF SACRAMENTO,2023,22555804,3942362,26498166,3177730,279714,0,42817735,47458423,47038406,420017,4640688,4640688,61.89,0.65,7.42,0.0,10.93,-0.2,7.98
106344035,VIBRA HOSPITAL OF SACRAMENTO,2024,22793505,4389047,27182552,3104161,190027,0,45554051,55780734,55585642,195092,10226683,10226683,59.67,0.42,6.81,0.0,2.58,-32.06,17.54
106344114,SHRINERS HOSPITAL FOR CHILDREN - NORTHERN CALIFORNIA,2020,0,0,0,0,0,0,95858979,53422947,24182490,29240457,-42436032,-36338371,0.0,0.0,0.0,0.0,,,
106344114,SHRINERS HOSPITAL FOR CHILDREN - NORTHERN CALIFORNIA,2021,0,0,0,0,0,0,104310353,56993034,32893560,24099474,-47317319,-37702574,0.0,0.0,0.0,0.0,,,6.68
106344114,SHRINERS HOSPITAL FOR CHILDREN - NORTHERN CALIFORNIA,2022,0,0,0,0,0,0,104730176,54726851,26844144,27882707,-50003325,-42863500,0.0,0.0,0.0,0.0,,,-3.98
106344114,SHRINERS HOSPITAL FOR CHILDREN - NORTHERN CALIFORNIA,2023,0,0,0,0,0,0,111525162,58227839,32490164,25737675,-53297323,-46629707,0.0,0.0,0.0,0.0,,,6.4
106344114,SHRINERS HOSPITAL FOR CHILDREN - NORTHERN CALIFORNIA,2024,0,0,0,0,0,0,125657036,70587566,34067378,36520188,-55069470,-47226988,0.0,0.0,0.0,0.0,,,21.23
106344170,CRESTWOOD PSYCHIATRIC HEALTH FACILITY - CARMICHAEL,2020,1885187,625344,2510531,158091,47357,21268,4239912,4966760,4454966,511794,726848,726848,59.21,1.12,3.73,0.5,,,
106344170,CRESTWOOD PSYCHIATRIC HEALTH FACILITY - CARMICHAEL,2021,1767628,530334,2297962,188890,40420,41490,3978665,5245814,4681380,564434,1267149,1267149,57.76,1.02,4.75,1.04,-8.47,-14.65,5.62
106344170,CRESTWOOD PSYCHIATRIC HEALTH FACILITY - CARMICHAEL,2022,1741885,531355,2273240,149595,15670,18643,4210323,5441864,3319992,2121872,1231541,1231541,53.99,0.37,3.55,0.44,-1.08,-61.23,3.74
106344170,CRESTWOOD PSYCHIATRIC HEALTH FACILITY - CARMICHAEL,2023,1871446,648494,2519940,156861,16587,51938,4667173,5729994,4266039,1463955,1062821,1062821,53.99,0.36,3.36,1.11,10.85,5.85,5.29
106344170,CRESTWOOD PSYCHIATRIC HEALTH FACILITY - CARMICHAEL,2024,2310228,789503,3099731,144011,16921,1169,5045360,6003150,5277864,725286,957790,957790,61.44,0.34,2.85,0.02,23.01,2.01,4.77
106344188,CRESTWOOD PSYCHIATRIC HEALTH FACILITY - SACRAMENTO,2020,1993044,830445,2823489,197237,51991,33326,4666344,5007573,4726551,281022,341229,341229,60.51,1.11,4.23,0.71,,,
106344188,CRESTWOOD PSYCHIATRIC HEALTH FACILITY - SACRAMENTO,2021,1980597,691680,2672277,167004,45206,30631,4467653,5263902,4740930,522972,796249,796249,59.81,1.01,3.74,0.69,-5.36,-13.05,5.12
106344188,CRESTWOOD PSYCHIATRIC HEALTH FACILITY - SACRAMENTO,2022,2128705,767593,2896298,138876,15670,28779,5050775,5442106,3979215,1462891,391331,391331,57.34,0.31,2.75,0.57,8.38,-65.34,3.39
106344188,CRESTWOOD PSYCHIATRIC HEALTH FACILITY - SACRAMENTO,2023,2427387,810184,3237571,160743,16587,58500,5395930,5724766,5382624,342142,328836,328836,60.0,0.31,2.98,1.08,11.78,5.85,5.19
106344188,CRESTWOOD PSYCHIATRIC HEALTH FACILITY - SACRAMENTO,2024,2769016,930979,3699995,218375,16921,3278,5763171,5986611,5436102,550509,223440,223440,64.2,0.29,3.79,0.06,14.28,2.01,4.57
106344210,"SACRAMENTO BEHAVIORAL HEALTHCARE HOSPITAL, LLC",2022,13064161,2211916,15276077,594639,96992,688773,27767979,23375710,17187843,6187867,-4392269,-4392265,55.01,0.35,2.14,2.48,,,
106344210,"SACRAMENTO BEHAVIORAL HEALTHCARE HOSPITAL, LLC",2023,17200361,2971902,20172263,986715,289619,2872104,39368001,44739575,39112907,5626668,5371574,5371574,51.24,0.74,2.51,7.3,32.05,198.6,91.39
106344210,"SACRAMENTO BEHAVIORAL HEALTHCARE HOSPITAL, LLC",2024,20490879,3506444,23997323,1316432,245507,3644949,47749837,50608676,45545525,5063151,2858839,2858844,50.26,0.51,2.76,7.63,18.96,-15.23,13.12
106350784,HAZEL HAWKINS MEMORIAL HOSPITAL,2020,48997153,27385123,76382276,10659531,270817,4077752,127336433,116962688,104290572,12672116,-10373745,-4652596,59.98,0.21,8.37,3.2,,,
106350784,HAZEL HAWKINS MEMORIAL HOSPITAL,2021,51675993,30371736,82047729,12056151,86645,10522457,143540923,139163427,126958796,12204631,-4377496,300053,57.16,0.06,8.4,7.33,7.42,-68.01,18.98
106350784,HAZEL HAWKINS MEMORIAL HOSPITAL,2022,56772324,31391539,88163863,13648189,117076,7349207,148846921,146578841,138309557,8269284,-2268080,2635513,59.23,0.08,9.17,4.94,7.45,35.12,5.33
106350784,HAZEL HAWKINS MEMORIAL HOSPITAL,2023,57661569,41960908,99622477,12547252,153291,8235669,164629128,159674176,148949528,10724648,-4954952,329842,60.51,0.09,7.62,5.0,13.0,30.93,8.93
106350784,HAZEL HAWKINS MEMORIAL HOSPITAL,2024,57247792,23620761,80868553,12016415,119319,9528903,143606389,153406221,151940474,1465747,9799832,15687872,56.31,0.08,8.37,6.64,-18.82,-22.16,-3.93
106361110,BEAR VALLEY COMMUNITY HOSPITAL,2020,11947581,2644521,14592102,1915041,339122,0,26014646,28124327,27948044,176283,2109681,6950542,56.09,1.3,7.36,0.0,,,
106361110,BEAR VALLEY COMMUNITY HOSPITAL,2021,13249078,2593420,15842498,2274930,396475,0,28700153,30681564,30486040,195524,1981411,4678990,55.2,1.38,7.93,0.0,8.57,16.91,9.09
106361110,BEAR VALLEY COMMUNITY HOSPITAL,2022,14275317,2785964,17061281,2461159,567312,0,33197245,30918339,30659484,258855,-2278906,1722159,51.39,1.71,7.41,0.0,7.69,43.09,0.77
106361110,BEAR VALLEY COMMUNITY HOSPITAL,2023,15208152,3401089,18609241,2211454,481148,1209207,33760325,31278690,31018124,260566,-2481635,2107277,55.12,1.43,6.55,3.58,9.07,-15.19,1.17
106361110,BEAR VALLEY COMMUNITY HOSPITAL,2024,17185391,4028361,21213752,2623063,649597,2179439,40294387,40123509,39854469,269040,-170878,5407235,52.65,1.61,6.51,5.41,14.0,35.01,28.28
106361144,CHINO VALLEY MEDICAL CENTER,2020,33273772,10203392,43477164,8127838,1206360,6448096,88713174,90346990,89290851,1056139,1633816,1633816,49.01,1.36,9.16,7.27,,,
106361144,CHINO VALLEY MEDICAL CENTER,2021,32133899,11241974,43375873,8911115,841065,10001287,89164825,116894045,106213121,10680924,27729220,27787528,48.65,0.94,9.99,11.22,-0.23,-30.28,29.38
106361144,CHINO VALLEY MEDICAL CENTER,2022,27734200,9566787,37300987,7860697,1290487,14150050,87198932,100295506,98841762,1453744,13096574,13187384,42.78,1.48,9.01,16.23,-14.01,53.43,-14.2
106361144,CHINO VALLEY MEDICAL CENTER,2023,31462571,7409899,38872470,6518913,1422576,5807472,79908493,96760213,94807901,1952312,16851720,16788973,48.65,1.78,8.16,7.27,4.21,10.24,-3.52
106361144,CHINO VALLEY MEDICAL CENTER,2024,35489368,8599306,44088674,7485827,1362828,8246212,91720792,110816832,108889902,1926930,19096040,19215563,48.07,1.49,8.16,8.99,13.42,-4.2,14.53
106361166,MONTCLAIR HOSPITAL MEDICAL CENTER,2020,21620700,6600966,28221666,5114103,662196,1010545,51629548,58155722,57545100,610622,6526174,6576216,54.66,1.28,9.91,1.96,,,
106361166,MONTCLAIR HOSPITAL MEDICAL CENTER,2021,19655333,6194039,25849372,4345655,527672,3371958,53045056,62432904,62257927,174977,9387848,9668139,48.73,0.99,8.19,6.36,-8.41,-20.31,7.35
106361166,MONTCLAIR HOSPITAL MEDICAL CENTER,2022,19203410,6048660,25252070,3985834,700609,3537207,52073225,55105369,54880154,225215,3032144,3158387,48.49,1.35,7.65,6.79,-2.31,32.77,-11.74
106361166,MONTCLAIR HOSPITAL MEDICAL CENTER,2023,21763939,4463992,26227931,4113867,1032744,4086767,55513201,59935247,59652284,282963,4422046,4348501,47.25,1.86,7.41,7.36,3.86,47.41,8.76
106361166,MONTCLAIR HOSPITAL MEDICAL CENTER,2024,24287386,5019149,29306535,4277091,1200461,3357318,58981507,64071308,61863426,2207882,5089801,5035462,49.69,2.04,7.25,5.69,11.74,16.24,6.9
106361223,KAISER FOUNDATION HOSPITAL - FONTANA,2020,0,0,0,0,4234834,0,0,0,0,0,0,0,,,,,,,
106361223,KAISER FOUNDATION HOSPITAL - FONTANA,2021,337101931,149434940,486536871,140794136,5495601,43511246,1525959924,1647824483,1510714826,137109657,121864559,121614604,31.88,0.36,9.23,2.85,,29.77,
106361223,KAISER FOUNDATION HOSPITAL - FONTANA,2022,342494098,153213138,495707236,146886332,4436824,77728721,1525980416,1593949388,1456038743,137910645,67968972,68492090,32.48,0.29,9.63,5.09,1.88,-19.27,-3.27
106361223,KAISER FOUNDATION HOSPITAL - FONTANA,2023,382435387,169527920,551963307,143856153,6913666,34993894,1551203645,1654334951,1478350403,175984548,103131306,103736849,35.58,0.45,9.27,2.26,11.35,55.82,3.79
106361223,KAISER FOUNDATION HOSPITAL - FONTANA,2024,410826571,182854967,593681538,146957871,5226114,2271207,1719586769,1878871977,1653467924,225404053,159285208,160236863,34.52,0.3,8.55,0.13,7.56,-24.41,13.57
106361246,LOMA LINDA UNIVERSITY MEDICAL CENTER,2020,390563913,176104427,566668340,351601601,4427784,12770703,1326959778,1307308284,1204240425,103067859,-19651494,34352840,42.7,0.33,26.5,0.96,,,
106361246,LOMA LINDA UNIVERSITY MEDICAL CENTER,2021,393637916,167092721,560730637,343633344,7011387,15066026,1339437484,1404758251,1287727048,117031203,65320767,144772276,41.86,0.52,25.66,1.12,-1.05,58.35,7.45
106361246,LOMA LINDA UNIVERSITY MEDICAL CENTER,2022,442846364,171980789,614827153,401059542,7032966,57399030,1543522692,1509639331,1389019529,120619802,-33883361,36551504,39.83,0.46,25.98,3.72,9.65,0.31,7.47
106361246,LOMA LINDA UNIVERSITY MEDICAL CENTER,2023,436584442,190958243,627542685,430409864,5663925,55728288,1741723897,1643695424,1476103884,167591540,-98028473,-22256620,36.03,0.33,24.71,3.2,2.07,-19.47,8.88
106361246,LOMA LINDA UNIVERSITY MEDICAL CENTER,2024,486328067,199161141,685489208,349023516,8295947,32842600,1728294011,1759677071,1692986774,66690297,31383060,115579063,39.66,0.48,20.19,1.9,9.23,46.47,7.06
106361266,MOUNTAINS COMMUNITY HOSPITAL,2020,13306099,3048634,16354733,2013938,324486,1693890,26367274,26361826,25957057,404769,-5448,4481462,62.03,1.23,7.64,6.42,,,
106361266,MOUNTAINS COMMUNITY HOSPITAL,2021,15605956,3649258,19255214,2156536,311900,1348260,29514520,28695760,28371420,324340,-818760,8614234,65.24,1.06,7.31,4.57,17.73,-3.88,8.85
106361266,MOUNTAINS COMMUNITY HOSPITAL,2022,15623106,3366935,18990041,2782314,323316,1410590,31124265,28532483,28126150,406333,-2591782,4047934,61.01,1.04,8.94,4.53,-1.38,3.66,-0.57
106361266,MOUNTAINS COMMUNITY HOSPITAL,2023,17401158,3690831,21091989,2604746,307213,2373131,34232345,31740971,31362083,378888,-2491374,3092315,61.61,0.9,7.61,6.93,11.07,-4.98,11.25
106361266,MOUNTAINS COMMUNITY HOSPITAL,2024,19321164,4157222,23478386,3229918,332831,1484928,37119831,35082266,34516389,565877,-2037565,3682474,63.25,0.9,8.7,4.0,11.31,8.34,10.53
106361274,KINDRED HOSPITAL - ONTARIO,2020,19793928,5909517,25703445,5137395,637763,2250819,55882331,56648643,56445321,203322,766312,823294,46.0,1.14,9.19,4.03,,,
106361274,KINDRED HOSPITAL - ONTARIO,2021,19281489,5827610,25109099,5095661,701889,2464811,57329472,58044334,57774394,269940,714862,1167206,43.8,1.22,8.89,4.3,-2.31,10.05,2.46
106361274,KINDRED HOSPITAL - ONTARIO,2022,19970081,5578806,25548887,4664965,405178,4303660,57150736,53758318,53543855,214463,-3392418,-3314268,44.7,0.71,8.16,7.53,1.75,-42.27,-7.38
106361274,KINDRED HOSPITAL - ONTARIO,2023,22116016,5678467,27794483,4699706,613558,6003627,62716846,56135874,55916301,219573,-6580972,-6540844,44.32,0.98,7.49,9.57,8.79,51.43,4.42
106361274,KINDRED HOSPITAL - ONTARIO,2024,23849692,6334925,30184617,4889765,751669,2159202,62612157,58949980,58717165,232815,-3662177,-3421057,48.21,1.2,7.81,3.45,8.6,22.51,5.01
106361308,REDLANDS COMMUNITY HOSPITAL,2020,110487072,43677652,154164724,56605896,1698050,4010570,335436745,365116888,349442535,15674353,29680143,45084824,45.96,0.51,16.88,1.2,,,
106361308,REDLANDS COMMUNITY HOSPITAL,2021,113503818,47469585,160973403,58504309,1660113,4225187,366268602,360866852,354379924,6486928,-5401750,45579835,43.95,0.45,15.97,1.15,4.42,-2.23,-1.16
106361308,REDLANDS COMMUNITY HOSPITAL,2022,118144924,44422746,162567670,58936819,1743490,12184745,392510930,389863294,384962931,4900363,-2647636,-53766640,41.42,0.44,15.02,3.1,0.99,5.02,8.04
106361308,REDLANDS COMMUNITY HOSPITAL,2023,120528608,47180884,167709492,57594522,1485001,10563022,401250599,416822974,411023250,5799724,15572375,51412103,41.8,0.37,14.35,2.63,3.16,-14.83,6.92
106361308,REDLANDS COMMUNITY HOSPITAL,2024,125696157,46062498,171758655,59741227,1855049,10105808,414335519,405219068,400055698,5163370,-9116451,50435495,41.45,0.45,14.42,2.44,2.41,24.92,-2.78
106361318,SAN ANTONIO REGIONAL HOSPITAL,2020,135954030,71547901,207501931,74680874,3181315,19536096,401969806,439697703,401751150,37946553,37727897,54567357,51.62,0.79,18.58,4.86,,,
106361318,SAN ANTONIO REGIONAL HOSPITAL,2021,139934512,61539608,201474120,74726472,3732841,19434138,387853087,430398705,425257768,5140937,42545618,45378603,51.95,0.96,19.27,5.01,-2.9,17.34,-2.11
106361318,SAN ANTONIO REGIONAL HOSPITAL,2022,142932096,74081477,217013573,74724951,2706737,30344302,426168863,456022902,452959867,3063035,29854039,-1324482,50.92,0.64,17.53,7.12,7.71,-27.49,5.95
106361318,SAN ANTONIO REGIONAL HOSPITAL,2023,161616479,64964164,226580643,76377770,3229676,18686139,431634043,443263990,433765294,9498696,11629947,31150220,52.49,0.75,17.7,4.33,4.41,19.32,-2.8
106361318,SAN ANTONIO REGIONAL HOSPITAL,2024,173753317,65572480,239325797,83551486,4010294,18895654,467890737,488699552,485594306,3105246,20808815,28748882,51.15,0.86,17.86,4.04,5.62,24.17,10.25
106361323,COMMUNITY HOSPITAL OF SAN BERNARDINO,2020,91072389,47417717,138490106,19647202,1921046,4286936,263045759,254434604,247285070,7149534,-8611155,24158213,52.65,0.73,7.47,1.63,,,
106361323,COMMUNITY HOSPITAL OF SAN BERNARDINO,2021,93601123,53607225,147208348,21119414,3242522,7820217,281784500,277579528,264172372,13407156,-4204972,-1883028,52.24,1.15,7.49,2.78,6.3,68.79,9.1
106361323,COMMUNITY HOSPITAL OF SAN BERNARDINO,2022,95003967,52865537,147869504,21634407,1761836,11249687,271217239,251181150,249317170,1863980,-20036089,-13052843,54.52,0.65,7.98,4.15,0.45,-45.66,-9.51
106361323,COMMUNITY HOSPITAL OF SAN BERNARDINO,2023,99654594,58771170,158425764,19978891,3040549,5465768,288677882,292963095,284552454,8410641,4285213,6592251,54.88,1.05,6.92,1.89,7.14,72.58,16.63
106361323,COMMUNITY HOSPITAL OF SAN BERNARDINO,2024,105324757,56189822,161514579,21079254,2760382,5987665,322802509,367654756,366744685,910071,44852247,45035412,50.04,0.86,6.53,1.85,1.95,-9.21,25.5
106361339,ST. BERNARDINE MEDICAL CENTER,2020,129097603,66824080,195921683,55788629,2507100,8665528,423583507,390040357,378899397,11140960,-33543150,-31888853,46.25,0.59,13.17,2.05,,,
106361339,ST. BERNARDINE MEDICAL CENTER,2021,137789833,78532819,216322652,60706916,4098724,15148986,459525153,431062195,420330553,10731642,-28462958,-23832463,47.08,0.89,13.21,3.3,10.41,63.48,10.52
106361339,ST. BERNARDINE MEDICAL CENTER,2022,133628624,77223292,210851916,61155885,2919920,19927202,445107248,388711510,384862368,3849142,-56395738,-49351921,47.37,0.66,13.74,4.48,-2.53,-28.76,-9.82
106361339,ST. BERNARDINE MEDICAL CENTER,2023,140511756,75393292,215905048,59397805,4547676,21412372,470064685,452538328,442769707,9768621,-17526357,-14548095,45.93,0.97,12.64,4.56,2.4,55.75,16.42
106361339,ST. BERNARDINE MEDICAL CENTER,2024,150626319,73083999,223710318,60837299,4928431,19273110,523901070,542894919,541011323,1883596,18993849,21932713,42.7,0.94,11.61,3.68,3.62,8.37,19.97
106361343,ST. MARY MEDICAL CENTER - APPLE VALLEY,2020,109711267,49204928,158916195,40084218,5676615,11029618,316334999,387792574,375617238,12175336,71457575,74885727,50.24,1.79,12.67,3.49,,,
106361343,PROVDENCE ST. MARY MEDICAL CENTER,2021,108771894,51356487,160128381,47059017,4440194,18463347,340485584,368398860,364387614,4011246,27913276,85996975,47.03,1.3,13.82,5.42,0.76,-21.78,-5.0
106361343,PROVDENCE ST. MARY MEDICAL CENTER,2022,113745069,29823768,143568837,41814301,8564354,41019843,376431529,373417504,361148694,12268810,-3014025,-1414053,38.14,2.28,11.11,10.9,-10.34,92.88,1.36
106361343,PROVIDENCE ST. MARY MEDICAL CENTER,2023,124459195,52752978,177212173,40488128,8147875,22409609,371616001,372542088,367515016,5027072,926087,-2705224,47.69,2.19,10.9,6.03,23.43,-4.86,-0.23
106361343,PROVIDENCE ST. MARY MEDICAL CENTER,2024,126206771,58437804,184644575,43412700,7357528,17395383,392643338,389064176,385668526,3395650,-3579162,8686894,47.03,1.87,11.06,4.43,4.19,-9.7,4.43
106361370,VICTOR VALLEY GLOBAL MEDICAL CENTER,2020,33595096,7433200,41028296,15226371,292187,4370011,85641168,97531158,94937235,2593923,11889990,12078417,47.91,0.34,17.78,5.1,,,
106361370,VICTOR VALLEY GLOBAL MEDICAL CENTER,2021,36350263,8016473,44366736,16035469,370715,8878139,97165795,103265005,100566248,2698757,6099210,6260458,45.66,0.38,16.5,9.14,8.14,26.88,5.88
106361370,VICTOR VALLEY GLOBAL MEDICAL CENTER,2022,35493828,10861120,46354948,14294610,512813,10993870,96865681,100931437,100344280,587157,4065756,4237633,47.85,0.53,14.76,11.35,4.48,38.33,-2.26
106361370,VICTOR VALLEY GLOBAL MEDICAL CENTER,2023,35633325,10743189,46376514,14401934,1033262,8379747,93879293,96032506,95655301,377205,2153213,2316102,49.4,1.1,15.34,8.93,0.05,101.49,-4.85
106361370,VICTOR VALLEY GLOBAL MEDICAL CENTER,2024,34959773,13188118,48147891,12930160,850119,7467175,89801961,105414665,105269047,145618,15612704,15768476,53.62,0.95,14.4,8.32,3.82,-17.72,9.77
106361458,COLORADO RIVER MEDICAL CENTER,2020,4419772,720974,5140746,857290,165530,53023,9581292,11507453,9212979,2294474,1926161,1963394,53.65,1.73,8.95,0.55,,,
106361458,COLORADO RIVER MEDICAL CENTER,2021,4293283,735941,5029224,657485,208504,72932,9104837,10524270,9384175,1140095,1419433,1452942,55.24,2.29,7.22,0.8,-2.17,25.96,-8.54
106361458,COLORADO RIVER MEDICAL CENTER,2022,4023471,570463,4593934,779716,251836,113803,9617512,8143718,7848877,294841,-1473794,774572,47.77,2.62,8.11,1.18,-8.66,20.78,-22.62
106361458,COLORADO RIVER MEDICAL CENTER,2023,4416269,688613,5104882,798622,238383,50505,10160930,8822083,8620586,201497,-1338847,-1303764,50.24,2.35,7.86,0.5,11.12,-5.34,8.33
106361458,COLORADO RIVER MEDICAL CENTER,2024,4428702,620684,5049386,734865,254441,25000,9506808,11453819,10196458,1257361,1947011,2228958,53.11,2.68,7.73,0.26,-1.09,6.74,29.83
106361768,PATTON STATE HOSPITAL,2020,0,0,0,0,0,0,381295706,431307252,431307252,0,50011546,50018201,0.0,0.0,0.0,0.0,,,
106361768,PATTON STATE HOSPITAL,2021,0,0,0,0,0,0,374841110,427158261,427158261,0,52317151,52406910,0.0,0.0,0.0,0.0,,,-0.96
106361768,PATTON STATE HOSPITAL,2022,0,0,0,0,0,0,389549772,456813550,456813550,0,67263778,67277047,0.0,0.0,0.0,0.0,,,6.94
106361768,PATTON STATE HOSPITAL,2023,0,0,0,0,0,0,414006490,489240526,489240526,0,75234036,75248304,0.0,0.0,0.0,0.0,,,7.1
106361768,PATTON STATE HOSPITAL,2024,0,0,0,0,0,0,455214872,530311785,530311785,0,75096913,75097165,0.0,0.0,0.0,0.0,,,8.39
106362041,HI-DESERT MEDICAL CENTER,2020,25716056,12884801,38600857,6053101,1117649,2048504,73929863,78999024,74313491,4685533,5069161,5101369,52.21,1.51,8.19,2.77,,,
106362041,HI-DESERT MEDICAL CENTER,2021,25162215,11651800,36814015,6766572,1019391,5558331,79863646,85956640,85401016,555624,6092994,6094389,46.1,1.28,8.47,6.96,-4.63,-8.79,8.81
106362041,HI-DESERT MEDICAL CENTER,2022,25920531,11006058,36926589,6827001,948790,7716278,80907032,81545716,80000082,1545634,638684,672484,45.64,1.17,8.44,9.54,0.31,-6.93,-5.13
106362041,HI-DESERT MEDICAL CENTER,2023,25341534,10120160,35461694,6559633,1470996,8359475,81223897,77497951,76594118,903833,-3725946,-3694170,43.66,1.81,8.08,10.29,-3.97,55.04,-4.96
106362041,HI-DESERT MEDICAL CENTER,2024,28660325,11873356,40533681,6068233,1503007,7205705,87024409,95600061,94912377,687684,8575652,8568337,46.58,1.73,6.97,8.28,14.3,2.18,23.36
106364014,LOMA LINDA UNIVERSITY BEHAVIORAL MEDICINE CENTER,2020,21686994,7558634,29245628,929729,187937,712271,49094816,35733859,34024976,1708883,-13360957,-13185265,59.57,0.38,1.89,1.45,,,
106364014,LOMA LINDA UNIVERSITY BEHAVIORAL MEDICINE CENTER,2021,20667897,9829368,30497265,761628,67992,125270,46950182,38387813,34459595,3928218,-8562369,-8406980,64.96,0.14,1.62,0.27,4.28,-63.82,7.43
106364014,LOMA LINDA UNIVERSITY BEHAVIORAL MEDICINE CENTER,2022,24839929,10282740,35122669,1923697,267254,118280,50536181,38392298,36103009,2289289,-12143883,-8577567,69.5,0.53,3.81,0.23,15.17,293.07,0.01
106364014,LOMA LINDA UNIVERSITY BEHAVIORAL MEDICINE CENTER,2023,28408161,12480577,40888738,1960956,1079901,368367,60123507,45130633,39813922,5316711,-14992874,-14497572,68.01,1.8,3.26,0.61,16.42,304.07,17.55
106364050,CANYON RIDGE HOSPITAL,2020,13971653,2396460,16368113,1465339,233973,0,23484133,38933293,38569850,363443,15449160,15160494,69.7,1.0,6.24,0.0,,,
106364050,CANYON RIDGE HOSPITAL,2021,17365251,2607559,19972810,1705314,345045,0,29466269,46647456,46195134,452322,17181187,16824502,67.78,1.17,5.79,0.0,22.02,47.47,19.81
106364050,CANYON RIDGE HOSPITAL,2022,19257834,2910594,22168428,1763368,382204,0,31974304,49659574,49485841,173733,17685270,17228197,69.33,1.2,5.51,0.0,10.99,10.77,6.46
106364050,CANYON RIDGE HOSPITAL,2023,21128428,3434634,24563062,2007789,442579,0,35825015,57553696,57159253,394443,21728681,21456158,68.56,1.24,5.6,0.0,10.8,15.8,15.9
106364050,CANYON RIDGE HOSPITAL,2024,23030075,3589771,26619846,2038526,554300,0,38007628,62289473,62252662,36811,24281845,24061948,70.04,1.46,5.36,0.0,8.37,25.24,8.23
106364121,BALLARD REHABILITATION HOSPITAL,2020,11182163,2072836,13254999,903079,-102786,0,32597456,36885455,36871486,13969,4287999,3239846,40.66,-0.32,2.77,0.0,,,
106364121,BALLARD REHABILITATION HOSPITAL,2021,12101380,2431592,14532972,912786,162260,0,24002780,26099184,24843609,1255575,2096404,2096404,60.55,0.68,3.8,0.0,9.64,-257.86,-29.24
106364121,BALLARD REHABILITATION HOSPITAL,2022,11280364,1905583,13185947,870360,224151,0,23716886,25994290,25778014,216276,2277404,3483554,55.6,0.95,3.67,0.0,-9.27,38.14,-0.4
106364121,BALLARD REHABILITATION HOSPITAL,2023,11057652,1977669,13035321,820024,254692,0,27374244,24748915,24542198,206717,-2625329,-1638479,47.62,0.93,3.0,0.0,-1.14,13.63,-4.79
106364121,BALLARD REHABILITATION HOSPITAL,2024,12072360,2050828,14123188,983084,213697,0,27232547,26793562,26749631,43931,-438985,-438985,51.86,0.78,3.61,0.0,8.35,-16.1,8.26
106364144,DESERT VALLEY HOSPITAL,2020,51799390,14330064,66129454,20491645,1596242,5916226,155349034,178701247,169032315,9668932,23352213,24426647,42.57,1.03,13.19,3.81,,,
106364144,DESERT VALLEY HOSPITAL,2021,56966961,17196364,74163325,21353115,1547041,14220686,164565872,203494209,189760463,13733746,38928337,40098866,45.07,0.94,12.98,8.64,12.15,-3.08,13.87
106364144,DESERT VALLEY HOSPITAL,2022,56799832,17613384,74413216,18207142,1668056,11793835,163250939,183264741,182445848,818893,20013802,21339637,45.58,1.02,11.15,7.22,0.34,7.82,-9.94
106364144,DESERT VALLEY HOSPITAL,2023,66741889,16732808,83474697,23135164,2132089,4809720,169880669,203828475,202532728,1295747,33947806,34966395,49.14,1.26,13.62,2.83,12.18,27.82,11.22
106364144,DESERT VALLEY HOSPITAL,2024,78566738,17087689,95654427,21856643,2674728,9935290,196597721,245201522,242203038,2998484,48603801,50957916,48.65,1.36,11.12,5.05,14.59,25.45,20.3
106364188,KINDRED HOSPITAL - RANCHO,2020,15257354,4655971,19913325,4562803,481270,166503,43257960,44064394,43888291,176103,806434,917199,46.03,1.11,10.55,0.38,,,
106364188,KINDRED HOSPITAL - RANCHO,2021,15797207,4368491,20165698,4398907,544819,215342,43825866,41000869,40522959,477910,-2824997,-2683352,46.01,1.24,10.04,0.49,1.27,13.2,-6.95
106364188,KINDRED HOSPITAL - RANCHO,2022,12988272,3504904,16493176,3235437,348577,5352713,43014513,27891565,27732504,159061,-15122948,-14957100,38.34,0.81,7.52,12.44,-18.21,-36.02,-31.97
106364188,KINDRED HOSPITAL - RANCHO,2023,15172998,3981830,19154828,3511992,856495,3563482,44727443,33125215,32978765,146450,-11602228,-11440099,42.83,1.91,7.85,7.97,16.14,145.71,18.76
106364188,KINDRED HOSPITAL - RANCHO,2024,18974307,4866714,23841021,4289114,1088539,1369386,42562677,44757804,44545004,212800,2195127,2633477,56.01,2.56,10.08,3.22,24.46,27.09,35.12
106364231,ARROWHEAD REGIONAL MEDICAL CENTER,2020,233013879,97833530,330847409,93511979,2962704,24254473,630454491,533594718,511369927,22224791,-96859773,21366257,52.48,0.47,14.83,3.85,,,
106364231,ARROWHEAD REGIONAL MEDICAL CENTER,2021,253510499,129501138,383011637,96160931,2737835,22220397,703439558,609155863,544723451,64432412,-94283695,5501233,54.45,0.39,13.67,3.16,15.77,-7.59,14.16
106364231,ARROWHEAD REGIONAL MEDICAL CENTER,2022,274683042,63896012,338579054,96952074,2292540,72684524,729106973,704366463,673397687,30968776,-24740510,90770776,46.44,0.31,13.3,9.97,-11.6,-16.26,15.63
106364231,ARROWHEAD REGIONAL MEDICAL CENTER,2023,302657223,95422764,398079987,94848816,1599203,72628684,798215698,772739800,747611993,25127807,-25475898,36538478,49.87,0.2,11.88,9.1,17.57,-30.24,9.71
106364231,ARROWHEAD REGIONAL MEDICAL CENTER,2024,328068169,106836219,434904388,105965390,1943445,45934676,848960502,984485514,959927791,24557723,135525012,50537274,51.23,0.23,12.48,5.41,9.25,21.53,27.4
106364430,BARSTOW COMMUNITY HOSPITAL,2020,17799796,5946968,23746764,4722243,1023334,5081522,53528872,65139201,58038255,7100946,11610329,11593737,44.36,1.91,8.82,9.49,,,
106364430,BARSTOW COMMUNITY HOSPITAL,2021,16302038,6344716,22646754,5331820,1241311,18818857,69462107,71997455,67097901,4899554,2535348,2547325,32.6,1.79,7.68,27.09,-4.63,21.3,10.53
106364430,BARSTOW COMMUNITY HOSPITAL,2022,20094106,7670435,27764541,5126438,1217575,7342393,63379669,69370270,68172470,1197800,5990601,6006910,43.81,1.92,8.09,11.58,22.6,-1.91,-3.65
106364430,BARSTOW COMMUNITY HOSPITAL,2023,24083794,9149755,33233549,5393967,1024529,1376994,65012780,76859608,76311310,548298,11846828,11902797,51.12,1.58,8.3,2.12,19.7,-15.85,10.8
106364430,BARSTOW COMMUNITY HOSPITAL,2024,25031081,9096106,34127187,5687528,1519902,1856755,69538723,81441602,81240339,201263,11902879,11924307,49.08,2.19,8.18,2.67,2.69,48.35,5.96
106364451,TOTALLY KIDS REHABILITATION HOSPITAL,2020,11811836,3391443,15203279,2002417,357242,1642499,29316167,29373671,29373671,0,57504,3282504,51.86,1.22,6.83,5.6,,,
106364451,TOTALLY KIDS REHABILITATION HOSPITAL,2021,12478906,3365462,15844368,1600850,323458,2141239,31227047,31659826,30702666,957160,432779,1170382,50.74,1.04,5.13,6.86,4.22,-9.46,7.78
106364451,TOTALLY KIDS REHABILITATION HOSPITAL,2022,13722694,4020345,17743039,1695932,457275,1060247,33858166,31586669,31586669,0,-2271497,-2271497,52.4,1.35,5.01,3.13,11.98,41.37,-0.23
106364451,TOTALLY KIDS REHABILITATION HOSPITAL,2023,13844395,4285899,18130294,1954440,513112,302610,34616434,31415450,31414915,535,-3200984,-3200984,52.37,1.48,5.65,0.87,2.18,12.21,-0.54
106364451,TOTALLY KIDS REHABILITATION HOSPITAL,2024,14154201,4063346,18217547,2234124,459990,1187814,35837949,33584467,33583753,714,-2253482,-2253482,50.83,1.28,6.23,3.31,0.48,-10.35,6.9
106364502,LOMA LINDA UNIVERSITY CHILDREN'S HOSPITAL,2020,170083344,58049067,228132411,52886357,2042361,2696588,464883563,503043346,486517013,16526333,38159783,39241769,49.07,0.44,11.38,0.58,,,
106364502,LOMA LINDA UNIVERSITY CHILDREN'S HOSPITAL,2021,151824599,56714332,208538931,61236104,2072149,1446293,469970735,520599520,485823700,34775820,50628785,52918174,44.37,0.44,13.03,0.31,-8.59,1.46,3.49
106364502,LOMA LINDA UNIVERSITY CHILDREN'S HOSPITAL,2022,167248364,79197924,246446288,66183271,2447469,6749432,587635514,579641355,568806031,10835324,-7994159,-4541226,41.94,0.42,11.26,1.15,18.18,18.11,11.34
106364502,LOMA LINDA UNIVERSITY CHILDREN'S HOSPITAL,2023,175366811,74126816,249493627,74333829,2276715,13342570,618736384,670104301,660056976,10047325,51367917,56782661,40.32,0.37,12.01,2.16,1.24,-6.98,15.61
106364502,LOMA LINDA UNIVERSITY CHILDREN'S HOSPITAL,2024,180078843,74337575,254416418,70433179,3598276,9579361,655051716,695944295,690601149,5343146,40892579,41824581,38.84,0.55,10.75,1.46,1.97,58.05,3.86
106370028,KAISER FOUNDATION HOSPITAL - SAN MARCOS,2024,96687516,42705936,139393452,33308709,0,5517682,412154859,322298440,320090490,2207950,-89856419,-89651247,33.82,0.0,8.08,1.34,,,
106370033,"CASA PALMERA CARE CENTER, LLC",2020,8274771,1452479,9727250,1010101,0,0,15881029,16083022,16083022,0,201993,201993,61.25,0.0,6.36,0.0,,,
106370033,"CASA PALMERA CARE CENTER, LLC",2021,5860338,1522796,7383134,924556,0,0,13184603,20302934,20302934,0,7118331,7118331,56.0,0.0,7.01,0.0,-24.1,,26.24
106370033,"CASA PALMERA CARE CENTER, LLC",2022,5728055,1524580,7252635,826062,0,0,13489596,23505897,23505897,0,10016301,10016301,53.76,0.0,6.12,0.0,-1.77,,15.78
106370652,ALVARADO HOSPITAL,2020,45867146,14323269,60190415,20705016,381324,3379520,131433869,117108343,115989073,1119270,-14325526,-14373442,45.8,0.29,15.75,2.57,,,
106370652,ALVARADO HOSPITAL,2021,46776602,15395164,62171766,18087719,828519,11768083,140360016,120673028,118996215,1676813,-19686988,-12512646,44.29,0.59,12.89,8.38,3.29,117.27,3.04
106370652,ALVARADO HOSPITAL MEDICAL CENTER,2022,43144812,14758252,57903064,14939110,872501,14656426,134767417,111620485,110504634,1115851,-23146932,-21979665,42.97,0.65,11.09,10.88,-6.87,5.31,-7.5
106370673,RADY CHILDREN'S HOSPITAL - SAN DIEGO,2020,333424410,89471722,422896132,139574213,3989736,33894703,873663746,1004644808,874056536,130588272,130981062,73351657,48.4,0.46,15.98,3.88,,,
106370673,RADY CHILDREN'S HOSPITAL - SAN DIEGO,2021,338418693,101882969,440301662,74395037,2967768,38546029,880165985,981041869,825492301,155549568,100875884,450532578,50.02,0.34,8.45,4.38,4.12,-25.61,-2.35
106370673,RADY CHILDREN'S HOSPITAL - SAN DIEGO,2022,386829545,88448869,475278414,178167032,2639515,42603275,1045717106,1251745206,1094391670,157353536,206028100,89425943,45.45,0.25,17.04,4.07,7.94,-11.06,27.59
106370673,RADY CHILDREN'S HOSPITAL - SAN DIEGO,2023,415912373,86461125,502373498,189496828,2402893,45638597,1202817077,1619288915,1468615617,150673298,416471838,522677659,41.77,0.2,15.75,3.79,5.7,-8.96,29.36
106370673,RADY CHILDREN'S HOSPITAL - SAN DIEGO,2024,455715027,97199080,552914107,212810377,2217315,57221639,1219662828,1371056468,1261937237,109119231,151393640,318135550,45.33,0.18,17.45,4.69,10.06,-7.72,-15.33
106370689,SHARP CORONADO HOSPITAL AND HEALTHCARE CENTER,2020,45092377,18221726,63314103,15714051,529909,550112,120147422,120850769,117292301,3558468,703347,11957821,52.7,0.44,13.08,0.46,,,
106370689,SHARP CORONADO HOSPITAL AND HEALTHCARE CENTER,2021,51882716,19556043,71438759,17924100,418913,3919345,139293043,143909728,136858592,7051136,4616685,25048883,51.29,0.3,12.87,2.81,12.83,-20.95,19.08
106370689,SHARP CORONADO HOSPITAL AND HEALTHCARE CENTER,2022,52404468,19692139,72096607,18944722,382464,6733850,143310227,142558433,140782312,1776121,-751794,-26155112,50.31,0.27,13.22,4.7,0.92,-8.7,-0.94
106370689,SHARP CORONADO HOSPITAL AND HEALTHCARE CENTER,2023,58365667,22622592,80988259,19206918,256544,1133294,151857586,158222293,156927776,1294517,6364707,23201241,53.33,0.17,12.65,0.75,12.33,-32.92,10.99
106370689,SHARP CORONADO HOSPITAL AND HEALTHCARE CENTER,2024,64962155,24865708,89827863,22535431,475620,136558,170278052,178545989,176843907,1702082,8267937,43025938,52.75,0.28,13.23,0.08,10.91,85.4,12.85
106370694,SHARP MEMORIAL HOSPITAL,2020,349394234,155517132,504911366,168011909,5327128,4421924,1068775105,1253304729,1196181983,57122746,184529624,301251191,47.24,0.5,15.72,0.41,,,
106370694,SHARP MEMORIAL HOSPITAL,2021,371583056,159623158,531206214,196775996,4352418,15053567,1140734646,1331500645,1290935279,40565366,190765999,391422343,46.57,0.38,17.25,1.32,5.21,-18.3,6.24
106370694,SHARP MEMORIAL HOSPITAL,2022,376423020,161232689,537655709,205253198,3976471,83389774,1169912472,1312741594,1282480894,30260700,142829122,-103195405,45.96,0.34,17.54,7.13,1.21,-8.64,-1.41
106370694,SHARP MEMORIAL HOSPITAL,2023,408155912,175836702,583992614,205127563,2499243,15156331,1219444971,1381103024,1361324250,19778774,161658053,298370158,47.89,0.2,16.82,1.24,8.62,-37.15,5.21
106370694,SHARP MEMORIAL HOSPITAL,2024,438448358,181559820,620008178,222360365,4988991,5186069,1332572064,1445028080,1420135336,24892744,112456016,405755220,46.53,0.37,16.69,0.39,6.17,99.62,4.63
106370714,SHARP GROSSMONT HOSPITAL,2020,279796472,119419142,399215614,105638691,3408523,8314316,812223315,798523023,782749482,15773541,-13700292,70133676,49.15,0.42,13.01,1.02,,,
106370714,SHARP GROSSMONT HOSPITAL,2021,301156853,125315879,426472732,126991797,2871535,16153836,871567631,870183274,850095293,20087981,-1384357,126066353,48.93,0.33,14.57,1.85,6.83,-15.75,8.97
106370714,SHARP GROSSMONT HOSPITAL,2022,349913548,82916720,432830268,134154114,2675183,57537067,907765969,878289469,867470637,10818832,-29476500,-75481684,47.68,0.29,14.78,6.34,1.49,-6.84,0.93
106370714,SHARP GROSSMONT HOSPITAL,2023,393102240,86641684,479743924,142821017,2140309,17808089,947414351,909096495,904535541,4560954,-38317856,73902180,50.64,0.23,15.07,1.88,10.84,-19.99,3.51
106370714,SHARP GROSSMONT HOSPITAL,2024,422288734,91949360,514238094,156901890,3331145,2874674,1038479753,1001843761,995668101,6175660,-36635992,140533823,49.52,0.32,15.11,0.28,7.19,55.64,10.2
106370721,KINDRED HOSPITAL - SAN DIEGO,2020,15177230,4258631,19435861,3581812,226854,213711,37229749,32908773,32777324,131449,-4320976,-4280039,52.21,0.61,9.62,0.57,,,
106370721,KINDRED HOSPITAL - SAN DIEGO,2021,17375126,4246960,21622086,3533793,217300,630180,40379212,39672389,39489916,182473,-706823,-708427,53.55,0.54,8.75,1.56,11.25,-4.21,20.55
106370721,KINDRED HOSPITAL - SAN DIEGO,2022,17885973,3870365,21756338,3320076,81018,2962983,42379885,34431568,34305110,126458,-7948317,-7879041,51.34,0.19,7.83,6.99,0.62,-62.72,-13.21
106370721,KINDRED HOSPITAL - SAN DIEGO,2023,17094004,3868803,20962807,3486507,190352,3725715,43707463,34447228,34326608,120620,-9260235,-9206634,47.96,0.44,7.98,8.52,-3.65,134.95,0.05
106370721,KINDRED HOSPITAL - SAN DIEGO,2024,19673352,4728886,24402238,3705187,123148,535695,43914255,39542645,39233462,309183,-4371610,-4354703,55.57,0.28,8.44,1.22,16.41,-35.31,14.79
106370730,KAISER FOUNDATION HOSPITAL - SAN DIEGO,2020,0,0,0,0,2458031,0,0,0,0,0,0,0,,,,,,,
106370730,KAISER FOUNDATION HOSPITAL - SAN DIEGO,2021,288453837,127054611,415508448,107635281,3587672,39047954,1482887040,1455843483,1185478838,270364645,-27043557,-26944419,28.02,0.24,7.26,2.63,,45.96,
106370730,KAISER FOUNDATION HOSPITAL - SAN DIEGO,2022,297541550,132830985,430372535,115040257,3306308,48916716,1518420366,1492740470,1171143291,321597179,-25679896,-25938110,28.34,0.22,7.58,3.22,3.58,-7.84,2.53
106370730,KAISER FOUNDATION HOSPITAL - SAN DIEGO,2023,309638965,136086840,445725805,115340544,6172755,43701098,1460044142,1459036471,1152103857,306932614,-1007671,-923402,30.53,0.42,7.9,2.99,3.57,86.7,-2.26
106370730,KAISER FOUNDATION HOSPITAL - SAN DIEGO,2024,319152666,141159495,460312161,111572042,3689005,21461595,1432781104,1462568916,1178458298,284110618,29787812,29605270,32.13,0.26,7.79,1.5,3.27,-40.24,0.24
106370744,SCRIPPS MERCY HOSPITAL,2020,321811170,79392537,401203707,138441284,2201257,5912112,861097391,908503013,835691042,72811971,47405622,49472038,46.59,0.26,16.08,0.69,,,
106370744,SCRIPPS MERCY HOSPITAL,2021,350607065,84692612,435299677,157296002,2984344,12689615,920822294,920129573,827991955,92137618,-692721,842510,47.27,0.32,17.08,1.38,8.5,35.57,1.28
106370744,SCRIPPS MERCY HOSPITAL,2022,370739157,89200748,459939905,173567377,5491523,31297105,1018710949,964991432,916075304,48916128,-53719517,-48681940,45.15,0.54,17.04,3.07,5.66,84.01,4.88
106370744,SCRIPPS MERCY HOSPITAL,2023,417327812,97934316,515262128,198285781,6113089,20482440,1060330773,993114729,927560490,65554239,-67216044,-63484047,48.59,0.58,18.7,1.93,12.03,11.32,2.91
106370744,SCRIPPS MERCY HOSPITAL,2024,455663667,108584864,564248531,227141072,8581959,6441611,1259928803,1301325422,1260187870,41137552,41396619,46809392,44.78,0.68,18.03,0.51,9.51,40.39,31.03
106370745,SHARP MESA VISTA HOSPITAL,2020,44588203,18951213,63539416,3657779,792215,28366,91773704,80421000,77638636,2782364,-11352704,-2798335,69.23,0.86,3.99,0.03,,,
106370745,SHARP MESA VISTA HOSPITAL,2021,45993647,19025733,65019380,3100452,644079,8931,93829983,75855398,73728395,2127003,-17974585,-4969303,69.29,0.69,3.3,0.01,2.33,-18.7,-5.68
106370745,SHARP MESA VISTA HOSPITAL,2022,45208725,18999672,64208397,2802252,575393,26585,93093664,73107470,70735672,2371798,-19986194,-34083004,68.97,0.62,3.01,0.03,-1.25,-10.66,-3.62
106370745,SHARP MESA VISTA HOSPITAL,2023,47358020,19536203,66894223,2991348,439659,0,97354947,80580327,78147666,2432661,-16774620,-7658326,68.71,0.45,3.07,0.0,4.18,-23.59,10.22
106370745,SHARP MESA VISTA HOSPITAL,2024,51430498,20364731,71795229,3540292,704103,0,105726635,77275304,74670069,2605235,-28451331,-10108181,67.91,0.67,3.35,0.0,7.33,60.15,-4.1
106370749,ALVARADO PARKWAY INSTITUTE BHS,2020,17336593,3641358,20977951,1640349,187500,196990,31603430,34104769,32993799,1110970,2501339,2501339,66.38,0.59,5.19,0.62,,,
106370749,ALVARADO PARKWAY INSTITUTE BHS,2021,15873633,3358527,19232160,1519109,187500,242189,29703887,31640073,31357070,283003,1936186,5216198,64.75,0.63,5.11,0.82,-8.32,0.0,-7.23
106370749,ALVARADO PARKWAY INSTITUTE BHS,2022,18666937,3737943,22404880,1349020,185406,404314,34067486,32546757,32430860,115897,-1520729,-1686276,65.77,0.54,3.96,1.19,16.5,-1.12,2.87
106370749,ALVARADO PARKWAY INSTITUTE BHS,2023,20240788,3928951,24169739,1294475,206569,1106197,37006795,35264412,35185497,78915,-1742383,-1763143,65.31,0.56,3.5,2.99,7.88,11.41,8.35
106370749,ALVARADO PARKWAY INSTITUTE BHS,2024,21497340,3842506,25339846,1847369,222487,1738207,38541665,38947898,38501014,446884,406233,406233,65.75,0.58,4.79,4.51,4.84,7.71,10.45
106370755,PALOMAR HEALTH DOWNTOWN CAMPUS,2020,176043323,60302053,236345376,77341886,1666153,7888562,692159918,666879427,626488141,40391286,-25280491,14363235,34.15,0.24,11.17,1.14,,,
106370755,PALOMAR HEALTH DOWNTOWN CAMPUS,2021,174803401,54279579,229082980,77165489,1700277,10247021,539755771,579501953,574552771,4949182,39746182,60013015,42.44,0.32,14.3,1.9,-3.07,2.05,-13.1
106370759,PARADISE VALLEY HOSPITAL,2020,55812252,17797682,73609934,11591923,862562,3211214,142947429,145997270,144247154,1750116,3049841,4483594,51.49,0.6,8.11,2.25,,,
106370759,PARADISE VALLEY HOSPITAL,2021,53402611,16401380,69803991,12175302,948365,30001907,140440447,146637797,140774900,5862897,6197350,9127072,49.7,0.68,8.67,21.36,-5.17,9.95,0.44
106370759,PARADISE VALLEY HOSPITAL,2022,50878706,16141587,67020293,11173449,978719,8712418,138080903,151095790,136018811,15076979,13014887,15646148,48.54,0.71,8.09,6.31,-3.99,3.2,3.04
106370759,PARADISE VALLEY HOSPITAL,2023,56065914,12247373,68313287,9909851,1342700,4509498,134648005,134569094,132799705,1769389,-78911,3554635,50.73,1.0,7.36,3.35,1.93,37.19,-10.94
106370759,PARADISE VALLEY HOSPITAL,2024,66162616,13795612,79958228,9856495,1512641,4850713,154644189,162159992,157810490,4349502,7515803,9217278,51.7,0.98,6.37,3.14,17.05,12.66,20.5
106370771,SCRIPPS MEMORIAL HOSPITAL - LA JOLLA,2020,220594126,55722295,276316421,160015392,2219028,5645117,689990481,824908069,795747395,29160674,134917588,145923291,40.05,0.32,23.19,0.82,,,
106370771,SCRIPPS MEMORIAL HOSPITAL - LA JOLLA,2021,246012733,59973049,305985782,169796252,2984527,9234991,739580099,847808069,836060493,11747576,108227970,119835280,41.37,0.4,22.96,1.25,10.74,34.5,2.78
106370771,SCRIPPS MEMORIAL HOSPITAL - LA JOLLA,2022,255872048,62123783,317995831,169754113,8000443,29317603,792894443,919112832,902883455,16229377,126218389,140730690,40.11,1.01,21.41,3.7,3.93,168.06,8.41
106370771,SCRIPPS MEMORIAL HOSPITAL - LA JOLLA,2023,290855511,68835508,359691019,175362668,4567326,14535119,814179676,982251831,959305325,22946506,168072155,185341531,44.18,0.56,21.54,1.79,13.11,-42.91,6.87
106370771,SCRIPPS MEMORIAL HOSPITAL - LA JOLLA,2024,313985977,75373453,389359430,197300904,5989530,1756940,920455755,1183050815,1162136382,20914433,262595060,282529841,42.3,0.65,21.44,0.19,8.25,31.14,20.44
106370780,TRI-CITY MEDICAL CENTER,2020,122212308,52197247,174409555,66467614,107252,7107039,337478997,304845036,300881979,3963057,-32633961,-12491463,51.68,0.03,19.7,2.11,,,
106370780,TRI-CITY MEDICAL CENTER,2021,114530046,49732108,164262154,73304410,1123342,7033646,338491471,323405158,319640080,3765078,-15086313,5083311,48.53,0.33,21.66,2.08,-5.82,947.39,6.09
106370780,TRI-CITY MEDICAL CENTER,2022,115421408,49788090,165209498,78433356,1051026,28175064,364587454,325536258,322209022,3327236,-39051196,-25192556,45.31,0.29,21.51,7.73,0.58,-6.44,0.66
106370780,TRI-CITY MEDICAL CENTER,2023,112752466,48139337,160891803,74930512,698706,24555497,362918945,315982529,312367481,3615048,-46936416,-32562959,44.33,0.19,20.65,6.77,-2.61,-33.52,-2.93
106370780,TRI-CITY MEDICAL CENTER,2024,107160908,41834860,148995768,70451705,2092759,12928818,329262142,285964526,279599838,6364688,-43297616,-25093516,45.25,0.64,21.4,3.93,-7.39,199.52,-9.5
106370782,UNIVERSITY OF CALIFORNIA SAN DIEGO MEDICAL CENTER,2020,820844476,598630753,1419475229,545056747,11172902,85500571,2534834442,2639354939,2402122905,237232034,104520497,146773958,56.0,0.44,21.5,3.37,,,
106370782,UNIVERSITY OF CALIFORNIA SAN DIEGO MEDICAL CENTER,2021,873714878,444784954,1318499832,619567867,13182478,93596614,2558194945,2853175900,2734157529,119018371,294980955,353711249,51.54,0.52,24.22,3.66,-7.11,17.99,8.1
106370782,UNIVERSITY OF CALIFORNIA SAN DIEGO MEDICAL CENTER,2022,997231883,486197412,1483429295,707251479,14637807,189812506,2941876004,3244120392,3123129726,120990666,302244388,384329238,50.42,0.5,24.04,6.45,12.51,11.04,13.7
106370782,UNIVERSITY OF CALIFORNIA SAN DIEGO MEDICAL CENTER,2023,1115069587,553158333,1668227920,796936822,15386672,167736494,3233646739,3394919725,3289602122,105317603,161272986,226375537,51.59,0.48,24.65,5.19,12.46,5.12,4.65
106370782,UNIVERSITY OF CALIFORNIA SAN DIEGO MEDICAL CENTER,2024,1313949201,535465585,1849414786,952782240,22802717,89158391,3516948268,3750497375,3666947860,83549515,233549107,292430925,52.59,0.65,27.09,2.54,10.86,48.2,10.47
106370875,SHARP CHULA VISTA MEDICAL CENTER,2020,170983570,72597157,243580727,64822663,2153014,5740091,494926752,483921540,440829130,43092410,-11005212,39175983,49.22,0.44,13.1,1.16,,,
106370875,SHARP CHULA VISTA MEDICAL CENTER,2021,186051962,78379144,264431106,75753447,1774349,16095074,545064036,518085848,503430094,14655754,-26978188,62337188,48.51,0.33,13.9,2.95,8.56,-17.59,7.06
106370875,SHARP CHULA VISTA MEDICAL CENTER,2022,225267955,52222776,277490731,80257606,819841,17438221,568549955,528531604,519057169,9474435,-40018351,-146152293,48.81,0.14,14.12,3.07,4.94,-53.79,2.02
106370875,SHARP CHULA VISTA MEDICAL CENTER,2023,254485917,55604601,310090518,84774000,1316756,5964159,605861087,568721435,563007873,5713562,-37139652,33100338,51.18,0.22,13.99,0.98,11.75,60.61,7.6
106370875,SHARP CHULA VISTA MEDICAL CENTER,2024,280248382,61199178,341447560,91718868,2097402,109397,664800470,636684593,630170819,6513774,-28115877,109677038,51.36,0.32,13.8,0.02,10.11,59.29,11.95
106370977,POMERADO HOSPITAL,2020,61580429,21623498,83203927,20977182,541560,2018333,217619564,183736709,183319764,416945,-33882855,-27302799,38.23,0.25,9.64,0.93,,,
106370977,PALOMAR MEDICAL CENTER POWAY,2021,63489578,20721830,84211408,20462286,537149,2144400,215847178,212559581,212207277,352304,-3287597,3625899,39.01,0.25,9.48,0.99,1.21,-0.81,15.69
106370977,PALOMAR MEDICAL CENTER POWAY,2022,66497834,30536592,97034426,22058422,2415779,5447320,221573708,231763717,231365090,398627,10190009,19397123,43.79,1.09,9.96,2.46,15.23,349.74,9.03
106370977,PALOMAR MEDICAL CENTER POWAY,2023,68910456,28412825,97323281,23110797,2856149,11403730,240966691,233845250,233297357,547893,-7121441,1939467,40.39,1.19,9.59,4.73,0.3,18.23,0.9
106370977,PALOMAR MEDICAL CENTER POWAY,2024,80117289,23693572,103810861,22796089,657882,4705112,195030742,179430051,175725728,3704323,-15600691,-4112585,53.23,0.34,11.69,2.41,6.67,-76.97,-23.27
106371256,SCRIPPS GREEN HOSPITAL,2020,95594492,23627581,119222073,74297879,736963,3337290,298031384,373184980,357436153,15748827,75153596,75153596,40.0,0.25,24.93,1.12,,,
106371256,SCRIPPS GREEN HOSPITAL,2021,106362200,26343985,132706185,81262995,952219,3876306,325644660,394375869,376764946,17610923,68731209,68731209,40.75,0.29,24.95,1.19,11.31,29.21,5.68
106371256,SCRIPPS GREEN HOSPITAL,2022,110705541,27063640,137769181,81578814,1416474,8464741,346459023,412395848,403202061,9193787,65936825,65936825,39.76,0.41,23.55,2.44,3.82,48.76,4.57
106371256,SCRIPPS GREEN HOSPITAL,2023,121591734,29396593,150988327,95803992,1333036,9874591,378054071,457852731,447649990,10202741,79798660,79810387,39.94,0.35,25.34,2.61,9.6,-5.89,11.02
106371256,SCRIPPS GREEN HOSPITAL,2024,131348083,31673211,163021294,96078937,1808493,4495741,389625800,488336223,470068087,18268136,98710423,98618081,41.84,0.46,24.66,1.15,7.97,35.67,6.66
106371394,SCRIPPS MEMORIAL HOSPITAL - ENCINITAS,2020,117946000,29457134,147403134,41159653,890955,1356199,317430557,348726460,336365647,12360813,31295903,33961137,46.44,0.28,12.97,0.43,,,
106371394,SCRIPPS MEMORIAL HOSPITAL - ENCINITAS,2021,126548477,30927333,157475810,44049395,1323072,1774355,336611719,366989796,361864334,5125462,30378077,31876775,46.78,0.39,13.09,0.53,6.83,48.5,5.24
106371394,SCRIPPS MEMORIAL HOSPITAL - ENCINITAS,2022,127081982,30773787,157855769,47521987,2650619,7909303,358608926,398376028,392006940,6369088,39767102,43843476,44.02,0.74,13.25,2.21,0.24,100.34,8.55
106371394,SCRIPPS MEMORIAL HOSPITAL - ENCINITAS,2023,144611903,33613150,178225053,50954863,2058832,7301661,374234339,438265130,427344385,10920745,64030791,65838310,47.62,0.55,13.62,1.95,12.9,-22.33,10.01
106371394,SCRIPPS MEMORIAL HOSPITAL - ENCINITAS,2024,155484364,40209043,195693407,54037219,2771753,2079428,428267073,524770564,513607122,11163442,96503491,100796510,45.69,0.65,12.62,0.49,9.8,34.63,19.74
106374024,AURORA SAN DIEGO,2020,14333710,3027132,17360842,1456879,175123,492168,30772849,38639765,37931138,708627,7866916,7866916,56.42,0.57,4.73,1.6,,,
106374024,AURORA SAN DIEGO,2021,15000189,2479570,17479759,1265717,205910,632463,31187752,36947645,36833206,114439,5759893,5759893,56.05,0.66,4.06,2.03,0.68,17.58,-4.38
106374024,AURORA SAN DIEGO,2022,15876909,2449220,18326129,1337540,175294,1103791,34146989,38408290,37893402,514888,4261301,4261309,53.67,0.51,3.92,3.23,4.84,-14.87,3.95
106374024,AURORA SAN DIEGO,2023,17581373,3528863,21110236,1476729,212268,2256063,38288529,38283203,38065051,218152,-5326,-5326,55.13,0.55,3.86,5.89,15.19,21.09,-0.33
106374024,AURORA SAN DIEGO,2024,19332560,3014534,22347094,1683226,243971,879749,38684304,42120023,42093219,26804,3435719,3435723,57.77,0.63,4.35,2.27,5.86,14.94,10.02
106374049,SHARP MCDONALD CENTER,2020,1940830,718625,2659455,297161,17710,0,4185853,4338244,4312672,25572,152391,590478,63.53,0.42,7.1,0.0,,,
106374049,SHARP MCDONALD CENTER,2021,1974979,768004,2742983,236741,11327,2770,4200083,3696705,3681685,15020,-503378,117754,65.31,0.27,5.64,0.07,3.14,-36.04,-14.79
106374049,SHARP MCDONALD CENTER,2022,1991045,835821,2826866,158537,8237,0,4383637,4491758,4491758,0,108121,-805372,64.49,0.19,3.62,0.0,3.06,-27.28,21.51
106374049,SHARP MCDONALD CENTER,2023,2203581,842528,3046109,152184,3600,0,4784153,5190226,5187965,2261,406073,970749,63.67,0.08,3.18,0.0,7.76,-56.29,15.55
106374049,SHARP MCDONALD CENTER,2024,2180075,757044,2937119,150422,12204,0,4877401,6652181,6652017,164,1774780,3251362,60.22,0.25,3.08,0.0,-3.58,239.0,28.17
106374055,SAN DIEGO COUNTY PSYCHIATRIC HOSPITAL,2020,45405583,18668179,64073762,4454468,0,25979336,119874213,98699707,97076878,1622829,-21174506,-21174506,53.45,0.0,3.72,21.67,,,
106374055,SAN DIEGO COUNTY PSYCHIATRIC HOSPITAL,2021,48074001,20572940,68646941,5246683,0,20656343,125276025,107273522,99348732,7924790,-18002503,-18002503,54.8,0.0,4.19,16.49,7.14,,8.69
106374055,SAN DIEGO COUNTY PSYCHIATRIC HOSPITAL,2022,50321263,19473376,69794639,5018644,0,22776070,124352153,101976168,101623740,352428,-22375985,-22375985,56.13,0.0,4.04,18.32,1.67,,-4.94
106374055,SAN DIEGO COUNTY PSYCHIATRIC HOSPITAL,2023,51620484,21374592,72995076,5272832,0,23241179,133464795,98518092,96295630,2222462,-34946703,-34946703,54.69,0.0,3.95,17.41,4.59,,-3.39
106374055,SAN DIEGO COUNTY PSYCHIATRIC HOSPITAL,2024,54283778,24118692,78402470,6101367,0,18743174,142900453,119812981,119668499,144482,-23087472,-23087472,54.87,0.0,4.27,13.12,7.41,,21.62
106374094,VIBRA HOSPITAL OF SAN DIEGO,2020,27374773,3145478,30520251,6179233,314211,4296108,62522503,72877986,71754507,1123479,10355483,10159541,48.81,0.5,9.88,6.87,,,
106374094,SELECT SPECIALTY HOSPITAL - SAN DIEGO,2021,25128460,6853009,31981469,5953013,241217,5128336,62752595,61663196,61618148,45048,-1089399,-871404,50.96,0.38,9.49,8.17,4.79,-23.23,-15.39
106374094,SELECT SPECIALTY HOSPITAL - SAN DIEGO,2022,27306658,7143149,34449807,6644246,274001,10924363,72129289,56976411,56765108,211303,-15152878,-15080767,47.76,0.38,9.21,15.15,7.72,13.59,-7.6
106374094,SELECT SPECIALTY HOSPITAL - SAN DIEGO,2023,27704267,6346479,34050746,8149574,326489,5962817,73672013,64202797,64121673,81124,-9469216,-9416458,46.22,0.44,11.06,8.09,-1.16,19.16,12.68
106374094,SELECT SPECIALTY HOSPITAL - SAN DIEGO,2024,30153178,7536172,37689350,6604448,14214,5019514,78497350,73249490,73155534,93956,-5247860,-5098054,48.01,0.02,8.41,6.39,10.69,-95.65,14.09
106374382,PALOMAR MEDICAL CENTER,2022,170024053,77678340,247702393,82359480,1437344,29785038,562122692,597876242,587334903,10541339,35753550,50156038,44.07,0.26,14.65,5.3,,,
106374382,PALOMAR MEDICAL CENTER,2023,189096632,75617585,264714217,86950073,1456623,53355755,614174521,638143611,629609126,8534485,23969090,37199237,43.1,0.24,14.16,8.69,6.87,1.34,6.74
106374382,PALOMAR MEDICAL CENTER,2024,195837181,85015414,280852595,85697869,1456623,36216589,592149272,577356366,573451157,3905209,-14792906,368176,47.43,0.25,14.47,6.12,6.1,0.0,-9.53
106374572,PALOMAR REHABILITATION INSTITUTE,2022,8182009,1791047,9973056,508267,73672,332366,18807754,20555752,20547263,8489,1747998,1763926,53.03,0.39,2.7,1.77,,,
106374572,PALOMAR REHABILITATION INSTITUTE,2023,9681640,2323821,12005461,727138,169223,2660875,25132777,31044258,31008394,35864,5911481,5996017,47.77,0.67,2.89,10.59,20.38,129.7,51.02
106374572,PALOMAR REHABILITATION INSTITUTE,2024,13208267,3324145,16532412,995440,244666,881153,29606775,39745371,39689431,55940,10138596,10171961,55.84,0.83,3.36,2.98,37.71,44.58,28.03
106380842,JEWISH HOME,2020,32008551,15171886,47180437,5599141,139438,8054655,78453512,74602081,72830067,1772014,-3851431,2186759,60.14,0.18,7.14,10.27,,,
106380842,JEWISH HOME,2021,31743762,15699406,47443168,6696015,464780,8874724,85980952,74714297,72181520,2532777,-11266655,84048,55.18,0.54,7.79,10.32,0.56,233.32,0.15
106380842,JEWISH HOME,2022,30583908,15415915,45999823,6326491,466961,14598389,86100238,81525577,80177061,1348516,-4574661,-21493581,53.43,0.54,7.35,16.96,-3.04,0.47,9.12
106380842,JEWISH HOME & REHAB CENTER,2023,39122299,16793868,55916167,6673265,938384,18168430,98311670,89916075,88105072,1811003,-8395595,-21383668,56.88,0.95,6.79,18.48,21.56,100.96,10.29
106380842,JEWISH HOME & REHAB CENTER,2024,45679972,19491742,65171714,7442596,973692,14545923,104404850,102487545,94731179,7756366,-1917305,-14137938,62.42,0.93,7.13,13.93,16.55,3.76,13.98
106380857,KAISER FOUNDATION HOSPITAL - SAN FRANCISCO,2020,0,0,0,0,1193690,0,0,0,0,0,0,0,,,,,,,
106380857,KAISER FOUNDATION HOSPITAL - SAN FRANCISCO,2021,206908196,90696209,297604405,81129649,1946549,16986493,740914223,788509889,719732502,68777387,47595666,48062801,40.17,0.26,10.95,2.29,,63.07,
106380857,KAISER FOUNDATION HOSPITAL - SAN FRANCISCO,2022,211628133,89855738,301483871,82332106,1850673,39707538,749378583,797569255,727991629,69577626,48190672,48513728,40.23,0.25,10.99,5.3,1.3,-4.93,1.15
106380857,KAISER FOUNDATION HOSPITAL - SAN FRANCISCO,2023,223873199,78095391,301968590,84761082,2984433,27484081,780846973,831679265,746171063,85508202,50832292,51533899,38.67,0.38,10.86,3.52,0.16,61.26,4.28
106380857,KAISER FOUNDATION HOSPITAL - SAN FRANCISCO,2024,241569324,89758970,331328294,82237618,2172425,14928010,847549727,948406389,826568876,121837513,100856662,101239309,39.09,0.26,9.7,1.76,9.72,-27.21,14.04
106380865,LAGUNA HONDA HOSPITAL AND REHABILITATION CENTER,2020,150588028,66574833,217162861,22445596,0,13991655,281351213,166027902,163039792,2988110,-115323311,-68995771,77.19,0.0,7.98,4.97,,,
106380865,LAGUNA HONDA HOSPITAL AND REHABILITATION CENTER,2021,160190961,73844404,234035365,22679849,0,10917141,303804366,185802309,177202036,8600273,-118002057,-61063934,77.03,0.0,7.47,3.59,7.77,,11.91
106380865,LAGUNA HONDA HOSPITAL AND REHABILITATION CENTER,2022,161294960,69978433,231273393,23327412,0,9947779,305106763,181548397,187733430,-6185033,-123558366,-86629601,75.8,0.0,7.65,3.26,-1.18,,-2.29
106380865,LAGUNA HONDA HOSPITAL AND REHABILITATION CENTER,2023,171820673,60042515,231863188,25164253,0,49811474,341155324,157758873,157091218,667655,-183396451,-108067291,67.96,0.0,7.38,14.6,0.26,,-13.1
106380865,LAGUNA HONDA HOSPITAL AND REHABILITATION CENTER,2024,177868722,57863765,235732487,22553672,0,32142395,323669047,141127032,135558018,5569014,-182542015,-128527481,72.83,0.0,6.97,9.93,1.67,,-10.54
106380868,LANGLEY PORTER PSYCHIATRIC INSTITUTE,2020,16424265,10398733,26822998,493200,133108,2206423,49597977,35250386,34546753,703633,-14347591,-11826276,54.08,0.27,0.99,4.45,,,
106380868,LANGLEY PORTER PSYCHIATRIC INSTITUTE,2021,16794838,7676416,24471254,481112,140825,2166173,46685112,36274071,35242739,1031332,-10411041,-7960385,52.42,0.3,1.03,4.64,-8.77,5.8,2.9
106380868,LANGLEY PORTER PSYCHIATRIC INSTITUTE,2022,18009250,9345139,27354389,443959,162000,1878495,49351892,34469598,32518761,1950837,-14882294,-11550953,55.43,0.33,0.9,3.81,11.78,15.04,-4.97
106380868,LANGLEY PORTER PSYCHIATRIC INSTITUTE,2023,12947563,8028932,20976495,428878,191000,159686,27424218,13293112,13380945,-87833,-14131106,-13814426,76.49,0.7,1.56,0.58,-23.32,17.9,-61.44
106380939,ZUCKERBERG SAN FRANCISCO GENERAL HOSPITAL & TRAUMA CENTER,2020,416502084,191475141,607977225,104933585,0,136060405,1130667794,841440657,735258099,106182558,-289227137,-84590603,53.77,0.0,9.28,12.03,,,
106380939,ZUCKERBERG SAN FRANCISCO GENERAL HOSPITAL & TRAUMA CENTER,2021,428846567,196900098,625746665,113477680,0,142199683,1229016451,820502928,727861536,92641392,-408513523,-174281161,50.91,0.0,9.23,11.57,2.92,,-2.49
106380939,ZUCKERBERG SAN FRANCISCO GENERAL HOSPITAL & TRAUMA CENTER,2022,435206404,24309701,459516105,131364305,0,148870899,1031883418,906633017,866472719,40160298,-125250401,47156993,44.53,0.0,12.73,14.43,-26.57,,10.5
106380939,ZUCKERBERG SAN FRANCISCO GENERAL HOSPITAL & TRAUMA CENTER,2023,476353866,114831703,591185569,147703219,0,177328769,1230991190,964641279,907207540,57433739,-266349911,-78315756,48.03,0.0,12.0,14.41,28.65,,6.4
106380939,ZUCKERBERG SAN FRANCISCO GENERAL HOSPITAL & TRAUMA CENTER,2024,501467675,192865883,694333558,165596243,0,190460122,1415535473,1021202261,963983886,57218375,-394333212,-154391311,49.05,0.0,11.7,13.45,17.45,,5.86
106380960,ST. FRANCIS MEMORIAL HOSPITAL,2020,79017861,45680012,124697873,19987644,1383330,6176034,237284825,209893684,194116656,15777028,-27391141,47128063,52.55,0.58,8.42,2.6,,,
106380960,ST. FRANCIS MEMORIAL HOSPITAL,2021,81752613,50753565,132506178,19529241,2021294,4019001,243198274,206436733,192182994,14253739,-36761541,-35387279,54.48,0.83,8.03,1.65,6.26,46.12,-1.65
106380960,ST. FRANCIS MEMORIAL HOSPITAL,2022,81504560,50843807,132348367,18360218,1405410,4417728,232169885,182843068,179164089,3678979,-49326817,-43354538,57.0,0.61,7.91,1.9,-0.12,-30.47,-11.43
106380960,ST. FRANCIS MEMORIAL HOSPITAL,2023,85269149,51874999,137144148,19893658,2240541,7941690,257817583,210864432,197074135,13790297,-46953151,-46777748,53.19,0.87,7.72,3.08,3.62,59.42,15.33
106380965,ST. MARY'S MEDICAL CENTER - SAN FRANCISCO,2020,80753312,49738187,130491499,29058440,1513408,5959183,253440145,209700942,191759519,17941423,-43739203,86877272,51.49,0.6,11.47,2.35,,,
106380965,ST. MARY'S MEDICAL CENTER - SAN FRANCISCO,2021,85646724,53820754,139467478,29681894,2273518,5567974,265354986,204900761,189188393,15712368,-60454225,-51230609,52.56,0.86,11.19,2.1,6.88,50.23,-2.29
106380965,ST. MARY'S MEDICAL CENTER - SAN FRANCISCO,2022,91747199,51468813,143216012,30830265,1589881,7887445,267616697,211953171,202329540,9623631,-55663526,-43585273,53.52,0.59,11.52,2.95,2.69,-30.07,3.44
106380965,ST. MARY'S MEDICAL CENTER - SAN FRANCISCO,2023,91619245,55738713,147357958,28430136,2967135,13019378,288591113,211361390,196513731,14847659,-77229723,-68683915,51.06,1.03,9.85,4.51,2.89,86.63,-0.28
106381154,UCSF MEDICAL CENTER,2020,1565155183,623742644,2188897827,706859996,12844816,101720390,4675062577,4353785892,4138821950,214963942,-321276685,-305349856,46.82,0.27,15.12,2.18,,,
106381154,UCSF MEDICAL CENTER,2021,1677170903,605297457,2282468360,822611453,12831794,84840787,4627591300,4909163605,4618674662,290488943,281572305,346492544,49.32,0.28,17.78,1.83,4.27,-0.1,12.76
106381154,UCSF MEDICAL CENTER,2022,1811952110,988960375,2800912485,831444979,14122510,125179370,5176402443,5059011065,5021422103,37588962,-117391378,-103104606,54.11,0.27,16.06,2.42,22.71,10.06,3.05
106381154,UCSF MEDICAL CENTER,2023,2113528660,1122453190,3235981850,947488537,16658082,119982198,5853134184,5506942892,5448621489,58321403,-346191292,-275832621,55.29,0.28,16.19,2.05,15.53,17.95,8.85
106381154,UCSF MEDICAL CENTER,2024,2180152383,900120496,3080272879,1069740500,19998129,110598258,5948483163,6221354645,6169074406,52280239,272871482,414296977,51.78,0.34,17.98,1.86,-4.81,20.05,12.97
106382715,CHINESE HOSPITAL,2020,37397113,10360208,47757321,9353757,301095,6817702,116064871,92259314,83342926,8916388,-23805557,-16372821,41.15,0.26,8.06,5.87,,,
106382715,CHINESE HOSPITAL,2021,40084241,10795195,50879436,9159885,288731,6880418,125221967,105191963,93042104,12149859,-20030004,-9308169,40.63,0.23,7.31,5.49,6.54,-4.11,14.02
106382715,CHINESE HOSPITAL,2022,44416401,13353003,57769404,10058069,298215,7326664,143578773,118578897,102536615,16042282,-24999876,-10709010,40.24,0.21,7.01,5.1,13.54,3.28,12.73
106382715,CHINESE HOSPITAL,2023,46101510,12525900,58627410,10966219,307046,7075513,148036809,114591357,106797865,7793492,-33445452,-21420616,39.6,0.21,7.41,4.78,1.49,2.96,-3.36
106382715,CHINESE HOSPITAL,2024,41814294,15965832,57780126,11132273,324450,8084875,154024094,119042354,109589658,9452696,-34981740,-17967562,37.51,0.21,7.23,5.25,-1.45,5.67,3.88
106384176,CALIFORNIA PACIFIC MEDICAL CENTER - VAN NESS CAMPUS,2020,352589839,63357159,415946998,137990495,5122128,18091026,1244991083,1086557626,1071412305,15145321,-158433457,-81149039,33.41,0.41,11.08,1.45,,,
106384176,CALIFORNIA PACIFIC MEDICAL CENTER - VAN NESS CAMPUS,2021,383033335,214077651,597110986,151440635,5093066,20280752,1291935064,1219895991,1187389533,32506458,-72039073,37523498,46.22,0.39,11.72,1.57,43.55,-0.57,12.27
106384176,CALIFORNIA PACIFIC MEDICAL CENTER - VAN NESS CAMPUS,2022,384096362,175046026,559142388,159770301,4862367,61684372,1298097167,1300417469,1231451970,68965499,2320302,31371521,43.07,0.37,12.31,4.75,-6.36,-4.53,6.6
106384176,CALIFORNIA PACIFIC MEDICAL CENTER - VAN NESS CAMPUS,2023,421489930,191596677,613086607,180905087,5260215,48252877,1413941150,1358264903,1330081431,28183472,-55676247,57838210,43.36,0.37,12.79,3.41,9.65,8.18,4.45
106384176,CALIFORNIA PACIFIC MEDICAL CENTER - VAN NESS CAMPUS,2024,464453902,204997449,669451351,196502246,4612411,32200551,1449868970,1449026393,1419702742,29323651,-842577,81297365,46.17,0.32,13.55,2.22,9.19,-12.32,6.68
106384202,CALIFORNIA PACIFIC MEDICAL CENTER - MISSION BERNAL CAMPUS,2020,56127287,42547634,98674921,16179270,835956,4059876,299846701,158483011,135512608,22970403,-141363690,-141158520,32.91,0.28,5.4,1.35,,,
106384202,CALIFORNIA PACIFIC MEDICAL CENTER - MISSION BERNAL CAMPUS,2021,60646657,41771238,102417895,17489270,838323,5077657,257508917,160538016,158093942,2444074,-96970901,-85588058,39.77,0.33,6.79,1.97,3.79,0.28,1.3
106384202,CALIFORNIA PACIFIC MEDICAL CENTER - MISSION BERNAL CAMPUS,2022,61827907,53006021,114833928,18621919,810959,10696632,280060865,176943989,171100046,5843943,-103116876,-106431058,41.0,0.29,6.65,3.82,12.12,-3.26,10.22
106384202,CALIFORNIA PACIFIC MEDICAL CENTER - MISSION BERNAL CAMPUS,2023,65855899,44094258,109950157,20690537,848021,4800751,261522986,194978263,192556895,2421368,-66544723,-55374905,42.04,0.32,7.91,1.84,-4.25,4.57,10.19
106384202,CALIFORNIA PACIFIC MEDICAL CENTER - MISSION BERNAL CAMPUS,2024,74345062,48743404,123088466,22120801,788753,3974698,312143043,195321681,192315626,3006055,-116821362,-108338890,39.43,0.25,7.09,1.27,11.95,-6.99,0.18
106390846,DAMERON HOSPITAL ASSOCIATION,2020,36292456,17831138,54123594,21370789,815715,11985768,145947503,126268571,119706640,6561931,-19678932,-19416354,37.08,0.56,14.64,8.21,,,
106390846,DAMERON HOSPITAL ASSOCIATION,2021,36619283,18570949,55190232,28461771,1002585,19689242,160080988,149144507,138703707,10440800,-10936481,-11226715,34.48,0.63,17.78,12.3,1.97,22.91,18.12
106390846,DAMERON HOSPITAL ASSOCIATION,2022,37551492,18166649,55718141,26740293,839420,27279980,159284920,136580787,130514656,6066131,-22704133,-22885612,34.98,0.53,16.79,17.13,0.96,-16.27,-8.42
106390846,DAMERON HOSPITAL ASSOCIATION,2023,38386801,15944333,54331134,24470663,841460,23095100,161533996,116775575,110050074,6725501,-44758421,-45214392,33.63,0.52,15.15,14.3,-2.49,0.24,-14.5
106390846,DAMERON HOSPITAL ASSOCIATION,2024,38625861,20960371,59586232,24537896,1026776,23957962,158796395,119523406,118135040,1388366,-39272989,-38380558,37.52,0.65,15.45,15.09,9.67,22.02,2.35
106390923,ADVENTIST HEALTH LODI MEMORIAL,2020,66583146,29901769,96484915,32090115,607888,4430829,243004547,251874585,229026965,22847620,8870038,2582524,39.7,0.25,13.21,1.82,,,
106390923,ADVENTIST HEALTH LODI MEMORIAL,2021,65542177,30249708,95791885,36534996,652691,14638898,252443913,262763115,254987977,7775138,10319202,1684537,37.95,0.26,14.47,5.8,-0.72,7.37,4.32
106390923,ADVENTIST HEALTH LODI MEMORIAL,2022,72519776,37220792,109740568,34106665,911496,18508114,261849560,250063561,244835907,5227654,-11785999,-20064513,41.91,0.35,13.03,7.07,14.56,39.65,-4.83
106390923,ADVENTIST HEALTH LODI MEMORIAL,2023,84433098,31292952,115726050,34543326,1783872,17989295,272737795,281793857,276269755,5524102,9056062,-3153568,42.43,0.65,12.67,6.6,5.45,95.71,12.69
106390923,ADVENTIST HEALTH LODI MEMORIAL,2024,88776923,37545776,126322699,36214780,1401979,11365719,287698811,294265973,287645682,6620291,6567162,9117874,43.91,0.49,12.59,3.95,9.16,-21.41,4.43
106391010,SAN JOAQUIN GENERAL HOSPITAL,2020,150006107,118772306,268778413,57357280,898488,40502370,430577522,396552511,349054935,47497576,-34025011,-23409367,62.42,0.21,13.32,9.41,,,
106391010,SAN JOAQUIN GENERAL HOSPITAL,2021,153425005,114856324,268281329,58424426,831840,51193261,446570581,431943487,366413145,65530342,-14627094,10362224,60.08,0.19,13.08,11.46,-0.18,-7.42,8.92
106391010,SAN JOAQUIN GENERAL HOSPITAL,2022,156602937,76940423,233543360,59156355,1504272,91785565,457053377,490818797,473897384,16921413,33765420,69702739,51.1,0.33,12.94,20.08,-12.95,80.84,13.63
106391010,SAN JOAQUIN GENERAL HOSPITAL,2023,158705862,109697094,268402956,60350703,2069064,72976073,479456974,431539436,412130252,19409184,-47917538,1635522,55.98,0.43,12.59,15.22,14.93,37.55,-12.08
106391010,SAN JOAQUIN GENERAL HOSPITAL,2024,187035785,99421237,286457022,61846576,3258600,49267594,480821834,448890584,444531262,4359322,-31931250,14609627,59.58,0.68,12.86,10.25,6.73,57.49,4.02
106391042,ST. JOSEPH'S MEDICAL CENTER OF STOCKTON,2020,208323981,116766520,325090501,82788046,4078218,12625952,606403041,662096261,644301302,17794959,55693220,135119596,53.61,0.67,13.65,2.08,,,
106391042,ST. JOSEPH'S MEDICAL CENTER OF STOCKTON,2021,220474397,127717302,348191699,88030229,5764873,19801045,648775155,700276822,686898275,13378547,51501667,113468592,53.67,0.89,13.57,3.05,7.11,41.36,5.77
106391042,ST. JOSEPH'S MEDICAL CENTER OF STOCKTON,2022,229359499,123963947,353323446,86940236,2375579,34262200,648092061,673073951,665722662,7351289,24981890,27267962,54.52,0.37,13.41,5.29,1.47,-58.79,-3.88
106391042,ST. JOSEPH'S MEDICAL CENTER OF STOCKTON,2023,242852983,134147979,377000962,88602383,4081860,16049938,687010877,750925550,728511754,22413796,63914673,80575095,54.88,0.59,12.9,2.34,6.7,71.83,11.57
106391042,ST. JOSEPH'S MEDICAL CENTER OF STOCKTON,2024,266025297,139335413,405360710,90516750,4828973,13728969,766545078,837896541,828229353,9667188,71351463,112942103,52.88,0.63,11.81,1.79,7.52,18.3,11.58
106391056,SUTTER TRACY COMMUNITY HOSPITAL,2020,46571085,24899684,71470769,14567124,939469,3046699,131393149,144311142,137653421,6657721,12917993,12842966,54.39,0.72,11.09,2.32,,,
106391056,SUTTER TRACY COMMUNITY HOSPITAL,2021,49045214,24369359,73414573,16999793,937518,4546580,136552053,164008799,162906593,1102206,27456746,33838995,53.76,0.69,12.45,3.33,2.72,-0.21,13.65
106391056,SUTTER TRACY COMMUNITY HOSPITAL,2022,46866677,23199584,70066261,16411096,914290,12893317,141113158,160035848,159595459,440389,18922690,16280352,49.65,0.65,11.63,9.14,-4.56,-2.48,-2.42
106391056,SUTTER TRACY COMMUNITY HOSPITAL,2023,51787397,26574726,78362123,18358697,914534,9305145,154013521,185384067,184908567,475500,31370546,39834073,50.88,0.59,11.92,6.04,11.84,0.03,15.84
106391056,SUTTER TRACY COMMUNITY HOSPITAL,2024,59230241,28871977,88102218,21571672,806055,7550234,172030514,221373250,220719780,653470,49342736,54017573,51.21,0.47,12.54,4.39,12.43,-11.86,19.41
106392232,ST. JOSEPH'S BEHAVIORAL HEALTH CENTER,2020,9683907,5880738,15564645,374922,125616,81182,21278396,19039045,18876021,163024,-2239351,1002375,73.15,0.59,1.76,0.38,,,
106392232,ST. JOSEPH'S BEHAVIORAL HEALTH CENTER,2021,9583347,6284606,15867953,411099,176764,111677,20939797,18233548,18039170,194378,-2706249,-2504112,75.78,0.84,1.96,0.53,1.95,40.72,-4.23
106392232,ST. JOSEPH'S BEHAVIORAL HEALTH CENTER,2022,10236005,5993440,16229445,489044,74064,121628,21935435,19900132,19615787,284345,-2035303,-1525420,73.99,0.34,2.23,0.55,2.28,-58.1,9.14
106392232,ST. JOSEPH'S BEHAVIORAL HEALTH CENTER,2023,11110712,7033500,18144212,370652,155762,104824,23919312,21292445,19879017,1413428,-2626867,-2394890,75.86,0.65,1.55,0.44,11.8,110.31,7.0
106392232,ST. JOSEPH'S BEHAVIORAL HEALTH CENTER,2024,11834677,6505084,18339761,695649,150213,140806,25728808,22739261,22141721,597540,-2989547,-2815785,71.28,0.58,2.7,0.55,1.08,-3.56,6.79
106392287,DOCTORS HOSPITAL OF MANTECA,2020,36664792,14387966,51052758,13775431,1103060,4316673,108803514,116442386,104995937,11446449,7638872,7757479,46.92,1.01,12.66,3.97,,,
106392287,DOCTORS HOSPITAL OF MANTECA,2021,37399806,14574250,51974056,15390495,1308474,6423703,111965667,120562850,121488611,-925761,8597183,8690777,46.42,1.17,13.75,5.74,1.8,18.62,3.54
106392287,DOCTORS HOSPITAL OF MANTECA,2022,37634981,14115046,51750027,15828739,1251396,5809259,114925081,120033115,119395268,637847,5108034,5150783,45.03,1.09,13.77,5.05,-0.43,-4.36,-0.44
106392287,DOCTORS HOSPITAL OF MANTECA,2023,38191981,14249050,52441031,14365979,1371296,5509684,116772236,121441524,121055851,385673,4669288,4841358,44.91,1.17,12.3,4.72,1.34,9.58,1.17
106392287,DOCTORS HOSPITAL OF MANTECA,2024,37619935,14219050,51838985,15353084,1317366,2087094,118186689,127120219,126552995,567224,8933530,9106417,43.86,1.11,12.99,1.77,-1.15,-3.93,4.68
106394003,SAN JOAQUIN - PHF,2020,0,0,0,0,0,0,8053021,7580465,7580465,0,-472556,-472556,0.0,0.0,0.0,0.0,,,
106394003,SAN JOAQUIN - PHF,2021,0,0,0,0,0,0,7718051,6964223,6964223,0,-753828,-753828,0.0,0.0,0.0,0.0,,,-8.13
106394003,SAN JOAQUIN - PHF,2022,0,0,0,0,0,0,7824807,7777307,7777307,0,-47500,-47500,0.0,0.0,0.0,0.0,,,11.68
106394003,SAN JOAQUIN - PHF,2023,0,0,0,0,0,0,7857627,7857627,7857627,0,0,0,0.0,0.0,0.0,0.0,,,1.03
106394003,SAN JOAQUIN - PHF,2024,0,0,0,0,0,0,9180414,9180414,9180414,0,0,0,0.0,0.0,0.0,0.0,,,16.83
106394009,KAISER FOUNDATION HOSPITAL - MANTECA,2020,0,0,0,0,405609,0,0,0,0,0,0,0,,,,,,,
106394009,KAISER FOUNDATION HOSPITAL - MANTECA,2021,198879199,85803854,284683053,58599928,288067,19879248,734894166,706078625,634572338,71506287,-28815541,-28823413,38.74,0.04,7.97,2.71,,-28.98,
106394009,KAISER FOUNDATION HOSPITAL - MANTECA,2022,204010730,85387911,289398641,56613257,494180,24406300,745298408,874764443,796831938,77932505,129466035,129186791,38.83,0.07,7.6,3.27,1.66,71.55,23.89
106394009,KAISER FOUNDATION HOSPITAL - MANTECA,2023,221671695,76667982,298339677,57234078,990642,10837851,769218426,902876759,821038890,81837869,133658333,133648401,38.78,0.13,7.44,1.41,3.09,100.46,3.21
106394009,KAISER FOUNDATION HOSPITAL - MANTECA,2024,241172385,88570331,329742716,57881390,919850,11518486,863898029,1040552346,943616484,96935862,176654317,176556586,38.17,0.11,6.7,1.33,10.53,-7.15,15.25
106394128,STOCKTON REGIONAL REHABILITATION HOSPITAL,2024,14025639,3107902,17133541,965724,182214,3043033,31461154,26248301,26236582,11719,-5212853,-5212853,54.46,0.58,3.07,9.67,,,
106400480,FRENCH HOSPITAL MEDICAL CENTER - SAN LUIS OBISPO,2020,47447449,18695436,66142885,29282754,614814,7199469,174763127,177112822,172402686,4710136,2349695,19167375,37.85,0.35,16.76,4.12,,,
106400480,FRENCH HOSPITAL MEDICAL CENTER - SAN LUIS OBISPO,2021,51067653,23101869,74169522,30978741,1046777,11778051,189952304,192958985,188439282,4519703,3006681,6909497,39.05,0.55,16.31,6.2,12.14,70.26,8.95
106400480,FRENCH HOSPITAL MEDICAL CENTER - SAN LUIS OBISPO,2022,52426414,22574669,75001083,31322899,474193,18912072,196071255,202038075,199742021,2296054,5966820,8313655,38.25,0.24,15.98,9.65,1.12,-54.7,4.71
106400480,FRENCH HOSPITAL MEDICAL CENTER - SAN LUIS OBISPO,2023,53602402,22226466,75828868,36144309,977672,23457992,219587558,222602731,218394548,4208183,3015173,4386447,34.53,0.45,16.46,10.68,1.1,106.18,10.18
106400480,FRENCH HOSPITAL MEDICAL CENTER - SAN LUIS OBISPO,2024,59934507,21591395,81525902,38567997,1109903,16908431,226335851,251881485,246088629,5792856,25545634,26469192,36.02,0.49,17.04,7.47,7.51,13.53,13.15
106400524,SIERRA VISTA REGIONAL MEDICAL CENTER,2020,51911094,23412459,75323553,20442431,956054,3138839,157832349,173465288,165761669,7703619,15632939,16100250,47.72,0.61,12.95,1.99,,,
106400524,SIERRA VISTA REGIONAL MEDICAL CENTER,2021,54002455,23991756,77994211,21514543,1149058,5453342,164757723,177254039,178676670,-1422631,12496316,12914367,47.34,0.7,13.06,3.31,3.55,20.19,2.18
106400524,SIERRA VISTA REGIONAL MEDICAL CENTER,2022,56872925,24453026,81325951,21944024,1353531,7480675,169425680,184253085,183100545,1152540,14827405,15187657,48.0,0.8,12.95,4.42,4.27,17.79,3.95
106400524,SIERRA VISTA REGIONAL MEDICAL CENTER,2023,58142585,24149710,82292295,23921193,1544930,7207560,173363511,186421448,185751236,670212,13057937,13475165,47.47,0.89,13.8,4.16,1.19,14.14,1.18
106400524,ADVENTIST HEALTH SIERRA VISTA,2024,60809622,21719717,82529339,27656606,1242334,11406539,190932195,194683811,194253042,430769,3751616,289367,43.22,0.65,14.49,5.97,0.29,-19.59,4.43
106400548,TENET HEALTH CENTRAL COAST TWIN CITIES COMMUNITY HOSPITAL,2020,37185398,17392164,54577562,11374735,1608037,3815039,104039505,114409538,109662427,4747111,10370033,10530209,52.46,1.55,10.93,3.67,,,
106400548,TENET HEALTH CENTRAL COAST TWIN CITIES COMMUNITY HOSPITAL,2021,38243543,18214870,56458413,13213308,1570319,5535105,110844113,124800010,125049812,-249802,13955897,14117977,50.93,1.42,11.92,4.99,3.45,-2.35,9.08
106400548,TENET HEALTH CENTRAL COAST TWIN CITIES COMMUNITY HOSPITAL,2022,39986448,17502532,57488980,12969779,1565379,7811224,114890028,134240324,128604208,5636116,19350296,19499258,50.04,1.36,11.29,6.8,1.83,-0.31,7.56
106400548,TENET HEALTH CENTRAL COAST TWIN CITIES COMMUNITY HOSPITAL,2023,41734691,17794006,59528697,13573698,1839763,7159173,119318321,129156400,128546196,610204,9838079,9998101,49.89,1.54,11.38,6.0,3.55,17.53,-3.79
106400548,ADVENTIST HEALTH TWIN CITIES,2024,44955180,16180492,61135672,17293551,739460,5552565,128893451,144259364,143996970,262394,15365913,14461372,47.43,0.57,13.42,4.31,2.7,-59.81,11.69
106400683,ATASCADERO STATE HOSPITAL,2020,0,0,0,0,0,0,287427420,326338146,326338146,0,38910726,38923008,0.0,0.0,0.0,0.0,,,
106400683,ATASCADERO STATE HOSPITAL,2021,0,0,0,0,0,0,276124267,316105793,316105793,0,39981526,40011274,0.0,0.0,0.0,0.0,,,-3.14
106400683,ATASCADERO STATE HOSPITAL,2022,0,0,0,0,0,0,297015731,349111902,349111902,0,52096171,52096474,0.0,0.0,0.0,0.0,,,10.44
106400683,ATASCADERO STATE HOSPITAL,2023,0,0,0,0,0,0,310047217,366545149,366545149,0,56497932,56498498,0.0,0.0,0.0,0.0,,,4.99
106400683,ATASCADERO STATE HOSPITAL,2024,0,0,0,0,0,0,326308707,380557267,380557267,0,54248560,54252301,0.0,0.0,0.0,0.0,,,3.82
106404046,SAN LUIS OBISPO COUNTY - PHF,2020,0,0,0,0,0,0,7295827,3586318,3586318,0,-3709509,0,0.0,0.0,0.0,0.0,,,
106404046,SAN LUIS OBISPO COUNTY - PHF,2021,0,0,0,0,0,0,6540758,2810927,2810927,0,-3729831,0,0.0,0.0,0.0,0.0,,,-21.62
106404046,SAN LUIS OBISPO COUNTY - PHF,2022,0,0,0,0,0,0,6269697,1916305,1916305,0,-4353392,0,0.0,0.0,0.0,0.0,,,-31.83
106404046,SAN LUIS OBISPO COUNTY - PHF,2023,0,0,0,0,0,0,7590491,2160868,2160868,0,-5429623,0,0.0,0.0,0.0,0.0,,,12.76
106404046,SAN LUIS OBISPO COUNTY - PHF,2024,2402880,893139,3296019,327767,16921,975,5540320,5781922,4439527,1342395,241602,241602,59.49,0.31,5.92,0.02,,,167.57
106410782,SAN MATEO MEDICAL CENTER,2020,116740515,104181801,220922316,29440091,821863,19225868,412775724,343894115,314526230,29367885,-68881609,128271832,53.52,0.2,7.13,4.66,,,
106410782,SAN MATEO MEDICAL CENTER,2021,114645440,101814838,216460278,32929883,934067,15606548,419112925,324902077,308166262,16735815,-94210848,113516027,51.65,0.22,7.86,3.72,-2.02,13.65,-5.52
106410782,SAN MATEO MEDICAL CENTER,2022,106426371,75100239,181526610,35586205,874441,21970553,392079714,430643104,410466753,20176351,38563390,158225321,46.3,0.22,9.08,5.6,-16.14,-6.38,32.55
106410782,SAN MATEO MEDICAL CENTER,2023,110294426,104667429,214961855,37408795,936457,33437560,433978175,389345919,376713302,12632617,-44632256,53334814,49.53,0.22,8.62,7.7,18.42,7.09,-9.59
106410782,SAN MATEO MEDICAL CENTER,2024,114838919,122333268,237172187,49438552,917108,28606239,465008034,479323772,464652951,14670821,14315738,99469514,51.0,0.2,10.63,6.15,10.33,-2.07,23.11
106410806,KAISER FOUNDATION HOSPITAL - SOUTH SAN FRANCISCO,2020,0,0,0,0,2184377,0,0,0,0,0,0,0,,,,,,,
106410806,KAISER FOUNDATION HOSPITAL - SOUTH SAN FRANCISCO,2021,75372939,33367905,108740844,23383119,2081835,8129318,310031522,312909121,281753577,31155544,2877599,3372551,35.07,0.67,7.54,2.62,,-4.69,
106410806,KAISER FOUNDATION HOSPITAL - SOUTH SAN FRANCISCO,2022,78961581,34089648,113051229,25506268,333244,15167598,315629158,317424702,281623726,35800976,1795544,2459904,35.82,0.11,8.08,4.81,3.96,-83.99,1.44
106410806,KAISER FOUNDATION HOSPITAL - SOUTH SAN FRANCISCO,2023,84345315,29462995,113808310,27482706,481858,10315367,320310928,337885539,305190003,32695536,17574611,18282518,35.53,0.15,8.58,3.22,0.67,44.6,6.45
106410806,KAISER FOUNDATION HOSPITAL - SOUTH SAN FRANCISCO,2024,88488109,33179635,121667744,25886348,472748,8568264,355947662,394473565,348944452,45529113,38525903,39250624,34.18,0.13,7.27,2.41,6.91,-1.89,16.75
106410817,SETON MEDICAL CENTER,2020,106082647,56410109,162492756,25106588,825318,9039555,293383970,214050284,195560444,18489840,-79333686,-80363836,55.39,0.28,8.56,3.08,,,
106410817,AHMC SETON MEDICAL CENTER,2022,91452382,42776500,134228882,21063834,1666192,763126,202256529,189770959,189284492,486467,-12485570,-11284663,66.37,0.82,10.41,0.38,-17.39,101.88,-11.34
106410817,AHMC SETON MEDICAL CENTER,2023,88439282,26788098,115227380,23689087,1102832,1617987,188179287,178245770,176914469,1331301,-9933517,-198489,61.23,0.59,12.59,0.86,-14.16,-33.81,-6.07
106410817,AHMC SETON MEDICAL CENTER,2024,86395361,38484045,124879406,17747172,1559763,1807373,196913904,163309936,160737125,2572811,-33603968,-31065868,63.42,0.79,9.01,0.92,8.38,41.43,-8.38
106410852,MILLS-PENINSULA MEDICAL CENTER,2020,184188513,92902162,277090675,69949973,2645779,21309529,621494257,647548232,616589618,30958614,26053975,24307758,44.58,0.43,11.26,3.43,,,
106410852,MILLS-PENINSULA MEDICAL CENTER,2021,179760449,82962294,262722743,82638901,2597810,30086745,645165346,696899434,689910428,6989006,51734088,86724627,40.72,0.4,12.81,4.66,-5.19,-1.81,7.62
106410852,MILLS-PENINSULA MEDICAL CENTER,2022,166050313,75241500,241291813,79542859,2494933,58572936,676745276,709897417,704730495,5166922,33152141,28982358,35.65,0.37,11.75,8.66,-8.16,-3.96,1.87
106410852,MILLS-PENINSULA MEDICAL CENTER,2023,188546482,88995771,277542253,90142530,2651915,47905390,748923946,779186947,773998306,5188641,30263001,71061651,37.06,0.35,12.04,6.4,15.02,6.29,9.76
106410852,MILLS-PENINSULA MEDICAL CENTER,2024,225285470,100097384,325382854,108089539,2145377,26386819,863912127,914392479,908550448,5842031,50480352,78298752,37.66,0.25,12.51,3.05,17.24,-19.1,17.35
106410891,SEQUOIA HOSPITAL,2020,79718268,48942674,128660942,39884068,995562,5376081,278664510,273526894,266949822,6577072,-5137616,70102684,46.17,0.36,14.31,1.93,,,
106410891,SEQUOIA HOSPITAL,2021,79480955,52052178,131533133,43375678,1686627,4404582,281984380,273173070,263143627,10029443,-8811310,23855420,46.65,0.6,15.38,1.56,2.23,69.41,-0.13
106410891,SEQUOIA HOSPITAL,2022,85498529,52029473,137528002,45964774,1404869,7798266,297697328,291263934,288838878,2425056,-6433394,-5675587,46.2,0.47,15.44,2.62,4.56,-16.71,6.62
106410891,SEQUOIA HOSPITAL,2023,89787240,57828311,147615551,48532804,2591553,17083587,318971660,318037693,310591372,7446321,-933967,9170594,46.28,0.81,15.22,5.36,7.33,84.47,9.19
106410891,SEQUOIA HOSPITAL,2024,94566682,57265886,151832568,53623211,2648703,9278186,334834996,320774795,319641654,1133141,-14060201,3415379,45.35,0.79,16.01,2.77,2.86,2.21,0.86
106414139,KAISER FOUNDATION HOSPITAL - REDWOOD CITY,2020,0,0,0,0,2289894,0,0,0,0,0,0,0,,,,,,,
106414139,KAISER FOUNDATION HOSPITAL - REDWOOD CITY,2021,105568784,47381661,152950445,40752892,1850254,17374045,418849406,398434008,362045623,36388385,-20415398,-20733988,36.52,0.44,9.73,4.15,,-19.2,
106414139,KAISER FOUNDATION HOSPITAL - REDWOOD CITY,2022,108492154,45818924,154311078,42656020,1996025,32111798,434100260,413184129,374350839,38833290,-20916131,-21451833,35.55,0.46,9.83,7.4,0.89,7.88,3.7
106414139,KAISER FOUNDATION HOSPITAL - REDWOOD CITY,2023,115725182,39902104,155627286,45379076,2221858,17471524,432238264,432115788,393979770,38136018,-122476,-119741,36.0,0.51,10.5,4.04,0.85,11.31,4.58
106414139,KAISER FOUNDATION HOSPITAL - REDWOOD CITY,2024,121481735,44815068,166296803,43280706,1620624,10552292,482510450,503904110,440622133,63281977,21393660,21095215,34.46,0.34,8.97,2.19,6.86,-27.06,16.61
106420483,GOLETA VALLEY COTTAGE HOSPITAL,2020,24870808,7273428,32144236,16746845,106525,416592,82605822,100946094,98163381,2782713,18340272,24166388,38.91,0.13,20.27,0.5,,,
106420483,GOLETA VALLEY COTTAGE HOSPITAL,2021,27202338,6702689,33905027,17484672,0,190129,89871668,108400529,104424185,3976344,18528861,25590868,37.73,0.0,19.46,0.21,5.48,-100.0,7.38
106420483,GOLETA VALLEY COTTAGE HOSPITAL,2022,27678617,7046303,34724920,21273776,0,960504,95369282,113343632,111932988,1410644,17974350,9175597,36.41,0.0,22.31,1.01,2.42,,4.56
106420483,GOLETA VALLEY COTTAGE HOSPITAL,2023,29355444,4174735,33530179,20108517,218058,1266411,98426247,121477185,120772314,704871,23050938,38494571,34.07,0.22,20.43,1.29,-3.44,,7.18
106420483,GOLETA VALLEY COTTAGE HOSPITAL,2024,31483811,4586706,36070517,20500869,0,1062189,105785537,130483804,129789018,694786,24698267,40525879,34.1,0.0,19.38,1.0,7.58,-100.0,7.41
106420491,LOMPOC VALLEY MEDICAL CENTER,2020,41395736,14263993,55659729,14512632,919813,3639576,110351302,104123579,102709129,1414450,-6227723,6991543,50.44,0.83,13.15,3.3,,,
106420491,LOMPOC VALLEY MEDICAL CENTER,2021,42772868,13341414,56114282,17546038,950492,6680550,118001598,121641041,120317602,1323439,3639443,10348740,47.55,0.81,14.87,5.66,0.82,3.34,16.82
106420491,LOMPOC VALLEY MEDICAL CENTER,2022,46403962,16527823,62931785,19140068,961187,12053072,135010190,135926327,134528358,1397969,916137,9629017,46.61,0.71,14.18,8.93,12.15,1.13,11.74
106420491,LOMPOC VALLEY MEDICAL CENTER,2023,48651389,19448618,68100007,20963868,1038023,12199301,144163704,142802494,140481388,2321106,-1361210,1320484,47.24,0.72,14.54,8.46,8.21,7.99,5.06
106420491,LOMPOC VALLEY MEDICAL CENTER,2024,51127500,20478391,71605891,25102138,1108738,12907022,158821673,156440272,154249592,2190680,-2381401,7138572,45.09,0.7,15.81,8.13,5.15,6.81,9.55
106420493,MARIAN MEDICAL CENTER,2020,174331951,74947472,249279423,105343360,3749748,14952404,605358219,635299629,618834785,16464844,29941410,102006709,41.18,0.62,17.4,2.47,,,
106420493,MARIAN MEDICAL CENTER,2021,181888896,83717592,265606488,111646002,4693463,23557823,637647824,686680638,669591813,17088825,49032814,52337821,41.65,0.74,17.51,3.69,6.55,25.17,8.09
106420493,MARIAN MEDICAL CENTER,2022,184364075,86506999,270871074,124883833,2521667,33961102,657565359,676869727,669396895,7472832,19304368,30883453,41.19,0.38,18.99,5.16,1.98,-46.27,-1.43
106420493,MARIAN MEDICAL CENTER,2023,188835453,92222978,281058431,131801505,3763536,39040206,715307959,772135037,751926404,20208633,56827078,63622888,39.29,0.53,18.43,5.46,3.76,49.25,14.07
106420493,MARIAN MEDICAL CENTER,2024,209857534,89196679,299054213,137994963,4460083,29403839,747097563,878564757,870080787,8483970,131467194,137762269,40.03,0.6,18.47,3.94,6.4,18.51,13.78
106420514,SANTA BARBARA COTTAGE HOSPITAL,2020,193786969,100188845,293975814,107617020,-103235,9849736,750272470,755133469,724892074,30241395,4860999,76523336,39.18,-0.01,14.34,1.31,,,
106420514,SANTA BARBARA COTTAGE HOSPITAL,2021,211931845,70607950,282539795,118048206,2315289,12549540,793162920,795953945,772022695,23931250,2791025,103582986,35.62,0.29,14.88,1.58,-3.89,-2342.74,5.41
106420514,SANTA BARBARA COTTAGE HOSPITAL,2022,210124307,76586067,286710374,117304058,1121888,17113041,823054049,822344937,777928901,44416036,-709112,-78958980,34.83,0.14,14.25,2.08,1.48,-51.54,3.32
106420514,SANTA BARBARA COTTAGE HOSPITAL,2023,263358299,36695393,300053692,132816225,1689777,21280465,874669746,861038472,847004352,14034120,-13631274,105338610,34.3,0.19,15.18,2.43,4.65,50.62,4.71
106420514,SANTA BARBARA COTTAGE HOSPITAL,2024,288332391,36208740,324541131,147195379,1202931,17972924,946691077,956391238,940897800,15493438,9700161,139000867,34.28,0.13,15.55,1.9,8.16,-28.81,11.07
106420522,SANTA YNEZ VALLEY COTTAGE HOSPITAL,2020,7186419,2368643,9555062,1610584,-29258,3542,19794316,23261546,18791372,4470174,3467230,7354420,48.27,-0.15,8.14,0.02,,,
106420522,SANTA YNEZ VALLEY COTTAGE HOSPITAL,2021,8103260,2151114,10254374,1917437,132209,196139,21836406,26762542,25555598,1206944,4926136,8848396,46.96,0.61,8.78,0.9,7.32,-551.87,15.05
106420522,SANTA YNEZ VALLEY COTTAGE HOSPITAL,2022,8704688,2100827,10805515,2018370,111276,20411,23499311,26998774,24726523,2272251,3499463,-683726,45.98,0.47,8.59,0.09,5.37,-15.83,0.88
106420522,SANTA YNEZ VALLEY COTTAGE HOSPITAL,2023,10057794,1556688,11614482,2170835,74772,372424,25921550,29104790,28878204,226586,3183240,8996600,44.81,0.29,8.37,1.44,7.49,-32.8,7.8
106420522,SANTA YNEZ VALLEY COTTAGE HOSPITAL,2024,10218389,1705565,11923954,2696375,0,453372,29084148,30810747,30597171,213576,1726599,7932733,41.0,0.0,9.27,1.56,2.66,-100.0,5.86
106424002,SANTA BARBARA PSYCHIATRIC HEALTH FACILITY,2020,0,0,0,0,0,0,8945361,2459730,2459730,0,-6485631,0,0.0,0.0,0.0,0.0,,,
106424002,SANTA BARBARA PSYCHIATRIC HEALTH FACILITY,2021,0,0,0,0,0,0,9592392,3614243,3614243,0,-5978149,0,0.0,0.0,0.0,0.0,,,46.94
106424002,SANTA BARBARA PSYCHIATRIC HEALTH FACILITY,2022,0,0,0,0,0,0,10080761,2348189,2348189,0,-7732572,0,0.0,0.0,0.0,0.0,,,-35.03
106424002,SANTA BARBARA PSYCHIATRIC HEALTH FACILITY,2023,0,0,0,0,0,0,11026657,3505461,3505461,0,-7521196,0,0.0,0.0,0.0,0.0,,,49.28
106424002,SANTA BARBARA PSYCHIATRIC HEALTH FACILITY,2024,0,0,0,0,0,0,12617661,3423143,3423143,0,-9194518,0,0.0,0.0,0.0,0.0,,,-2.35
106430705,REGIONAL MEDICAL CENTER OF SAN JOSE,2020,153298220,77411659,230709879,44340791,2389932,15167613,461267346,434102625,427559006,6543619,-27164721,-26495239,50.02,0.52,9.61,3.29,,,
106430705,REGIONAL MEDICAL CENTER OF SAN JOSE,2021,148717797,71146868,219864665,43385261,3448214,11051284,446088276,437846680,430555512,7291168,-8241596,-8421039,49.29,0.77,9.73,2.48,-4.7,44.28,0.86
106430705,REGIONAL MEDICAL CENTER OF SAN JOSE,2022,164934452,70096880,235031332,39536999,3900938,9237089,476282899,424660190,418515899,6144291,-51622709,-51689031,49.35,0.82,8.3,1.94,6.9,13.13,-3.01
106430705,REGIONAL MEDICAL CENTER OF SAN JOSE,2023,157151677,74217535,231369212,38184962,4678144,7806359,493532443,387435720,381022070,6413650,-106096723,-106173964,46.88,0.95,7.74,1.58,-1.56,19.92,-8.77
106430705,REGIONAL MEDICAL CENTER OF SAN JOSE,2024,127233397,70018373,197251770,24420011,2692584,7051139,509487276,369775532,365429191,4346341,-139711744,-309897047,38.72,0.53,4.79,1.38,-14.75,-42.44,-4.56
106430763,EL CAMINO HEALTH,2020,403719166,114582763,518301929,149601805,1325534,16567298,884409271,972108388,957948442,14159946,87699117,144521330,58.6,0.15,16.92,1.87,,,
106430763,EL CAMINO HEALTH,2021,444542461,105722014,550264475,167182037,1303116,13890028,956369633,1081166305,1070550434,10615871,124796672,362651645,57.54,0.14,17.48,1.45,6.17,-1.69,11.22
106430763,EL CAMINO HEALTH,2022,475407481,123292459,598699940,207637900,1783345,44172718,1069017254,1283083054,1273071043,10012011,214065800,73283459,56.0,0.17,19.42,4.13,8.8,36.85,18.68
106430763,EL CAMINO HEALTH,2023,545419820,143167298,688587118,232910374,496488,34765942,1177959322,1357460047,1342847654,14612393,179500725,315951240,58.46,0.04,19.77,2.95,15.01,-72.16,5.8
106430763,EL CAMINO HEALTH,2024,496479080,230825404,727304484,204387783,1305710,23206681,1277873255,1453151337,1433256101,19895236,175278082,345406770,56.92,0.1,15.99,1.82,5.62,162.99,7.05
106430779,GOOD SAMARITAN HOSPITAL - SAN JOSE,2020,187170761,99597965,286768726,66891298,2996494,35227533,528795355,615011086,610297288,4713798,86215731,88379629,54.23,0.57,12.65,6.66,,,
106430779,GOOD SAMARITAN HOSPITAL - SAN JOSE,2021,192817576,97469431,290287007,63916737,2505381,40496655,533623569,637812372,634517315,3295057,104188803,137062194,54.4,0.47,11.98,7.59,1.23,-16.39,3.71
106430779,GOOD SAMARITAN HOSPITAL - SAN JOSE,2022,218305730,94756289,313062019,63087695,2965206,41597500,562044818,640070683,635738429,4332254,78025865,96832449,55.7,0.53,11.22,7.4,7.85,18.35,0.35
106430779,GOOD SAMARITAN HOSPITAL - SAN JOSE,2023,233636117,107972161,341608278,64365352,4134060,34910427,590379703,662685362,658561549,4123813,72305659,119037296,57.86,0.7,10.9,5.91,9.12,39.42,3.53
106430779,GOOD SAMARITAN HOSPITAL - SAN JOSE,2024,247142493,115998492,363140985,84116022,4445216,24968540,671015282,776170211,771681332,4488879,105154929,154905487,54.12,0.66,12.54,3.72,6.3,7.53,17.12
106430883,SANTA CLARA VALLEY MEDICAL CENTER,2020,833332409,547006422,1380338831,242087752,10513215,124750476,2253051177,2305256031,2050764504,254491527,52204854,157009169,61.27,0.47,10.74,5.54,,,
106430883,SANTA CLARA VALLEY MEDICAL CENTER,2021,971658847,608855083,1580513930,309044691,7236317,84081298,2626504335,1991286406,1829522564,161763842,-635217929,-380374700,60.18,0.28,11.77,3.2,14.5,-31.17,-13.62
106430883,SANTA CLARA VALLEY MEDICAL CENTER,2022,1013294906,661479867,1674774773,332368695,10340891,145838013,2830618632,2617419011,2420026871,197392140,-213199621,83303517,59.17,0.37,11.74,5.15,5.96,42.9,31.44
106430883,SANTA CLARA VALLEY MEDICAL CENTER,2023,1163581484,736339039,1899920523,357330858,6690865,177763835,3211892822,2765858041,2664034132,101823909,-446034781,135083005,59.15,0.21,11.13,5.53,13.44,-35.3,5.67
106430883,SANTA CLARA VALLEY MEDICAL CENTER,2024,1257804703,784934910,2042739613,396889715,8876941,73865178,3361562745,2833991717,2794422709,39569008,-527571028,30026067,60.77,0.26,11.81,2.2,7.52,32.67,2.46
106430905,STANFORD HEALTH CARE,2020,1518557768,465823046,1984380814,734220016,22740140,114823865,4676806258,4778766311,4587645476,191120835,101960053,280240401,42.43,0.49,15.7,2.46,,,
106430905,STANFORD HEALTH CARE,2021,1708822423,551867659,2260690082,870461858,22168406,121726078,5179559981,5908646916,5419525582,489121334,729086935,1636941249,43.65,0.43,16.81,2.35,13.92,-2.51,23.64
106430905,STANFORD HEALTH CARE,2022,1908558443,613866174,2522424617,913764715,40052933,410361168,5906245632,6488770343,6182309979,306460364,582524711,450558312,42.71,0.68,15.47,6.95,11.58,80.68,9.82
106430905,STANFORD HEALTH CARE,2023,2158618416,704391141,2863009557,1057922402,41566857,242307723,6386568314,6861968979,6719548854,142420125,475400665,808452386,44.83,0.65,16.56,3.79,13.5,3.78,5.75
106430905,STANFORD HEALTH CARE,2024,2426667880,792108083,3218775963,1215987001,42263853,181349470,7233271684,7868756005,7778059667,90696338,635484321,1054860348,44.5,0.58,16.81,2.51,12.43,1.68,14.67
106431506,KAISER FOUNDATION HOSPITAL - SAN JOSE,2020,0,0,0,0,557226,0,0,0,0,0,0,0,,,,,,,
106431506,KAISER FOUNDATION HOSPITAL - SAN JOSE,2021,154415987,68937429,223353416,48922046,625211,12686027,595954893,661628148,597161092,64467056,65673255,65947660,37.48,0.1,8.21,2.13,,12.2,
106431506,KAISER FOUNDATION HOSPITAL - SAN JOSE,2022,159281093,68141623,227422716,50153037,617801,21398813,606645240,655539072,586174754,69364318,48893832,48652369,37.49,0.1,8.27,3.53,1.82,-1.19,-0.92
106431506,KAISER FOUNDATION HOSPITAL - SAN JOSE,2023,173287195,60645995,233933190,51987447,869604,17425944,632122310,696348478,621736849,74611629,64226168,64505565,37.01,0.14,8.22,2.76,2.86,40.76,6.23
106431506,KAISER FOUNDATION HOSPITAL - SAN JOSE,2024,188312264,69679367,257991631,54351368,381334,10795746,692743097,811352518,717419319,93933199,118609421,118944660,37.24,0.06,7.85,1.56,10.28,-56.15,16.52
106434032,SAN JOSE BEHAVIORAL HEALTH,2020,13452565,3315268,16767833,832531,211788,3394596,32277939,42798487,42798487,0,10520548,10520665,51.95,0.66,2.58,10.52,,,
106434032,SAN JOSE BEHAVIORAL HEALTH,2021,13953722,4055768,18009490,948209,219201,3690408,35073681,45888544,45888544,0,10814863,10815238,51.35,0.62,2.7,10.52,7.4,3.5,7.22
106434032,SAN JOSE BEHAVIORAL HEALTH,2022,15450139,4097850,19547989,933940,271765,3339153,35152330,45446336,45446336,0,10294006,10295425,55.61,0.77,2.66,9.5,8.54,23.98,-0.96
106434032,SAN JOSE BEHAVIORAL HEALTH,2023,18308757,5185121,23493878,1056974,404503,4206866,45381110,58931790,58931790,0,13550680,13550830,51.77,0.89,2.33,9.27,20.19,48.84,29.67
106434032,SAN JOSE BEHAVIORAL HEALTH,2024,29286293,4072921,33359214,2422951,464020,0,59005167,86194360,86194089,271,27189193,27189185,56.54,0.79,4.11,0.0,41.99,14.71,46.26
106434040,LUCILE SALTER PACKARD CHILDREN'S HOSPITAL AT STANFORD,2020,546159439,292247311,838406750,158376965,3807476,56256099,1838985612,1907550768,1790984117,116566651,68565156,91077620,45.59,0.21,8.61,3.06,,,
106434040,LUCILE SALTER PACKARD CHILDREN'S HOSPITAL AT STANFORD,2021,614012508,324440250,938452758,186902880,3866609,39338557,1991331359,2096971217,2035354595,61616622,105639858,252172291,47.13,0.19,9.39,1.98,11.93,1.55,9.93
106434040,LUCILE SALTER PACKARD CHILDREN'S HOSPITAL AT STANFORD,2022,638331130,366723898,1005055028,197352364,8546589,109390998,2154081923,2190691878,2127849835,62842043,36609955,-3386407,46.66,0.4,9.16,5.08,7.1,121.04,4.47
106434040,LUCILE SALTER PACKARD CHILDREN'S HOSPITAL AT STANFORD,2023,730040758,410208068,1140248826,227582882,6567569,103412771,2366530641,2468416633,2392709163,75707470,101885992,113200550,48.18,0.28,9.62,4.37,13.45,-23.16,12.68
106434040,LUCILE SALTER PACKARD CHILDREN'S HOSPITAL AT STANFORD,2024,798877764,446235557,1245113321,264942754,8477251,80383525,2578578529,2677648193,2604252589,73395604,99069664,156061632,48.29,0.33,10.27,3.12,9.2,29.08,8.48
106434051,CHILDREN'S HEALTHCARE ORGANIZATION OF NORTHERN CA - PEDIATRIC HOSPITAL,2020,6412540,1453120,7865660,959654,72279,0,11195472,12266616,11852825,413791,1071144,1071144,70.26,0.65,8.57,0.0,,,
106434051,CHILDREN'S HEALTHCARE ORGANIZATION OF NORTHERN CA - PEDIATRIC HOSPITAL,2021,6711341,1414285,8125626,1027952,137089,0,11388649,11796773,11754578,42195,408124,1641787,71.35,1.2,9.03,0.0,3.31,89.67,-3.83
106434051,CHILDREN'S HEALTHCARE ORGANIZATION OF NORTHERN CA - PEDIATRIC HOSPITAL,2022,6375872,1434790,7810662,1051279,130159,0,12460780,11516740,11409873,106867,-944040,-964371,62.68,1.04,8.44,0.0,-3.88,-5.06,-2.37
106434051,CHILDREN'S HEALTHCARE ORGANIZATION OF NORTHERN CA - PEDIATRIC HOSPITAL,2023,6722002,1433086,8155088,1023851,118081,0,12081846,12564672,12511512,53160,482826,367827,67.5,0.98,8.47,0.0,4.41,-9.28,9.1
106434051,CHILDREN'S HEALTHCARE ORGANIZATION OF NORTHERN CA - PEDIATRIC HOSPITAL,2024,7565076,1805217,9370293,1413814,107999,0,12855529,16347785,16296585,51200,3492256,3431027,72.89,0.84,11.0,0.0,14.9,-8.54,30.11
106434153,KAISER FOUNDATION HOSPITAL - SANTA CLARA,2020,0,0,0,0,1398277,0,0,0,0,0,0,0,,,,,,,
106434153,KAISER FOUNDATION HOSPITAL - SANTA CLARA,2021,300786332,133224467,434010799,105380703,1839227,28025370,1117917843,1162921508,1056185583,106735925,45003665,45053418,38.82,0.16,9.43,2.51,,31.54,
106434153,KAISER FOUNDATION HOSPITAL - SANTA CLARA,2022,308013660,131864387,439878047,107491892,1384239,65460571,1125545549,1334856640,1232536435,102320205,209311091,209517046,39.08,0.12,9.55,5.82,1.35,-24.74,14.78
106434153,KAISER FOUNDATION HOSPITAL - SANTA CLARA,2023,331527933,115835755,447363688,117403821,2583880,59518558,1172214796,1402902664,1296751732,106150932,230687868,231096595,38.16,0.22,10.02,5.08,1.7,86.66,5.1
106434153,KAISER FOUNDATION HOSPITAL - SANTA CLARA,2024,365999352,135511867,501511219,125956098,979692,37841958,1301420488,1650141289,1496098545,154042744,348720801,348535767,38.54,0.08,9.68,2.91,12.1,-62.08,17.62
106434218,KAISER PERMANENTE PHF - SANTA CLARA,2020,0,0,0,0,0,0,0,0,0,0,0,0,,,,,,,
106434218,KAISER PERMANENTE PHF - SANTA CLARA,2021,7731045,3350249,11081294,564217,0,250951,13564715,14876654,14864101,12553,1311939,1311939,81.69,0.0,4.16,1.85,,,
106434218,KAISER PERMANENTE PHF - SANTA CLARA,2022,7605741,3040256,10645997,546607,0,536056,14181445,10197533,10182944,14589,-3983912,-3983912,75.07,0.0,3.85,3.78,-3.93,,-31.45
106434218,KAISER PERMANENTE PHF - SANTA CLARA,2023,8361350,2752890,11114240,546988,0,676308,18443237,15627796,15612107,15689,-2815441,-2815441,60.26,0.0,2.97,3.67,4.4,,53.25
106434218,KAISER PERMANENTE PHF - SANTA CLARA,2024,8906385,3115170,12021555,867048,0,485360,20949075,18463333,18449472,13861,-2485742,-2485742,57.38,0.0,4.14,2.32,8.16,,18.14
106434220,CRESTWOOD PSYCHIATRIC HEALTH FACILITY - SAN JOSE,2020,1977632,696493,2674125,163034,56459,91149,5034475,6059934,5036203,1023731,1025459,1025459,53.12,1.12,3.24,1.81,,,
106434220,CRESTWOOD PSYCHIATRIC HEALTH FACILITY - SAN JOSE,2021,2052944,678006,2730950,190747,49284,42713,4841358,6330904,5305472,1025432,1489546,1489546,56.41,1.02,3.94,0.88,2.12,-12.71,4.47
106434220,CRESTWOOD PSYCHIATRIC HEALTH FACILITY - SAN JOSE,2022,2265141,690536,2955677,184859,15670,101845,5406345,6481111,5008881,1472230,1074766,1074766,54.67,0.29,3.42,1.88,8.23,-68.2,2.37
106434220,CRESTWOOD PSYCHIATRIC HEALTH FACILITY - SAN JOSE,2023,2134282,662961,2797243,161326,16587,98449,5766079,6711025,5642949,1068076,944946,944946,48.51,0.29,2.8,1.71,-5.36,5.85,3.55
106434220,CRESTWOOD PSYCHIATRIC HEALTH FACILITY - SAN JOSE,2024,2405437,763652,3169089,193994,16921,3716,5869020,6990448,5835624,1154824,1121428,1121428,54.0,0.29,3.31,0.06,13.29,2.01,4.16
106440755,DOMINICAN HOSPITAL,2020,138289413,83769904,222059317,51551791,1389064,9889635,415592186,466248477,454997679,11250798,50656291,166779025,53.43,0.33,12.4,2.38,,,
106440755,DOMINICAN HOSPITAL,2021,143360589,91080086,234440675,54549846,1944865,7700388,430157913,461738064,454315162,7422902,31580151,175696105,54.5,0.45,12.68,1.79,5.58,40.01,-0.97
106440755,DOMINICAN HOSPITAL,2022,151127195,89087380,240214575,54047707,1011948,10585351,425122456,470004434,465674997,4329437,44881978,29366764,56.5,0.24,12.71,2.49,2.46,-47.97,1.79
106440755,DOMINICAN HOSPITAL,2023,156524151,93440965,249965116,56376015,1866210,19978924,463996351,514810874,499020566,15790308,50814523,74716220,53.87,0.4,12.15,4.31,4.06,84.42,9.53
106440755,DOMINICAN HOSPITAL,2024,161149775,91471293,252621068,57364199,1776898,18393543,495125869,534438308,529233685,5204623,39312439,116748755,51.02,0.36,11.59,3.71,1.06,-4.79,3.81
106444012,SUTTER MATERNITY AND SURGERY CENTER OF SANTA CRUZ,2020,24533977,14589621,39123598,13260196,585412,386317,74183318,82901632,78274898,4626734,8718314,9062235,52.74,0.79,17.87,0.52,,,
106444012,SUTTER MATERNITY AND SURGERY CENTER OF SANTA CRUZ,2021,24053780,14015644,38069424,15530619,581855,747000,77179326,87696629,86852103,844526,10517303,14250957,49.33,0.75,20.12,0.97,-2.69,-0.61,5.78
106444012,SUTTER MATERNITY AND SURGERY CENTER OF SANTA CRUZ,2022,25504097,15532319,41036416,15322485,561233,1691413,79164915,91614239,90547430,1066809,12449324,11369568,51.84,0.71,19.36,2.14,7.79,-3.54,4.47
106444012,SUTTER MATERNITY AND SURGERY CENTER OF SANTA CRUZ,2023,27465934,14885484,42351418,16035785,561098,1200360,87234457,91415779,90946456,469323,4181322,7335790,48.55,0.64,18.38,1.38,3.2,-0.02,-0.22
106444012,SUTTER MATERNITY AND SURGERY CENTER OF SANTA CRUZ,2024,27367618,14814187,42181805,15929864,494332,470725,89498691,93545608,93115224,430384,4046917,6166821,47.13,0.55,17.8,0.53,-0.4,-11.9,2.33
106444013,WATSONVILLE COMMUNITY HOSPITAL,2020,56848341,16242436,73090777,9622610,570374,9628591,136085590,115219298,114672694,546604,-20866292,-17924010,53.71,0.42,7.07,7.08,,,
106444013,WATSONVILLE COMMUNITY HOSPITAL,2021,58397262,17891591,76288853,12477435,573901,14792024,152103530,119781481,119621095,160386,-32322049,-29866611,50.16,0.38,8.2,9.72,4.38,0.62,3.96
106444013,WATSONVILLE COMMUNITY HOSPITAL,2023,67179434,20894758,88074192,8201283,569845,8607433,138136103,128466062,126626179,1839883,-9670041,-6323157,63.76,0.41,5.94,6.23,15.45,-0.71,7.25
106444013,WATSONVILLE COMMUNITY HOSPITAL,2024,59263929,28329689,87593618,11783612,540125,5307280,144694162,127175723,122578837,4596886,-17518439,-13728695,60.54,0.37,8.14,3.67,-0.55,-5.22,-1.0
106444029,TELECARE SANTA CRUZ - PHF,2020,2824584,829974,3654558,236195,50534,1844476,7901690,7631432,7631432,0,-270258,-270258,46.25,0.64,2.99,23.34,,,
106444029,TELECARE SANTA CRUZ - PHF,2021,2792353,851649,3644002,219979,50770,1322212,7341435,7740100,7740100,0,398665,398665,49.64,0.69,3.0,18.01,-0.29,0.47,1.42
106444029,TELECARE SANTA CRUZ - PHF,2022,2686976,615690,3302666,260178,51255,1251696,8685852,7989628,7989628,0,-696224,-696224,38.02,0.59,3.0,14.41,-9.37,0.96,3.22
106444029,TELECARE SANTA CRUZ - PHF,2023,2980881,677684,3658565,290870,53755,1299509,8879332,9460882,9460717,165,581550,581550,41.2,0.61,3.28,14.64,10.78,4.88,18.41
106444029,TELECARE SANTA CRUZ - PHF,2024,3735190,826515,4561705,366316,59312,1482554,9278970,9851870,9851858,12,572900,572900,49.16,0.64,3.95,15.98,24.69,10.34,4.13
106450936,MAYERS MEMORIAL HOSPITAL,2020,12232648,3139499,15372147,4190452,161196,190741,30772694,35650171,33089762,2560409,4877477,8622882,49.95,0.52,13.62,0.62,,,
106450936,MAYERS MEMORIAL HOSPITAL,2021,14497265,3861742,18359007,4212934,173205,176717,33953628,33639113,33184044,455069,-314515,4974174,54.07,0.51,12.41,0.52,19.43,7.45,-5.64
106450936,MAYERS MEMORIAL HOSPITAL,2022,15474513,4012788,19487301,5754111,195941,4158286,41447304,36488603,36405185,83418,-4958701,261088,47.02,0.47,13.88,10.03,6.15,13.13,8.47
106450936,MAYERS MEMORIAL HOSPITAL,2023,17516681,4458070,21974751,6206833,291206,6773308,44561378,43231953,43012593,219360,-1329425,4280450,49.31,0.65,13.93,15.2,12.76,48.62,18.48
106450936,MAYERS MEMORIAL HOSPITAL,2024,21701278,4853537,26554815,7825225,394900,6391122,51022395,53989252,53660323,328929,2966857,9108511,52.05,0.77,15.34,12.53,20.84,35.61,24.88
106450940,SHASTA REGIONAL MEDICAL CENTER,2020,57599079,23272638,80871717,24457980,598177,3595606,166845591,170074370,155216380,14857990,3228779,2989997,48.47,0.36,14.66,2.16,,,
106450940,SHASTA REGIONAL MEDICAL CENTER,2021,52808585,21807805,74616390,27332635,729337,8752431,171842719,178296512,166149112,12147400,6453793,6274846,43.42,0.42,15.91,5.09,-7.73,21.93,4.83
106450940,SHASTA REGIONAL MEDICAL CENTER,2022,51173999,22451660,73625659,26130479,833922,11521036,169903334,164198836,162424092,1774744,-5704498,-5861748,43.33,0.49,15.38,6.78,-1.33,14.34,-7.91
106450940,SHASTA REGIONAL MEDICAL CENTER,2023,59454236,18465897,77920133,25635728,1034053,7460606,166030190,157330876,155620855,1710021,-8699314,-8647494,46.93,0.62,15.44,4.49,5.83,24.0,-4.18
106450940,SHASTA REGIONAL MEDICAL CENTER,2024,65747252,18118255,83865507,27621179,885049,0,184509148,169479900,168094562,1385338,-15029248,-15149133,45.45,0.48,14.97,0.0,7.63,-14.41,7.72
106450949,MERCY MEDICAL CENTER - REDDING,2020,145050825,87034410,232085235,93474110,2688346,11702937,491630591,539584199,528282130,11302069,47953608,130531503,47.21,0.55,19.01,2.38,,,
106450949,MERCY MEDICAL CENTER - REDDING,2021,157087298,92886947,249974245,96778288,4045372,19683040,524878165,548485793,541114861,7370932,23607628,240219660,47.63,0.77,18.44,3.75,7.71,50.48,1.65
106450949,MERCY MEDICAL CENTER - REDDING,2022,163526748,93923427,257450175,101965578,2221119,37632007,543435461,560448444,548459075,11989369,17012983,-11345116,47.37,0.41,18.76,6.92,2.99,-45.09,2.18
106450949,MERCY MEDICAL CENTER - REDDING,2023,172182121,98999620,271181741,102709763,3559140,20678302,567736579,604938256,588461804,16476452,37201677,78001052,47.77,0.63,18.09,3.64,5.33,60.24,7.94
106450949,MERCY MEDICAL CENTER - REDDING,2024,180638340,93695499,274333839,105082823,3500058,21703219,602177277,678059956,674194818,3865138,75882679,187063433,45.56,0.58,17.45,3.6,1.16,-1.66,12.09
106454012,VIBRA HOSPITAL OF NORTHERN CALIFORNIA,2020,14349325,3542685,17892010,3065574,308327,0,32509483,38604822,38284778,320044,6095339,6095339,55.04,0.95,9.43,0.0,,,
106454012,VIBRA HOSPITAL OF NORTHERN CALIFORNIA,2021,14957035,3873122,18830157,2627078,231088,0,34434497,41194615,39953161,1241454,6760118,6760118,54.68,0.67,7.63,0.0,5.24,-25.05,6.71
106454012,VIBRA HOSPITAL OF NORTHERN CALIFORNIA,2022,17620847,3525740,21146587,3082331,254604,0,40671489,43811613,43289466,522147,3140124,6378324,51.99,0.63,7.58,0.0,12.3,10.18,6.35
106454012,VIBRA HOSPITAL OF NORTHERN CALIFORNIA,2023,19256435,3833820,23090255,3490690,322506,0,42411221,48323675,48184470,139205,5912454,6172622,54.44,0.76,8.23,0.0,9.19,26.67,10.3
106454012,VIBRA HOSPITAL OF NORTHERN CALIFORNIA,2024,20101475,3608539,23710014,3433095,273798,0,43365968,48242140,48054703,187437,4876172,4876172,54.67,0.63,7.92,0.0,2.68,-15.1,-0.17
106454013,PATIENTS' HOSPITAL OF REDDING,2020,2414677,944212,3358889,981212,54185,0,5303141,5702197,4872415,829782,399056,409786,63.34,1.02,18.5,0.0,,,
106454013,PATIENTS' HOSPITAL OF REDDING,2021,2483128,980689,3463817,1253513,68077,0,5926584,5750749,3964665,1786084,-175835,-175700,58.45,1.15,21.15,0.0,3.12,25.64,0.85
106454013,PATIENTS' HOSPITAL OF REDDING,2024,4347267,1313419,5660686,4262429,123459,0,13507038,9575402,9544367,31035,-3931636,-3931102,41.91,0.91,31.56,0.0,63.42,81.35,66.51
106454068,RESTPADD PSYCHIATRIC HEALTH FACILITY,2020,2778540,438919,3217459,69220,0,32559,4548823,4836690,4836690,0,287867,665293,70.73,0.0,1.52,0.72,,,
106454068,RESTPADD PSYCHIATRIC HEALTH FACILITY,2021,2412759,464543,2877302,46791,22563,17807,4075081,4604390,4604390,0,529309,525844,70.61,0.55,1.15,0.44,-10.57,,-4.8
106454068,RESTPADD PSYCHIATRIC HEALTH FACILITY,2022,2606488,789048,3395536,51220,29292,75648,4627666,5057864,5057864,0,430198,1527186,73.37,0.63,1.11,1.63,18.01,29.82,9.85
106454068,RESTPADD PSYCHIATRIC HEALTH FACILITY,2023,3129777,1082489,4212266,185302,32635,67727,5557326,5818471,5818471,0,261145,378559,75.8,0.59,3.33,1.22,24.05,11.41,15.04
106454068,RESTPADD PSYCHIATRIC HEALTH FACILITY,2024,2729370,1608818,4338188,271822,29849,60489,5685135,6121726,6121726,0,436591,635331,76.31,0.53,4.78,1.06,2.99,-8.54,5.21
106470871,MERCY MEDICAL CENTER - MT. SHASTA,2020,21183425,12857075,34040500,7053492,319110,1221634,62769340,65368631,61940571,3428060,2599291,11335013,54.23,0.51,11.24,1.95,,,
106470871,MERCY MEDICAL CENTER - MT. SHASTA,2021,23485769,13962015,37447784,7689506,614072,1936154,66920575,72658687,69259680,3399007,5738112,10746960,55.96,0.92,11.49,2.89,10.01,92.43,11.15
106470871,MERCY MEDICAL CENTER - MT. SHASTA,2022,23844132,13725967,37570099,7049574,367599,4988714,68955665,72044069,69098078,2945991,3088404,3481757,54.48,0.53,10.22,7.23,0.33,-40.14,-0.85
106470871,MERCY MEDICAL CENTER - MT. SHASTA,2023,24047419,15094358,39141777,6649667,606492,4514100,71355247,67236561,65412905,1823656,-4118686,-2522335,54.85,0.85,9.32,6.33,4.18,64.99,-6.67
106470871,MERCY MEDICAL CENTER - MT. SHASTA,2024,24988874,13965171,38954045,6564987,586023,3497361,70001405,76762068,76465675,296393,6760663,10645835,55.65,0.84,9.38,5.0,-0.48,-3.37,14.17
106474007,FAIRCHILD MEDICAL CENTER,2020,35467224,10465983,45933207,12124533,258313,3636188,89501170,91125600,90175761,949839,1624430,1624430,51.32,0.29,13.55,4.06,,,
106474007,FAIRCHILD MEDICAL CENTER,2021,36844250,14583364,51427614,20384110,286751,6911381,109248097,102051248,101228219,823029,-7196849,-7196849,47.07,0.26,18.66,6.33,11.96,11.01,11.99
106474007,FAIRCHILD MEDICAL CENTER,2022,38790600,13063129,51853729,13091810,233004,12817251,109819995,110338891,109422894,915997,518896,518896,47.22,0.21,11.92,11.67,0.83,-18.74,8.12
106474007,FAIRCHILD MEDICAL CENTER,2023,40721410,13529217,54250627,13084637,545179,12266055,115405114,118935311,117796732,1138579,3530197,3530197,47.01,0.47,11.34,10.63,4.62,133.98,7.79
106474007,FAIRCHILD MEDICAL CENTER,2024,43555033,11705838,55260871,14697494,325933,8344870,116410818,117141340,114997574,2143766,730522,730522,47.47,0.28,12.63,7.17,1.86,-40.22,-1.51
106480989,KAISER FOUNDATION HOSPITAL REHABILITATION CENTER - VALLEJO,2020,0,0,0,0,783705,0,0,0,0,0,0,0,,,,,,,
106480989,KAISER FOUNDATION HOSPITAL REHABILITATION CENTER - VALLEJO,2021,153551750,67679059,221230809,41766961,878464,10726918,536995234,558452732,519347907,39104825,21457498,21458946,41.2,0.16,7.78,2.0,,12.09,
106480989,KAISER FOUNDATION HOSPITAL REHABILITATION CENTER - VALLEJO,2022,161081322,68246006,229327328,43788778,745855,15726727,535554992,557795466,520516058,37279408,22240474,22346222,42.82,0.14,8.18,2.94,3.66,-15.1,-0.12
106480989,KAISER FOUNDATION HOSPITAL REHABILITATION CENTER - VALLEJO,2023,169338712,58200223,227538935,49237381,1277024,15860303,572923861,588390907,543452666,44938241,15467046,15182415,39.72,0.22,8.59,2.77,-0.78,71.22,5.49
106480989,KAISER FOUNDATION HOSPITAL REHABILITATION CENTER - VALLEJO,2024,180495218,67244130,247739348,46655974,829144,8388135,629045276,666465017,607200154,59264863,37419741,37459108,39.38,0.13,7.42,1.33,8.88,-35.07,13.27
106481015,ADVENTIST HEALTH VALLEJO,2020,12619589,6048058,18667647,991692,120000,4540,29095942,26949343,26690443,258900,-2146599,-2146599,64.16,0.41,3.41,0.02,,,
106481015,ADVENTIST HEALTH VALLEJO,2021,12892466,5288891,18181357,937589,60000,89339,30004696,26560496,26442603,117893,-3444200,-3443213,60.6,0.2,3.12,0.3,-2.6,-50.0,-1.44
106481015,ADVENTIST HEALTH VALLEJO,2022,15139065,4992247,20131312,985264,0,80737,32205044,27493230,27146512,346718,-4711814,-4711814,62.51,0.0,3.06,0.25,10.73,-100.0,3.51
106481015,ADVENTIST HEALTH VALLEJO,2023,17618143,3700248,21318391,989075,0,124856,32403157,32171908,31688503,483405,-231249,-226893,65.79,0.0,3.05,0.39,5.9,,17.02
106481015,ADVENTIST HEALTH VALLEJO,2024,16630427,8032022,24662449,1066299,260844,545553,37031367,36633302,35769377,863925,-398065,-395003,66.6,0.7,2.88,1.47,15.69,,13.87
106481094,SUTTER SOLANO MEDICAL CENTER,2020,53859510,24626499,78486009,18228983,930132,2191798,165467616,156284771,139363943,16920828,-9182845,-9064153,47.43,0.56,11.02,1.32,,,
106481094,SUTTER SOLANO MEDICAL CENTER,2021,54031318,22597218,76628536,20139591,942741,6341008,161065042,144474827,142991236,1483591,-16590215,-9401994,47.58,0.59,12.5,3.94,-2.37,1.36,-7.56
106481094,SUTTER SOLANO MEDICAL CENTER,2022,55005217,22106473,77111690,21338549,913699,9573676,159298492,150579986,150236498,343488,-8718506,-12091919,48.41,0.57,13.4,6.01,0.63,-3.08,4.23
106481094,SUTTER SOLANO MEDICAL CENTER,2023,61979920,25928059,87907979,21914039,896800,4863383,174930926,166573031,166137188,435843,-8357895,-60741,50.25,0.51,12.53,2.78,14.0,-1.85,10.62
106481094,SUTTER SOLANO MEDICAL CENTER,2024,69192671,28385277,97577948,22744034,782633,1170142,186534847,183029737,182481800,547937,-3505110,1058363,52.31,0.42,12.19,0.63,11.0,-12.73,9.88
106481357,NORTHBAY MEDICAL CENTER,2020,201236664,81647131,282883795,73447954,1610149,3394297,627081738,640331880,585987089,54344791,13250142,32479972,45.11,0.26,11.71,0.54,,,
106481357,NORTHBAY MEDICAL CENTER,2021,202593101,88191410,290784511,82287196,2394329,6630081,692322184,678750727,660267811,18482916,-13571457,4158160,42.0,0.35,11.89,0.96,2.79,48.7,6.0
106481357,NORTHBAY MEDICAL CENTER,2022,207137589,92459995,299597584,79283254,2239551,10961875,731837736,695285185,676594916,18690269,-36552551,-63744255,40.94,0.31,10.83,1.5,3.03,-6.46,2.44
106481357,NORTHBAY MEDICAL CENTER,2023,211246380,90316750,301563130,85540895,473738,9588117,742509947,752641081,723617348,29023733,10131134,38633777,40.61,0.06,11.52,1.29,0.66,-78.85,8.25
106481357,NORTHBAY MEDICAL CENTER,2024,227525764,97820609,325346373,96977085,883630,2349743,777761009,788914436,760119123,28795313,11153427,36816893,41.83,0.11,12.47,0.3,7.89,86.52,4.82
106484044,KAISER FOUNDATION HOSPITAL - VACAVILLE,2020,0,0,0,0,262557,0,0,0,0,0,0,0,,,,,,,
106484044,KAISER FOUNDATION HOSPITAL - VACAVILLE,2021,111790150,48903700,160693850,42349685,296961,10833603,411739123,387804740,342484543,45320197,-23934383,-23804736,39.03,0.07,10.29,2.63,,13.1,
106484044,KAISER FOUNDATION HOSPITAL - VACAVILLE,2022,122097463,51184874,173282337,44382394,253133,15589234,424975882,458899790,415403502,43496288,33923908,34045053,40.77,0.06,10.44,3.67,7.83,-14.76,18.33
106484044,KAISER FOUNDATION HOSPITAL - VACAVILLE,2023,133651363,46371143,180022506,45542334,431470,6886027,439187730,462491104,418776725,43714379,23303374,23102280,40.99,0.1,10.37,1.57,3.89,70.45,0.78
106484044,KAISER FOUNDATION HOSPITAL - VACAVILLE,2024,138390375,51595983,189986358,45927872,281829,9059752,493462110,529049492,471338862,57710630,35587382,35634065,38.5,0.06,9.31,1.84,5.53,-34.68,14.39
106484062,CRESTWOOD SOLANO PSYCHIATRIC HEALTH FACILITY,2020,2267397,849764,3117161,161936,55204,2868,4965216,5306088,4294230,1011858,340872,340872,62.78,1.11,3.26,0.06,,,
106484062,CRESTWOOD SOLANO PSYCHIATRIC HEALTH FACILITY,2021,2253813,794526,3048339,221092,50671,2521,5026868,5556999,4626307,930692,530131,530130,60.64,1.01,4.4,0.05,-2.21,-8.21,4.73
106484062,CRESTWOOD SOLANO PSYCHIATRIC HEALTH FACILITY,2022,2426605,864910,3291515,195898,15670,3065,5777597,5981497,5005052,976445,203900,203900,56.97,0.27,3.39,0.05,7.98,-69.08,7.64
106484062,CRESTWOOD SOLANO PSYCHIATRIC HEALTH FACILITY,2023,2552387,836240,3388627,201210,16587,3191,6167708,6210634,5210366,1000268,42926,42924,54.94,0.27,3.26,0.05,2.95,5.85,3.83
106484062,CRESTWOOD SOLANO PSYCHIATRIC HEALTH FACILITY,2024,2762060,993490,3755550,145005,16921,2485,5656318,6477271,5248446,1228825,820953,820953,66.4,0.3,2.56,0.04,10.83,2.01,4.29
106490040,SONOMA COUNTY HEALING CENTER - PHF,2023,3133533,941113,4074646,280964,16587,1251,6933813,6234999,5793512,441487,-698814,-698816,58.76,0.24,4.05,0.02,,,
106490040,SONOMA COUNTY HEALING CENTER - PHF,2024,3318007,1088665,4406672,258440,16921,975,7034443,6552517,5312811,1239706,-481926,-481926,62.64,0.24,3.67,0.01,8.15,2.01,5.09
106490964,HEALDSBURG DISTRICT HOSPITAL,2020,26242613,5979856,32222469,6305365,1137246,2666464,57818536,60610028,54449800,6160228,2791492,8344572,55.73,1.97,10.91,4.61,,,
106490964,HEALDSBURG HOSPITAL,2022,26375286,6885869,33261155,4388463,325256,2231233,62773938,54127221,51636244,2490977,-8646717,-8626259,52.99,0.52,6.99,3.55,3.22,-71.4,-10.7
106490964,HEALDSBURG HOSPITAL,2023,29137794,7699694,36837488,4869988,511785,2051437,67668056,63969948,59479851,4490097,-3698108,-3576310,54.44,0.76,7.2,3.03,10.75,57.35,18.18
106490964,HEALDSBURG HOSPITAL,2024,30599126,8314400,38913526,7555833,835395,1837982,73508019,71616973,70794697,822276,-1891046,775766,52.94,1.14,10.28,2.5,5.64,63.23,11.95
106491001,PETALUMA VALLEY HOSPITAL,2020,28252460,9673061,37925521,8371062,404255,4449197,83227600,93596155,91516865,2079290,10368555,10555544,45.57,0.49,10.06,5.35,,,
106491001,PETALUMA VALLEY HOSPITAL,2022,29070429,10985464,40055893,8604871,589201,9104507,91171241,92027621,89385985,2641636,856380,935000,43.93,0.65,9.44,9.99,5.62,45.75,-1.68
106491001,PETALUMA VALLEY HOSPITAL,2023,32350824,11524728,43875552,8541911,197839,7329620,102821786,83386455,82872336,514119,-19435331,-19340386,42.67,0.19,8.31,7.13,9.54,-66.42,-9.39
106491001,PETALUMA VALLEY HOSPITAL,2024,29851691,11196160,41047851,9047492,535987,4273724,95309170,84216611,83561775,654836,-11092559,-11045227,43.07,0.56,9.49,4.48,-6.44,170.92,1.0
106491064,SANTA ROSA MEMORIAL HOSPITAL,2020,169303120,66855061,236158181,87184929,2234811,17696212,552313333,592506320,568246696,24259624,40192987,44368572,42.76,0.4,15.79,3.2,,,
106491064,PROVIDENCE SANTA ROSA MEMORIAL HOSPITAL,2021,170934872,69776558,240711430,95472522,2196355,16115288,569644464,600757808,589415724,11342084,31113344,52044859,42.26,0.39,16.76,2.83,1.93,-1.72,1.39
106491064,PROVIDENCE SANTA ROSA MEMORIAL HOSPITAL,2022,176915750,73816443,250732193,98155472,3840426,34348657,602821560,620861886,599461120,21400766,18040326,17435446,41.59,0.64,16.28,5.7,4.16,74.85,3.35
106491064,PROVIDENCE SANTA ROSA MEMORIAL HOSPITAL,2023,202995329,74566525,277561854,100932552,2293628,34007684,713098437,656317074,646907968,9409106,-56781363,-49069667,38.92,0.32,14.15,4.77,10.7,-40.28,5.71
106491064,PROVIDENCE SANTA ROSA MEMORIAL HOSPITAL,2024,210037713,84767824,294805537,112391729,3787940,24853050,744353964,702054021,692970706,9083315,-42299943,-32207683,39.61,0.51,15.1,3.34,6.21,65.15,6.97
106491076,SONOMA VALLEY HOSPITAL,2020,20411251,8220824,28632075,6304269,357404,790424,60106746,58911773,52543311,6368462,-1194973,10263126,47.64,0.59,10.49,1.32,,,
106491076,SONOMA VALLEY HOSPITAL,2021,21117212,8042209,29159421,7403362,379701,1528448,62736237,56885901,55910503,975398,-5850336,7160546,46.48,0.61,11.8,2.44,1.84,6.24,-3.44
106491076,SONOMA VALLEY HOSPITAL,2022,20527136,7975901,28503037,7552373,405705,3426125,64136682,59647073,57113662,2533411,-4489609,2576413,44.44,0.63,11.78,5.34,-2.25,6.85,4.85
106491076,SONOMA VALLEY HOSPITAL,2023,21888405,8740468,30628873,7915815,411065,3440146,69266284,63356245,62011738,1344507,-5910039,3510419,44.22,0.59,11.43,4.97,7.46,1.32,6.22
106491076,SONOMA VALLEY HOSPITAL,2024,22080967,9215238,31296205,8072341,476428,3930295,71964602,64772874,63660004,1112870,-7191728,5268957,43.49,0.66,11.22,5.46,2.18,15.9,2.24
106491338,SONOMA SPECIALTY HOSPITAL,2020,8177745,1635548,9813293,1304254,27324,1636597,16375760,10490013,10478698,11315,-5885747,-5354844,59.93,0.17,7.96,9.99,,,
106491338,SONOMA SPECIALTY HOSPITAL,2021,13316838,2952499,16269337,1662849,67683,1897852,23646935,24355610,24305275,50335,708675,1761851,68.8,0.29,7.03,8.03,65.79,147.71,132.18
106491338,SONOMA SPECIALTY HOSPITAL,2022,12919027,2238262,15157289,2885912,85605,6320,34227235,27354909,27290950,63959,-6872326,-4654887,44.28,0.25,8.43,0.02,-6.84,26.48,12.31
106491338,SONOMA SPECIALTY HOSPITAL,2023,12322539,2504804,14827343,2541608,39031,0,32262895,30918465,30856233,62232,-1344430,-1336174,45.96,0.12,7.88,0.0,-2.18,-54.41,13.03
106491338,SONOMA SPECIALTY HOSPITAL,2024,23306880,3221831,26528711,4791417,160868,208243,49503799,59129184,58979339,149845,9625385,9647713,53.59,0.32,9.68,0.42,78.92,312.15,91.24
106494019,KAISER FOUNDATION HOSPITAL - SANTA ROSA,2020,0,0,0,0,1231588,0,0,0,0,0,0,0,,,,,,,
106494019,KAISER FOUNDATION HOSPITAL - SANTA ROSA,2021,129461273,57301217,186762490,35920370,1215538,12634244,484309905,443682859,387610067,56072792,-40627046,-40910341,38.56,0.25,7.42,2.61,,-1.3,
106494019,KAISER FOUNDATION HOSPITAL - SANTA ROSA,2022,135331109,57125428,192456537,38319949,945336,20030163,493574392,514611964,456394589,58217375,21037572,21034852,38.99,0.19,7.76,4.06,3.05,-22.23,15.99
106494019,KAISER FOUNDATION HOSPITAL - SANTA ROSA,2023,144624013,51047011,195671024,40228377,950174,7838502,511907953,525577034,457759151,67817883,13669081,13436122,38.22,0.19,7.86,1.53,1.67,0.51,2.13
106494019,KAISER FOUNDATION HOSPITAL - SANTA ROSA,2024,154453671,58764196,213217867,43500078,804421,6519162,563028571,601736033,520668675,81067358,38707462,38677174,37.87,0.14,7.73,1.16,8.97,-15.34,14.49
106494048,AURORA BEHAVIORAL HEALTHCARE - SANTA ROSA,2020,14135997,2715571,16851568,1036071,170844,1962639,34637279,34865968,34109346,756622,228689,228689,48.65,0.49,2.99,5.67,,,
106494048,AURORA BEHAVIORAL HEALTHCARE - SANTA ROSA,2021,13742386,2273874,16016260,580910,179465,3620279,31359579,31383866,30987496,396370,24287,55885,51.07,0.57,1.85,11.54,-4.96,5.05,-9.99
106494048,AURORA BEHAVIORAL HEALTHCARE - SANTA ROSA,2022,18278670,2666775,20945445,825946,172937,5480189,47983087,39204027,39193976,10051,-8779060,-8779064,43.65,0.36,1.72,11.42,30.78,-3.64,24.92
106494048,AURORA BEHAVIORAL HEALTHCARE - SANTA ROSA,2023,19125117,3162370,22287487,995007,265000,5204244,50613210,51033423,50817396,216027,420213,420217,44.03,0.52,1.97,10.28,6.41,53.23,30.17
106494048,AURORA BEHAVIORAL HEALTHCARE - SANTA ROSA,2024,23993931,4004597,27998528,1407935,303756,9715914,57579284,57676345,57651178,25167,97061,97063,48.63,0.53,2.45,16.87,25.62,14.62,13.02
106494106,SUTTER SANTA ROSA REGIONAL HOSPITAL,2020,93754134,42838275,136592409,54179262,2104244,5162755,315915088,331725537,315336758,16388779,15810449,19132042,43.24,0.67,17.15,1.63,,,
106494106,SUTTER SANTA ROSA REGIONAL HOSPITAL,2021,93762962,43111720,136874682,57675013,2113536,7033114,319733151,349300379,348142731,1157648,29567228,53662237,42.81,0.66,18.04,2.2,0.21,0.44,5.3
106494106,SUTTER SANTA ROSA REGIONAL HOSPITAL,2022,101498787,45231942,146730729,64362990,2097181,22957502,373746555,375678688,374365209,1313479,1932133,-5159087,39.26,0.56,17.22,6.14,7.2,-0.77,7.55
106494106,SUTTER SANTA ROSA REGIONAL HOSPITAL,2023,115704295,53673082,169377377,72578376,2091203,16876038,455085776,448615823,442526437,6089386,-6469953,14154853,37.22,0.46,15.95,3.71,15.43,-0.29,19.41
106494106,SUTTER SANTA ROSA REGIONAL HOSPITAL,2024,134626780,60608658,195235438,88792047,1861102,5936993,501574784,503310217,493324697,9985520,1735433,14633893,38.92,0.37,17.7,1.18,15.27,-11.0,12.19
106500852,DOCTORS MEDICAL CENTER - MODESTO,2020,208703532,92213231,300916763,99496395,4551654,14755485,657572005,713114229,676048989,37065240,55542224,55358173,45.76,0.69,15.13,2.24,,,
106500852,DOCTORS MEDICAL CENTER - MODESTO,2021,217144131,93998458,311142589,105089147,4797937,22736205,679609080,744856733,757091197,-12234464,65247653,65305958,45.78,0.71,15.46,3.35,3.4,5.41,4.45
106500852,DOCTORS MEDICAL CENTER - MODESTO,2022,220479118,92435569,312914687,100431667,9120728,35601139,687739901,777168603,737503864,39664739,89428702,89232557,45.5,1.33,14.6,5.18,0.57,90.1,4.34
106500852,DOCTORS MEDICAL CENTER - MODESTO,2023,234172619,94415841,328588460,102470463,13236637,23848268,705641943,716428092,712972479,3455613,10786149,10435573,46.57,1.88,14.52,3.38,5.01,45.13,-7.82
106500852,DOCTORS MEDICAL CENTER - MODESTO,2024,232867871,99148168,332016039,99000625,9065540,6663263,752374576,729310154,724166982,5143172,-23064422,-23267673,44.13,1.2,13.16,0.89,1.04,-31.51,1.8
106500867,EMANUEL MEDICAL CENTER,2020,74025507,31518933,105544440,56120424,1709291,10334935,257829885,281751927,271292092,10459835,23922042,26186666,40.94,0.66,21.77,4.01,,,
106500867,EMANUEL MEDICAL CENTER,2021,74499661,31500888,106000549,60711826,1688539,12820838,272395270,321010844,319336841,1674003,48615574,51952738,38.91,0.62,22.29,4.71,0.43,-1.21,13.93
106500867,EMANUEL MEDICAL CENTER,2022,78544367,30434689,108979056,60107507,1799456,14055460,267134002,305498401,303216069,2282332,38364399,41650838,40.8,0.67,22.5,5.26,2.81,6.57,-4.83
106500867,EMANUEL MEDICAL CENTER,2023,83192110,32105854,115297964,66793523,2521776,12013813,282315149,323952007,322156457,1795550,41636858,44502693,40.84,0.89,23.66,4.26,5.8,40.14,6.04
106500867,EMANUEL MEDICAL CENTER,2024,84829827,34950481,119780308,75420259,2843144,7627724,309167610,347768140,344852041,2916099,38600530,42068167,38.74,0.92,24.39,2.47,3.89,12.74,7.35
106500939,MEMORIAL HOSPITAL MODESTO,2020,189859051,105582334,295441385,108929491,2822000,20903965,631154393,668381673,639184655,29197018,37227280,39375333,46.81,0.45,17.26,3.31,,,
106500939,MEMORIAL HOSPITAL MODESTO,2021,196124923,104919789,301044712,120461532,3007792,29738705,668732102,764232178,753535203,10696975,95500076,129689611,45.02,0.45,18.01,4.45,1.9,6.58,14.34
106500939,MEMORIAL HOSPITAL MODESTO,2022,204051905,97638602,301690507,124857522,2913288,27960176,704192954,772409848,763784273,8625575,68216894,56281454,42.84,0.41,17.73,3.97,0.21,-3.14,1.07
106500939,MEMORIAL HOSPITAL MODESTO,2023,225291728,111706520,336998248,132064114,3197711,39297900,761499519,839978390,830262744,9715646,78478871,120567157,44.25,0.42,17.34,5.16,11.7,9.76,8.75
106500939,MEMORIAL HOSPITAL MODESTO,2024,263940774,122271502,386212276,154182097,2651151,21056665,851359518,965375216,954332118,11043098,114015698,138382035,45.36,0.31,18.11,2.47,14.6,-17.09,14.93
106500954,CENTRAL VALLEY SPECIALTY HOSPITAL,2020,19364193,4682284,24046477,4957708,2306350,5482571,45815030,46391294,46030281,361013,576264,1633569,52.49,5.03,10.82,11.97,,,
106500954,CENTRAL VALLEY SPECIALTY HOSPITAL,2021,20775910,3801135,24577045,6133784,1690012,124909,51004395,53166835,51690122,1476713,2162440,7431140,48.19,3.31,12.03,0.24,2.21,-26.72,14.61
106500954,CENTRAL VALLEY SPECIALTY HOSPITAL,2022,22229038,3632597,25861635,5872532,728182,143727,51171123,51921149,51622756,298393,750026,2617757,50.54,1.42,11.48,0.28,5.23,-56.91,-2.34
106500954,CENTRAL VALLEY SPECIALTY HOSPITAL,2023,24125640,3004281,27129921,7162617,398760,334519,56554473,73276759,66265531,7011228,16722286,18306770,47.97,0.71,12.66,0.59,4.9,-45.24,41.13
106500954,CENTRAL VALLEY SPECIALTY HOSPITAL,2024,28661685,3082599,31744284,8076665,516336,360125,63060204,84459839,84308439,151400,21399635,23298254,50.34,0.82,12.81,0.57,17.01,29.49,15.26
106500967,OAK VALLEY HOSPITAL DISTRICT,2020,25591149,12259790,37850939,7337450,466366,2587343,73103267,72217795,66753986,5463809,-885472,4276087,51.78,0.64,10.04,3.54,,,
106500967,OAK VALLEY HOSPITAL DISTRICT,2021,25932062,13779401,39711463,7122644,530301,2671088,74819258,77034290,71784102,5250188,2215032,4140467,53.08,0.71,9.52,3.57,4.92,13.71,6.67
106500967,OAK VALLEY HOSPITAL DISTRICT,2022,24896084,13788678,38684762,8037651,522401,5651998,77027230,77701435,71009356,6692079,674205,3187342,50.22,0.68,10.43,7.34,-2.59,-1.49,0.87
106500967,OAK VALLEY HOSPITAL DISTRICT,2023,27904256,15466494,43370750,8402737,567674,4683931,82304900,85452539,72331771,13120768,3147639,6076769,52.7,0.69,10.21,5.69,12.11,8.67,9.98
106500967,OAK VALLEY HOSPITAL DISTRICT,2024,30153101,15475584,45628685,7354662,728168,4530193,83265773,90183960,77162372,13021588,6918187,10060767,54.8,0.87,8.83,5.44,5.21,28.27,5.54
106504038,STANISLAUS SURGICAL HOSPITAL,2020,9993439,4468767,14462206,6114673,75000,1523333,30118988,28814253,27995961,818292,-1304735,-1253482,48.02,0.25,20.3,5.06,,,
106504038,STANISLAUS SURGICAL HOSPITAL,2021,9760561,4946334,14706895,5377321,0,95748,28248550,27002651,26803300,199351,-1245899,-1207406,52.06,0.0,19.04,0.34,1.69,-100.0,-6.29
106504038,STANISLAUS SURGICAL HOSPITAL,2022,10189251,3793615,13982866,6363346,25000,1031469,29312654,24781641,24726710,54931,-4531013,-4424288,47.7,0.09,21.71,3.52,-4.92,,-8.23
106504038,STANISLAUS SURGICAL HOSPITAL,2023,12031908,3811388,15843296,7037838,25000,529618,32363675,28339972,28073899,266073,-4023703,-3878771,48.95,0.08,21.75,1.64,13.31,0.0,14.36
106504079,ENCOMPASS HEALTH REHABILITATION HOSPITAL OF MODESTO,2020,11560542,1981777,13542319,814548,72090,0,20669974,20341372,20310847,30525,-328602,-578404,65.52,0.35,3.94,0.0,,,
106504079,ENCOMPASS HEALTH REHABILITATION HOSPITAL OF MODESTO,2021,12259635,2225251,14484886,701326,135092,0,21635478,23250928,23207885,43043,1615450,1211470,66.95,0.62,3.24,0.0,6.96,87.39,14.3
106504079,ENCOMPASS HEALTH REHABILITATION HOSPITAL OF MODESTO,2022,13457467,2175355,15632822,668659,158977,0,22995346,23077897,23045896,32001,82551,135143,67.98,0.69,2.91,0.0,7.93,17.68,-0.74
106504079,ENCOMPASS HEALTH REHABILITATION HOSPITAL OF MODESTO,2023,17017821,2612897,19630718,695582,207096,0,27655230,28720007,28664081,55926,1064777,732076,70.98,0.75,2.52,0.0,25.57,30.27,24.45
106504079,ENCOMPASS HEALTH REHABILITATION HOSPITAL OF MODESTO,2024,17654164,2941479,20595643,1140541,247398,0,29360126,30822502,30754576,67926,1462376,1065059,70.15,0.84,3.88,0.0,4.92,19.46,7.32
106504081,TELECARE STANISLAUS COUNTY - PHF,2020,2136599,584424,2721023,119972,46685,990918,5347265,5619494,5619493,1,272229,271777,50.89,0.87,2.24,18.53,,,
106504081,TELECARE STANISLAUS COUNTY - PHF,2021,2298861,726417,3025278,128018,50989,888923,5428367,6072949,6072949,0,644582,644582,55.73,0.94,2.36,16.38,11.18,9.22,8.07
106504081,TELECARE STANISLAUS COUNTY - PHF,2022,2360675,799746,3160421,112946,54187,890577,5781366,6142557,6142557,0,361191,361191,54.67,0.94,1.95,15.4,4.47,6.27,1.15
106504081,TELECARE STANISLAUS COUNTY - PHF,2023,2651445,800903,3452348,154706,51461,904284,6105837,6142558,6142558,0,36721,36721,56.54,0.84,2.53,14.81,9.24,-5.03,0.0
106504081,TELECARE STANISLAUS COUNTY - PHF,2024,2641287,749456,3390743,169538,56569,957101,6166412,7022394,7022394,0,855982,855982,54.99,0.92,2.75,15.52,-1.78,9.93,14.32
106514001,SUTTER - YUBA - PHF,2020,0,0,0,0,0,0,6896250,6896250,3422464,3473786,0,0,0.0,0.0,0.0,0.0,,,
106514001,SUTTER - YUBA - PHF,2021,0,0,0,0,0,0,7214193,7214193,1961582,5252611,0,0,0.0,0.0,0.0,0.0,,,4.61
106514001,SUTTER - YUBA - PHF,2022,0,0,0,0,0,0,6680492,6680492,1966432,4714060,0,0,0.0,0.0,0.0,0.0,,,-7.4
106514001,SUTTER - YUBA - PHF,2023,0,0,0,0,0,0,6826013,6826013,3069820,3756193,0,0,0.0,0.0,0.0,0.0,,,2.18
106514001,SUTTER - YUBA - PHF,2024,0,0,0,0,0,0,7397189,7397189,2782744,4614445,0,0,0.0,0.0,0.0,0.0,,,8.37
106514005,STABLER LANE BEHAVIORAL HEALTH - PHF,2021,0,0,0,0,0,0,3924259,3928400,3928400,0,4141,211,0.0,0.0,0.0,0.0,,,
106514005,STABLER LANE BEHAVIORAL HEALTH - PHF,2022,0,0,0,0,0,0,5401132,5405270,5405270,0,4138,225,0.0,0.0,0.0,0.0,,,37.59
106514005,STABLER LANE BEHAVIORAL HEALTH - PHF,2023,0,0,0,0,0,0,5705232,5709652,5709652,0,4420,923,0.0,0.0,0.0,0.0,,,5.63
106514005,STABLER LANE BEHAVIORAL HEALTH - PHF,2024,2149727,387680,2537407,213596,0,2518820,6115934,6123220,6123220,0,7286,4801,41.49,0.0,3.49,41.18,,,7.24
106514030,SUTTER SURGICAL HOSPITAL - NORTH VALLEY,2020,7563761,3061270,10625031,8901631,16971,929790,40169876,40604902,30101455,10503447,435026,3193303,26.45,0.04,22.16,2.31,,,
106514030,SUTTER SURGICAL HOSPITAL - NORTH VALLEY,2021,7421894,2921914,10343808,11513457,22638,1309930,46083832,44591292,33966397,10624895,-1492540,579744,22.45,0.05,24.98,2.84,-2.65,33.39,9.82
106514030,SUTTER SURGICAL HOSPITAL - NORTH VALLEY,2022,7497606,3005472,10503078,8635280,24292,1189494,42840062,41592196,31152065,10440131,-1247866,-1975916,24.52,0.06,20.16,2.78,1.54,7.31,-6.73
106514030,SUTTER SURGICAL HOSPITAL - NORTH VALLEY,2023,9016589,3699183,12715772,9913350,22809,570356,50196092,47459562,35038588,12420974,-2736530,-866681,25.33,0.05,19.75,1.14,21.07,-6.1,14.11
106514030,SUTTER SURGICAL HOSPITAL - NORTH VALLEY,2024,9576442,4154330,13730772,10421441,52155,443248,51245396,52900393,39324019,13576374,1654997,2737919,26.79,0.1,20.34,0.86,7.98,128.66,11.46
106514033,NORTH VALLEY BEHAVIORAL HEALTH - PHF,2020,0,0,0,0,0,0,5151120,5160140,5160140,0,9020,3642,0.0,0.0,0.0,0.0,,,
106514033,NORTH VALLEY BEHAVIORAL HEALTH - PHF,2021,0,0,0,0,0,0,5234989,5239400,5239400,0,4411,367762,0.0,0.0,0.0,0.0,,,1.54
106514033,NORTH VALLEY BEHAVIORAL HEALTH - PHF,2022,0,0,0,0,0,0,5422878,5426790,5426790,0,3912,-114527,0.0,0.0,0.0,0.0,,,3.58
106514033,NORTH VALLEY BEHAVIORAL HEALTH - PHF,2023,0,0,0,0,0,0,5713592,5718544,5718544,0,4952,812,0.0,0.0,0.0,0.0,,,5.38
106514033,NORTH VALLEY BEHAVIORAL HEALTH - PHF,2024,2339522,396054,2735576,196951,0,2015707,6138634,6144320,6144320,0,5686,2114,44.56,0.0,3.21,32.84,,,7.45
106521041,ST. ELIZABETH COMMUNITY HOSPITAL,2020,39994233,21871093,61865326,11515389,435366,2199189,136488756,145550976,140815719,4735257,9062220,29435391,45.33,0.32,8.44,1.61,,,
106521041,ST. ELIZABETH COMMUNITY HOSPITAL,2021,43389169,23123118,66512287,13669573,779789,4389787,144773950,163478730,159640266,3838464,18704780,66418684,45.94,0.54,9.44,3.03,7.51,79.11,12.32
106521041,ST. ELIZABETH COMMUNITY HOSPITAL,2022,47092302,25444071,72536373,15377714,466845,11086349,158602170,166991804,161646386,5345418,8389634,2049621,45.73,0.29,9.7,6.99,9.06,-40.13,2.15
106521041,ST. ELIZABETH COMMUNITY HOSPITAL,2023,46540174,25819850,72360024,13578892,750349,5321013,153482257,162982456,159178754,3803702,9500199,18408784,47.15,0.49,8.85,3.47,-0.24,60.73,-2.4
106521041,ST. ELIZABETH COMMUNITY HOSPITAL,2024,50283019,27312885,77595904,14149242,874934,4793369,159592621,182004441,181283500,720941,22411820,48152183,48.62,0.55,8.87,3.0,7.24,16.6,11.67
106524017,RESTPADD RED BLUFF PSYCHIATRIC HEALTH FACILITY,2020,2592850,299835,2892685,45726,0,389308,4277021,4955345,4955345,0,678324,1060232,67.63,0.0,1.07,9.1,,,
106524017,RESTPADD RED BLUFF PSYCHIATRIC HEALTH FACILITY,2021,2267484,449003,2716487,38524,29527,77452,4162368,4144655,4144655,0,-17713,287,65.26,0.71,0.93,1.86,-6.09,,-16.36
106524017,RESTPADD RED BLUFF PSYCHIATRIC HEALTH FACILITY,2022,2628663,747376,3376039,48071,41663,31700,4755389,5463334,5463334,0,707945,1877252,70.99,0.88,1.01,0.67,24.28,41.1,31.82
106524017,RESTPADD RED BLUFF PSYCHIATRIC HEALTH FACILITY,2023,3204192,688370,3892562,163425,42961,57787,5288577,6085404,6085404,0,796827,693965,73.6,0.81,3.09,1.09,15.3,3.12,11.39
106524017,RESTPADD RED BLUFF PSYCHIATRIC HEALTH FACILITY,2024,2771036,1489444,4260480,266242,76341,47425,5714540,6582366,6582366,0,867826,954216,74.56,1.34,4.66,0.83,9.45,77.7,8.17
106531059,TRINITY HOSPITAL,2020,9479197,2263419,11742616,2120200,139083,1723182,19955944,26407114,25055630,1351484,6451170,8413326,58.84,0.7,10.62,8.63,,,
106531059,TRINITY HOSPITAL,2021,9986570,3087456,13074026,2365181,142493,1586439,21834813,33458238,29206460,4251778,11623425,11739418,59.88,0.65,10.83,7.27,11.34,2.45,26.7
106531059,TRINITY HOSPITAL,2022,12008523,3741778,15750301,2445877,159554,1862039,25099506,26373236,25290832,1082404,1273730,1460849,62.75,0.64,9.74,7.42,20.47,11.97,-21.18
106531059,TRINITY HOSPITAL,2023,14669727,4654838,19324565,2327907,178854,2070969,29150703,34691619,33116754,1574865,5540916,5854586,66.29,0.61,7.99,7.1,22.69,12.1,31.54
106531059,TRINITY HOSPITAL,2024,16274624,5026289,21300913,2559706,189717,1868053,31374895,36918380,36524648,393732,5543485,5785294,67.89,0.6,8.16,5.95,10.23,6.07,6.42
106540734,KAWEAH DELTA MEDICAL CENTER,2020,268518761,102891319,371410080,137993341,1070276,14243389,713856808,698446225,637830102,60616123,-15410583,2814326,52.03,0.15,19.33,2.0,,,
106540734,KAWEAH DELTA MEDICAL CENTER,2021,284018081,87436427,371454508,148780261,1204797,15434011,742087502,749809318,663219856,86589462,7721816,19224794,50.06,0.16,20.05,2.08,0.01,12.57,7.35
106540734,KAWEAH DELTA MEDICAL CENTER,2022,303750762,99830970,403581732,149307545,2937250,47075038,828065662,812430298,731039959,81390339,-15635364,-17652611,48.74,0.35,18.03,5.68,8.65,143.8,8.35
106540734,KAWEAH DELTA MEDICAL CENTER,2023,293142991,109956131,403099122,150861833,7221491,52984915,849918523,794340617,732729152,61611465,-55577906,-44126906,47.43,0.85,17.75,6.23,-0.12,145.86,-2.23
106540734,KAWEAH DELTA MEDICAL CENTER,2024,350791175,72873683,423664858,163090724,4223306,25320374,857302673,848829167,788177748,60651419,-8473506,21356827,49.42,0.49,19.02,2.95,5.1,-41.52,6.86
106540798,SIERRA VIEW MEDICAL CENTER,2020,63379949,16400098,79780047,22445099,675900,6204660,151279504,148546648,147707342,839306,-2732856,6607383,52.74,0.45,14.84,4.1,,,
106540798,SIERRA VIEW MEDICAL CENTER,2021,56113139,22589274,78702413,24838247,545675,3829339,151117989,142842444,135710351,7132093,-8275545,-2291229,52.08,0.36,16.44,2.53,-1.35,-19.27,-3.84
106540798,SIERRA VIEW MEDICAL CENTER,2022,56832806,24229185,81061991,24115488,556423,20553464,170176441,159608611,154472339,5136272,-10567830,-4239573,47.63,0.33,14.17,12.08,3.0,1.97,11.74
106540798,SIERRA VIEW MEDICAL CENTER,2023,63052061,24589044,87641105,24359518,778058,10875147,172052571,154671447,146077814,8593633,-17381124,-13692570,50.94,0.45,14.16,6.32,8.12,39.83,-3.09
106540798,SIERRA VIEW MEDICAL CENTER,2024,67294805,26533718,93828523,24875843,866323,3577055,172164932,160640981,156856136,3784845,-11523951,3250620,54.5,0.5,14.45,2.08,7.06,11.34,3.86
106540816,ADVENTIST HEALTH TULARE,2020,18248777,6644755,24893532,7379999,130416,1092988,65461064,63845788,62196961,1648827,-1615276,-1643493,38.03,0.2,11.27,1.67,,,
106540816,ADVENTIST HEALTH TULARE,2021,20936018,7508217,28444235,9604024,93706,3831920,83341990,35366858,33864659,1502199,-47975132,-47978825,34.13,0.11,11.52,4.6,14.26,-28.15,-44.61
106540816,ADVENTIST HEALTH TULARE,2022,25430852,5646678,31077530,10203004,253753,6149894,89798800,51846128,49615389,2230739,-37952672,-37952495,34.61,0.28,11.36,6.85,9.26,170.8,46.6
106540816,ADVENTIST HEALTH TULARE,2023,30325977,9367445,39693422,10089686,269575,2142702,96960973,66973415,59163519,7809896,-29987558,-29986645,40.94,0.28,10.41,2.21,27.72,6.24,29.18
106540816,ADVENTIST HEALTH TULARE,2024,32186655,7955811,40142466,12848882,706095,1203969,104660950,83730507,76075744,7654763,-20930443,-20928360,38.35,0.67,12.28,1.15,1.13,161.93,25.02
106541123,PORTERVILLE STATE HOSPITAL,2020,0,0,0,0,0,0,166094535,165382638,165382638,0,-711897,0,0.0,0.0,0.0,0.0,,,
106541123,PORTERVILLE STATE HOSPITAL,2021,0,0,0,0,0,0,196670720,196652105,196652105,0,-18615,0,0.0,0.0,0.0,0.0,,,18.91
106541123,PORTERVILLE STATE HOSPITAL,2022,0,0,0,0,0,0,176657904,176614653,176614653,0,-43251,0,0.0,0.0,0.0,0.0,,,-10.19
106541123,PORTERVILLE STATE HOSPITAL,2023,0,0,0,0,0,0,196904952,196879658,196879658,0,-25294,0,0.0,0.0,0.0,0.0,,,11.47
106541123,PORTERVILLE STATE HOSPITAL,2024,0,0,0,0,0,0,198309426,198292303,198292303,0,-17123,0,0.0,0.0,0.0,0.0,,,0.72
106554011,ADVENTIST HEALTH SONORA - GREENLEY,2020,66419496,32255528,98675024,45204535,477718,1310683,254870898,271949744,254559972,17389772,17078846,22723168,38.72,0.19,17.74,0.51,,,
106554011,ADVENTIST HEALTH SONORA - GREENLEY,2021,69784201,31482114,101266315,49263385,600462,5020234,276524916,306151032,289796631,16354401,29626116,37495814,36.62,0.22,17.82,1.82,2.63,25.69,12.58
106554011,ADVENTIST HEALTH SONORA - GREENLEY,2022,77696879,35338814,113035693,49828288,782188,8782574,302405081,282448667,280088727,2359940,-19956414,-24718601,37.38,0.26,16.48,2.9,11.62,30.26,-7.74
106554011,ADVENTIST HEALTH SONORA - GREENLEY,2023,87393430,51650561,139043991,51756498,563583,7525985,318820156,307675306,304215142,3460164,-11144850,12887908,43.61,0.18,16.23,2.36,23.01,-27.95,8.93
106554011,ADVENTIST HEALTH SONORA - GREENLEY,2024,105915023,39422707,145337730,55094384,1012876,7392006,335535894,344495670,327880035,16615635,8959776,16063144,43.32,0.3,16.42,2.2,4.53,79.72,11.97
106560203,AURORA VISTA DEL MAR HOSPITAL,2020,9026363,2022899,11049262,807092,119729,589661,22028906,23182431,17791976,5390455,1153525,1153525,50.16,0.54,3.66,2.68,,,
106560203,AURORA VISTA DEL MAR HOSPITAL,2021,8802653,1281397,10084050,292008,139308,2845267,22647467,20429288,17877486,2551802,-2218179,-2128988,44.53,0.62,1.29,12.56,-8.74,16.35,-11.88
106560203,AURORA VISTA DEL MAR HOSPITAL,2022,7139245,1492276,8631521,549424,133542,3338134,22493966,17862514,13779254,4083260,-4631452,-4631453,38.37,0.59,2.44,14.84,-14.4,-4.14,-12.56
106560203,AURORA VISTA DEL MAR HOSPITAL,2023,8065421,1983054,10048475,582472,305497,4379948,25006766,14482823,14374669,108154,-10523943,-10523938,40.18,1.22,2.33,17.52,16.42,128.76,-18.92
106560203,AURORA VISTA DEL MAR HOSPITAL,2024,7800347,1380236,9180583,374245,465739,8107284,27323696,8022271,8009255,13016,-19301425,-19301423,33.6,1.7,1.37,29.67,-8.64,52.45,-44.61
106560473,COMMUNITY MEMORIAL HOSPITAL OF SAN BUENAVENTURA,2020,156161309,73528243,229689552,80741768,2454689,16711281,481736989,457327561,437878303,19449258,-24409428,-13786809,47.68,0.51,16.76,3.47,,,
106560473,COMMUNITY MEMORIAL HOSPITAL OF SAN BUENAVENTURA,2021,164126206,77489322,241615528,91774126,2534913,18398728,497358425,483008192,475408026,7600166,-14350233,-22997757,48.58,0.51,18.45,3.7,5.19,3.27,5.62
106560473,COMMUNITY MEMORIAL HOSPITAL OF SAN BUENAVENTURA,2022,183156717,79489892,262646609,96307765,3702917,24219178,535877459,506784906,498482480,8302426,-29092553,-43219042,49.01,0.69,17.97,4.52,8.7,46.08,4.92
106560473,COMMUNITY MEMORIAL HOSPITAL OF SAN BUENAVENTURA,2023,198007062,84624287,282631349,106331555,4015514,13984762,566334026,570602256,552089410,18512846,4268230,14646979,49.91,0.71,18.78,2.47,7.61,8.44,12.59
106560473,COMMUNITY MEMORIAL HOSPITAL OF SAN BUENAVENTURA,2024,214922690,88166995,303089685,109330997,5100445,8451358,592555384,620490571,585932798,34557773,27935187,35209941,51.15,0.86,18.45,1.43,7.24,27.02,8.74
106560481,VENTURA COUNTY MEDICAL CENTER,2020,111220153,62863657,174083810,51800403,2291538,12281055,386625430,351587456,304206343,47381113,-35037974,-6829942,45.03,0.59,13.4,3.18,,,
106560481,VENTURA COUNTY MEDICAL CENTER,2021,126505127,67080296,193585423,61545038,2526385,20889018,424851099,426011508,423155618,2855890,1160409,33426159,45.57,0.59,14.49,4.92,11.2,10.25,21.17
106560481,VENTURA COUNTY MEDICAL CENTER,2022,132146466,74428752,206575218,58736961,2691681,30169303,450056822,430276523,429504269,772254,-19780299,19685909,45.9,0.6,13.05,6.7,6.71,6.54,1.0
106560481,VENTURA COUNTY MEDICAL CENTER,2023,149524761,74985347,224510108,70218201,2808135,44167488,511640364,449230057,441540593,7689464,-62410307,-25342593,43.88,0.55,13.72,8.63,8.68,4.33,4.4
106560481,VENTURA COUNTY MEDICAL CENTER,2024,157692796,81642870,239335666,77850976,2917964,38818475,547314357,523875639,516754659,7120980,-23438718,17590760,43.73,0.53,14.22,7.09,6.6,3.91,16.62
106560492,LOS ROBLES HOSPITAL AND MEDICAL CENTER,2020,118749205,65851389,184600594,76804607,4069455,17607976,412152080,492668407,488440944,4227463,80516327,62287165,44.79,0.99,18.64,4.27,,,
106560492,LOS ROBLES HOSPITAL AND MEDICAL CENTER,2021,130101043,70020776,200121819,74320021,4183421,12663840,424704476,533081122,528708441,4372681,108376646,83534203,47.12,0.99,17.5,2.98,8.41,2.8,8.2
106560492,LOS ROBLES HOSPITAL AND MEDICAL CENTER,2022,132109108,70321061,202430169,75023814,4844180,21464689,457778144,559578056,552919589,6658467,101799912,95523897,44.22,1.06,16.39,4.69,1.15,15.79,4.97
106560492,LOS ROBLES HOSPITAL AND MEDICAL CENTER,2023,136618028,72973104,209591132,80034234,4872123,19980555,469749642,671832256,665934704,5897552,202082614,187502469,44.62,1.04,17.04,4.25,3.54,0.58,20.06
106560492,LOS ROBLES HOSPITAL AND MEDICAL CENTER,2024,157815392,82205106,240020498,86789673,0,20810228,542951897,637784786,631076151,6708635,94832889,114694820,44.21,0.0,15.98,3.83,14.52,-100.0,-5.07
106560501,OJAI VALLEY COMMUNITY HOSPITAL,2020,17489303,8032423,25521726,3987449,76258,1236409,40859176,37468678,32399525,5069153,-3390498,-3014358,62.46,0.19,9.76,3.03,,,
106560501,OJAI VALLEY COMMUNITY HOSPITAL,2021,19277025,8654369,27931394,3886957,186529,2056797,45855715,36191065,35445008,746057,-9664650,-9383947,60.91,0.41,8.48,4.49,9.44,144.6,-3.41
106560501,OJAI VALLEY COMMUNITY HOSPITAL,2022,21912649,9566091,31478740,3843371,350192,1916927,50697228,41804411,41042374,762037,-8892817,-8772180,62.09,0.69,7.58,3.78,12.7,87.74,15.51
106560501,COMMUNITY MEMORIAL HOSPITAL - OJAI,2023,23042543,8633335,31675878,3659180,731957,1799999,52427192,43015757,42432846,582911,-9411435,-8716008,60.42,1.4,6.98,3.43,0.63,109.02,2.9
106560501,COMMUNITY MEMORIAL HOSPITAL - OJAI,2024,24531289,9633868,34165157,4107288,61287,1617276,54103628,44874207,44529233,344974,-9229421,-7870822,63.15,0.11,7.59,2.99,7.86,-91.63,4.32
106560525,ADVENTIST HEALTH SIMI VALLEY,2020,51087955,20772947,71860902,23740496,525221,3478705,171372675,169365969,158633103,10732866,-2006706,-1477603,41.93,0.31,13.85,2.03,,,
106560525,ADVENTIST HEALTH SIMI VALLEY,2021,59215151,23414511,82629662,29756625,682010,11107595,197986093,194351272,192613409,1737863,-3634821,-3538891,41.74,0.34,15.03,5.61,14.99,29.85,14.75
106560525,ADVENTIST HEALTH SIMI VALLEY,2022,67312133,26928007,94240140,31080580,810841,5936540,211970174,198270954,196742910,1528044,-13699220,-16278497,44.46,0.38,14.66,2.8,14.05,18.89,2.02
106560525,ADVENTIST HEALTH SIMI VALLEY,2023,72016723,27723977,99740700,29697026,763100,5255230,221298114,209456294,206000687,3455607,-11841820,-14164371,45.07,0.34,13.42,2.37,5.84,-5.89,5.64
106560525,ADVENTIST HEALTH SIMI VALLEY,2024,75085353,30854181,105939534,30171609,1381795,4395523,233720744,215376232,214002519,1373713,-18344512,-24944175,45.33,0.59,12.91,1.88,6.21,81.08,2.83
106560529,ST. JOHN'S REGIONAL MEDICAL CENTER,2020,120396944,59627000,180023944,64875261,1767656,16039182,424725370,412460939,401077028,11383911,-12264431,68866403,42.39,0.42,15.27,3.78,,,
106560529,ST. JOHN'S REGIONAL MEDICAL CENTER,2021,153878691,78653648,232532339,77369141,4287457,24373809,529046243,505684658,484215254,21469404,-23361585,-13950778,43.95,0.81,14.62,4.61,29.17,142.55,22.6
106560529,ST. JOHN'S REGIONAL MEDICAL CENTER,2022,156227193,77028266,233255459,87254092,2231536,27638244,531557333,492153084,488062730,4090354,-39404249,-29718193,43.88,0.42,16.41,5.2,0.31,-47.95,-2.68
106560529,ST. JOHN'S REGIONAL MEDICAL CENTER,2023,168176871,89048885,257225756,109316618,4251822,33631646,618427475,571016217,553389226,17626991,-47411258,-40709754,41.59,0.69,17.68,5.44,10.28,90.53,16.02
106560529,ST. JOHN'S REGIONAL MEDICAL CENTER,2024,181769359,87395348,269164707,105934606,4388341,32007306,653156083,650283024,647332483,2950541,-2873059,4657193,41.21,0.67,16.22,4.9,4.64,3.21,13.88
106571086,WOODLAND MEMORIAL HOSPITAL,2020,60117707,31916558,92034265,27471682,3283950,5122820,208497555,202809740,198021756,4787984,-5687815,39257370,44.14,1.58,13.18,2.46,,,
106571086,WOODLAND MEMORIAL HOSPITAL,2021,63017366,34730904,97748270,27798234,2929502,4805641,211300455,214390509,205845342,8545167,3090054,4936632,46.26,1.39,13.16,2.27,6.21,-10.79,5.71
106571086,WOODLAND MEMORIAL HOSPITAL,2022,65060671,34832619,99893290,30819373,1527362,5290748,208290267,211220551,209223922,1996629,2930284,5407064,47.96,0.73,14.8,2.54,2.19,-47.86,-1.48
106571086,WOODLAND MEMORIAL HOSPITAL,2023,65912218,34853996,100766214,32913706,2084211,4268312,222185814,221705394,216582582,5122812,-480420,1831839,45.35,0.94,14.81,1.92,0.87,36.46,4.96
106571086,WOODLAND MEMORIAL HOSPITAL,2024,67574341,33683289,101257630,31935619,1682382,6633658,231177312,240198542,239547721,650821,9021230,10781230,43.8,0.73,13.81,2.87,0.49,-19.28,8.34
106574010,SUTTER DAVIS HOSPITAL,2020,42910741,21837525,64748266,21730311,1017782,1126115,138241460,144064881,140083977,3980904,5823421,6499667,46.84,0.74,15.72,0.81,,,
106574010,SUTTER DAVIS HOSPITAL,2021,45827995,23018440,68846435,22455796,1031460,1682035,143371670,162166536,161405590,760946,18794866,26367601,48.02,0.72,15.66,1.17,6.33,1.34,12.56
106574010,SUTTER DAVIS HOSPITAL,2022,46976076,21287990,68264066,24050209,1011153,5751354,154829686,177658178,176923801,734377,22828492,20524610,44.09,0.65,15.53,3.71,-0.85,-1.97,9.55
106574010,SUTTER DAVIS HOSPITAL,2023,53645770,23538291,77184061,21369263,1014657,3858391,164456431,189528244,188641950,886294,25071813,32827105,46.93,0.62,12.99,2.35,13.07,0.35,6.68
106574010,SUTTER DAVIS HOSPITAL,2024,62357091,27073430,89430521,17457701,894167,3790476,180053734,207662550,206540159,1122391,27608816,31666257,49.67,0.5,9.7,2.11,15.87,-11.87,9.57
106580996,ADVENTIST HEALTH AND RIDEOUT,2020,131905458,54932365,186837823,64938778,525462,9731819,452573685,439831196,405614455,34216741,-12742489,-37451634,41.28,0.12,14.35,2.15,,,
106580996,ADVENTIST HEALTH AND RIDEOUT,2021,128182424,63350203,191532627,78678013,1022423,34012258,518870670,450759625,442709734,8049891,-68111045,-86634794,36.91,0.2,15.16,6.56,2.51,94.58,2.48
106580996,ADVENTIST HEALTH AND RIDEOUT,2022,157799434,51671593,209471027,65378572,1366802,11975985,473152071,448045985,436063510,11982475,-25106086,-52444792,44.27,0.29,13.82,2.53,9.37,33.68,-0.6
106580996,ADVENTIST HEALTH AND RIDEOUT,2023,171254661,53483312,224737973,67504327,1257195,9638300,507537935,493772397,471713407,22058990,-13765538,-33301738,44.28,0.25,13.3,1.9,7.29,-8.02,10.21
106580996,ADVENTIST HEALTH AND RIDEOUT,2024,180714443,59700768,240415211,70780952,1811007,4087808,525727742,495639491,483047330,12592161,-30088251,-48743941,45.73,0.34,13.46,0.78,6.98,44.05,0.38
